zeit_s,enc1_s1,enc1_s2,enc2_s1,enc2_s2
0.000,252.0,343.0,731.0,698.0
0.006,247.0,352.0,731.0,717.0
0.013,242.0,360.0,730.0,735.0
0.019,239.0,369.0,728.0,750.0
0.026,236.0,379.0,724.0,766.0
0.032,234.0,390.0,719.0,780.0
0.038,232.0,402.0,712.0,793.0
0.045,231.0,411.0,705.0,804.0
0.051,230.0,424.0,695.0,814.0
0.057,230.0,437.0,683.0,824.0
0.063,230.0,450.0,673.0,830.0
0.070,231.0,464.0,663.0,834.0
0.077,232.0,476.0,654.0,835.0
0.083,235.0,491.0,643.0,838.0
0.089,238.0,506.0,630.0,840.0
0.095,241.0,520.0,615.0,840.0
0.101,245.0,536.0,599.0,841.0
0.108,251.0,550.0,584.0,840.0
0.115,257.0,565.0,567.0,841.0
0.121,263.0,579.0,553.0,841.0
0.127,268.0,595.0,533.0,840.0
0.133,280.0,609.0,515.0,838.0
0.140,289.0,623.0,497.0,837.0
0.146,298.0,634.0,481.0,833.0
0.152,303.0,647.0,465.0,828.0
0.159,316.0,660.0,446.0,822.0
0.165,329.0,670.0,427.0,814.0
0.172,340.0,681.0,409.0,803.0
0.178,349.0,691.0,393.0,790.0
0.184,365.0,701.0,377.0,775.0
0.190,380.0,709.0,362.0,759.0
0.197,392.0,716.0,347.0,742.0
0.203,409.0,723.0,334.0,723.0
0.210,424.0,729.0,322.0,703.0
0.216,438.0,734.0,312.0,681.0
0.222,453.0,738.0,302.0,657.0
0.228,471.0,743.0,293.0,635.0
0.234,484.0,747.0,287.0,611.0
0.242,498.0,749.0,279.0,587.0
0.248,508.0,751.0,273.0,562.0
0.254,523.0,754.0,268.0,538.0
0.260,541.0,755.0,263.0,512.0
0.266,556.0,756.0,259.0,485.0
0.273,568.0,756.0,257.0,459.0
0.279,580.0,756.0,254.0,434.0
0.286,592.0,755.0,252.0,411.0
0.292,606.0,753.0,253.0,387.0
0.298,615.0,752.0,251.0,365.0
0.305,626.0,749.0,251.0,345.0
0.311,638.0,746.0,252.0,328.0
0.317,647.0,741.0,254.0,307.0
0.323,655.0,736.0,257.0,288.0
0.330,664.0,731.0,262.0,270.0
0.337,674.0,725.0,265.0,256.0
0.343,680.0,718.0,272.0,243.0
0.349,685.0,709.0,280.0,230.0
0.355,692.0,701.0,288.0,220.0
0.361,698.0,691.0,300.0,211.0
0.369,701.0,681.0,307.0,208.0
0.375,706.0,669.0,317.0,205.0
0.381,708.0,658.0,327.0,203.0
0.387,712.0,645.0,342.0,201.0
0.393,714.0,634.0,353.0,201.0
0.400,715.0,619.0,367.0,199.0
0.406,717.0,607.0,382.0,199.0
0.413,717.0,592.0,398.0,198.0
0.419,718.0,577.0,410.0,198.0
0.425,717.0,564.0,427.0,200.0
0.432,716.0,547.0,449.0,199.0
0.438,715.0,534.0,471.0,200.0
0.444,712.0,519.0,497.0,201.0
0.450,709.0,505.0,517.0,203.0
0.457,707.0,490.0,536.0,205.0
0.464,704.0,475.0,553.0,210.0
0.470,700.0,460.0,570.0,216.0
0.476,695.0,446.0,584.0,226.0
0.482,690.0,431.0,597.0,236.0
0.488,683.0,418.0,611.0,247.0
0.494,678.0,404.0,626.0,260.0
0.502,671.0,391.0,640.0,277.0
0.508,664.0,378.0,656.0,292.0
0.514,656.0,367.0,673.0,309.0
0.520,649.0,354.0,685.0,329.0
0.526,639.0,344.0,695.0,350.0
0.533,630.0,332.0,706.0,372.0
0.540,621.0,322.0,713.0,394.0
0.546,613.0,313.0,722.0,416.0
0.552,602.0,304.0,729.0,439.0
0.558,594.0,295.0,734.0,460.0
0.565,582.0,285.0,739.0,483.0
0.571,571.0,279.0,742.0,508.0
0.577,561.0,272.0,747.0,533.0
0.584,549.0,267.0,750.0,558.0
0.590,538.0,261.0,756.0,583.0
0.597,524.0,257.0,758.0,608.0
0.603,515.0,253.0,759.0,632.0
0.609,502.0,249.0,760.0,655.0
0.615,495.0,248.0,760.0,674.0
0.621,482.0,243.0,759.0,692.0
0.629,470.0,241.0,756.0,709.0
0.635,459.0,239.0,755.0,723.0
0.641,447.0,237.0,752.0,736.0
0.647,437.0,237.0,748.0,749.0
0.653,428.0,236.0,740.0,762.0
0.660,419.0,236.0,730.0,773.0
0.667,408.0,237.0,726.0,783.0
0.673,399.0,237.0,717.0,792.0
0.679,387.0,237.0,710.0,799.0
0.685,380.0,240.0,693.0,807.0
0.692,373.0,242.0,675.0,814.0
0.698,364.0,244.0,655.0,819.0
0.704,354.0,247.0,638.0,822.0
0.711,345.0,249.0,624.0,824.0
0.717,340.0,254.0,610.0,825.0
0.724,333.0,258.0,598.0,825.0
0.730,329.0,264.0,585.0,826.0
0.736,323.0,268.0,581.0,823.0
0.742,318.0,276.0,572.0,821.0
0.748,314.0,281.0,553.0,818.0
0.756,309.0,290.0,534.0,814.0
0.762,305.0,297.0,515.0,813.0
0.768,303.0,306.0,496.0,808.0
0.774,300.0,316.0,476.0,804.0
0.780,297.0,324.0,452.0,800.0
0.787,293.0,335.0,427.0,795.0
0.794,294.0,345.0,405.0,791.0
0.800,291.0,356.0,391.0,782.0
0.806,292.0,367.0,379.0,770.0
0.812,290.0,378.0,364.0,761.0
0.819,291.0,389.0,353.0,747.0
0.825,293.0,401.0,351.0,724.0
0.831,293.0,413.0,339.0,705.0
0.838,296.0,424.0,324.0,690.0
0.844,297.0,437.0,311.0,671.0
0.851,302.0,448.0,301.0,652.0
0.857,304.0,461.0,289.0,637.0
0.863,307.0,473.0,277.0,624.0
0.869,312.0,483.0,265.0,617.0
0.875,317.0,495.0,257.0,603.0
0.883,322.0,508.0,253.0,582.0
0.889,329.0,520.0,247.0,563.0
0.895,335.0,530.0,245.0,540.0
0.901,346.0,541.0,242.0,519.0
0.907,354.0,554.0,239.0,500.0
0.914,364.0,564.0,236.0,479.0
0.920,374.0,575.0,232.0,457.0
0.927,387.0,586.0,229.0,435.0
0.933,395.0,596.0,227.0,413.0
0.939,407.0,606.0,229.0,391.0
0.946,421.0,615.0,229.0,373.0
0.952,435.0,624.0,229.0,360.0
0.958,450.0,631.0,228.0,347.0
0.965,463.0,638.0,231.0,333.0
0.971,476.0,643.0,233.0,319.0
0.978,492.0,651.0,235.0,306.0
0.984,510.0,656.0,240.0,293.0
0.990,524.0,660.0,243.0,282.0
0.996,542.0,665.0,249.0,271.0
1.002,558.0,668.0,253.0,262.0
1.010,574.0,670.0,261.0,253.0
1.016,590.0,673.0,270.0,244.0
1.022,607.0,675.0,278.0,237.0
1.028,622.0,676.0,288.0,230.0
1.034,636.0,676.0,300.0,226.0
1.041,650.0,676.0,310.0,223.0
1.047,666.0,676.0,326.0,219.0
1.054,681.0,674.0,338.0,218.0
1.060,691.0,673.0,353.0,216.0
1.066,703.0,671.0,366.0,216.0
1.073,715.0,667.0,381.0,216.0
1.079,725.0,665.0,394.0,217.0
1.085,733.0,661.0,411.0,217.0
1.091,741.0,656.0,428.0,220.0
1.098,752.0,652.0,440.0,223.0
1.105,760.0,647.0,456.0,229.0
1.111,765.0,640.0,473.0,236.0
1.117,771.0,633.0,489.0,244.0
1.123,778.0,627.0,513.0,250.0
1.129,782.0,621.0,538.0,256.0
1.137,785.0,612.0,557.0,264.0
1.143,790.0,605.0,575.0,273.0
1.149,792.0,597.0,590.0,287.0
1.155,793.0,587.0,602.0,298.0
1.161,795.0,578.0,614.0,312.0
1.167,797.0,569.0,627.0,326.0
1.174,797.0,560.0,640.0,343.0
1.181,797.0,548.0,653.0,361.0
1.187,796.0,538.0,664.0,383.0
1.193,795.0,529.0,677.0,405.0
1.199,793.0,519.0,688.0,429.0
1.206,791.0,507.0,696.0,454.0
1.212,788.0,496.0,704.0,478.0
1.218,785.0,487.0,710.0,504.0
1.225,780.0,476.0,715.0,527.0
1.231,776.0,464.0,720.0,549.0
1.238,770.0,453.0,723.0,572.0
1.244,763.0,442.0,727.0,594.0
1.250,757.0,433.0,730.0,615.0
1.256,749.0,422.0,731.0,635.0
1.262,741.0,412.0,732.0,656.0
1.270,730.0,401.0,732.0,678.0
1.276,719.0,391.0,731.0,698.0
1.282,710.0,382.0,730.0,716.0
1.288,696.0,374.0,729.0,734.0
1.294,684.0,364.0,727.0,750.0
1.301,672.0,356.0,724.0,764.0
1.308,659.0,348.0,719.0,777.0
1.314,644.0,341.0,714.0,790.0
1.320,627.0,334.0,708.0,802.0
1.326,611.0,326.0,698.0,811.0
1.333,591.0,320.0,687.0,822.0
1.339,573.0,315.0,674.0,830.0
1.345,556.0,310.0,664.0,833.0
1.352,542.0,306.0,655.0,836.0
1.358,524.0,303.0,645.0,837.0
1.365,503.0,298.0,635.0,838.0
1.371,485.0,295.0,621.0,839.0
1.377,469.0,293.0,605.0,841.0
1.383,450.0,292.0,586.0,841.0
1.389,433.0,290.0,567.0,841.0
1.397,416.0,289.0,552.0,841.0
1.403,401.0,290.0,534.0,840.0
1.409,382.0,289.0,518.0,839.0
1.415,369.0,290.0,499.0,835.0
1.421,356.0,291.0,481.0,834.0
1.428,342.0,293.0,464.0,830.0
1.435,329.0,295.0,447.0,824.0
1.441,316.0,298.0,430.0,815.0
1.447,306.0,302.0,413.0,805.0
1.453,297.0,306.0,397.0,793.0
1.459,287.0,311.0,380.0,780.0
1.466,278.0,316.0,366.0,764.0
1.472,271.0,323.0,352.0,747.0
1.479,263.0,329.0,339.0,730.0
1.485,257.0,336.0,327.0,711.0
1.491,251.0,343.0,316.0,691.0
1.498,247.0,353.0,306.0,669.0
1.504,243.0,361.0,297.0,647.0
1.510,238.0,371.0,290.0,622.0
1.516,235.0,380.0,281.0,595.0
1.523,235.0,392.0,274.0,568.0
1.530,231.0,402.0,268.0,539.0
1.536,232.0,412.0,263.0,510.0
1.542,230.0,424.0,258.0,480.0
1.548,231.0,436.0,256.0,452.0
1.554,230.0,449.0,253.0,426.0
1.562,230.0,461.0,252.0,401.0
1.568,232.0,474.0,251.0,377.0
1.574,235.0,489.0,251.0,356.0
1.580,237.0,503.0,252.0,336.0
1.586,241.0,516.0,253.0,317.0
1.593,244.0,531.0,256.0,301.0
1.599,249.0,544.0,258.0,284.0
1.606,254.0,559.0,261.0,270.0
1.612,260.0,573.0,267.0,256.0
1.618,266.0,588.0,272.0,243.0
1.625,277.0,602.0,280.0,231.0
1.631,283.0,616.0,287.0,223.0
1.637,292.0,627.0,296.0,214.0
1.643,297.0,639.0,306.0,208.0
1.650,307.0,652.0,317.0,205.0
1.657,323.0,664.0,328.0,203.0
1.663,336.0,674.0,340.0,201.0
1.669,346.0,684.0,351.0,200.0
1.675,360.0,695.0,362.0,201.0
1.681,372.0,703.0,382.0,199.0
1.688,387.0,711.0,400.0,199.0
1.695,399.0,719.0,416.0,198.0
1.701,420.0,725.0,431.0,199.0
1.707,432.0,732.0,455.0,200.0
1.713,446.0,736.0,470.0,201.0
1.720,459.0,741.0,499.0,201.0
1.726,477.0,745.0,520.0,202.0
1.733,495.0,748.0,538.0,206.0
1.739,505.0,751.0,555.0,210.0
1.745,520.0,753.0,569.0,217.0
1.752,537.0,754.0,582.0,225.0
1.758,554.0,755.0,597.0,236.0
1.764,565.0,756.0,616.0,245.0
1.770,577.0,757.0,631.0,258.0
1.777,591.0,755.0,646.0,276.0
1.784,602.0,754.0,661.0,294.0
1.790,613.0,752.0,674.0,314.0
1.796,625.0,749.0,687.0,332.0
1.802,636.0,746.0,697.0,353.0
1.808,645.0,742.0,707.0,375.0
1.815,656.0,737.0,716.0,396.0
1.822,665.0,732.0,724.0,419.0
1.828,673.0,725.0,730.0,441.0
1.834,680.0,719.0,735.0,463.0
1.840,684.0,710.0,739.0,487.0
1.846,691.0,702.0,742.0,512.0
1.853,697.0,692.0,745.0,539.0
1.859,703.0,681.0,749.0,565.0
1.866,707.0,670.0,752.0,590.0
1.872,709.0,658.0,755.0,614.0
1.878,712.0,646.0,758.0,637.0
1.885,715.0,635.0,761.0,659.0
1.891,714.0,621.0,760.0,680.0
1.897,717.0,608.0,759.0,699.0
1.904,718.0,594.0,756.0,717.0
1.910,717.0,580.0,751.0,733.0
1.917,716.0,566.0,747.0,746.0
1.923,715.0,552.0,743.0,757.0
1.929,714.0,537.0,739.0,767.0
1.935,713.0,523.0,730.0,779.0
1.941,710.0,509.0,716.0,788.0
1.949,707.0,494.0,705.0,798.0
1.955,705.0,479.0,694.0,805.0
1.961,701.0,464.0,682.0,811.0
1.967,697.0,449.0,668.0,816.0
1.973,691.0,437.0,647.0,819.0
1.980,687.0,422.0,627.0,824.0
1.986,681.0,409.0,613.0,826.0
1.993,676.0,396.0,598.0,827.0
1.999,670.0,384.0,588.0,826.0
2.005,661.0,372.0,578.0,825.0
2.012,655.0,359.0,577.0,821.0
2.018,646.0,348.0,559.0,819.0
2.024,637.0,336.0,538.0,816.0
2.030,628.0,326.0,519.0,813.0
2.037,621.0,317.0,499.0,809.0
2.044,611.0,308.0,474.0,805.0
2.050,599.0,299.0,446.0,803.0
2.056,590.0,290.0,421.0,799.0
2.062,578.0,283.0,403.0,792.0
2.068,570.0,276.0,390.0,783.0
2.076,557.0,272.0,379.0,770.0
2.082,545.0,265.0,364.0,760.0
2.088,531.0,260.0,353.0,744.0
2.094,521.0,255.0,349.0,721.0
2.100,509.0,252.0,337.0,703.0
2.107,499.0,247.0,322.0,689.0
2.113,487.0,245.0,312.0,669.0
2.120,475.0,242.0,303.0,648.0
2.126,465.0,241.0,295.0,629.0
2.132,454.0,240.0,282.0,615.0
2.139,441.0,237.0,269.0,606.0
2.145,431.0,236.0,257.0,598.0
2.151,422.0,236.0,251.0,583.0
2.157,412.0,237.0,247.0,562.0
2.164,403.0,236.0,242.0,546.0
2.170,391.0,238.0,238.0,523.0
2.177,382.0,239.0,235.0,503.0
2.183,374.0,241.0,233.0,481.0
2.189,367.0,243.0,232.0,454.0
2.195,359.0,247.0,233.0,431.0
2.202,349.0,249.0,229.0,415.0
2.209,344.0,253.0,230.0,398.0
2.215,336.0,257.0,229.0,381.0
2.221,331.0,262.0,229.0,366.0
2.227,324.0,267.0,230.0,351.0
2.233,320.0,273.0,230.0,341.0
2.240,315.0,280.0,231.0,326.0
2.247,309.0,288.0,233.0,313.0
2.253,306.0,295.0,238.0,299.0
2.259,302.0,303.0,242.0,289.0
2.265,301.0,312.0,247.0,278.0
2.272,298.0,322.0,252.0,268.0
2.278,295.0,331.0,255.0,260.0
2.284,293.0,342.0,262.0,251.0
2.291,293.0,351.0,269.0,244.0
2.297,293.0,362.0,278.0,237.0
2.304,291.0,376.0,287.0,232.0
2.310,293.0,386.0,297.0,227.0
2.316,292.0,398.0,309.0,223.0
2.322,294.0,410.0,323.0,220.0
2.328,295.0,423.0,334.0,218.0
2.336,298.0,434.0,347.0,219.0
2.342,299.0,446.0,362.0,216.0
2.348,303.0,458.0,379.0,216.0
2.354,306.0,469.0,395.0,215.0
2.360,310.0,481.0,411.0,216.0
2.367,315.0,492.0,425.0,220.0
2.374,319.0,503.0,438.0,222.0
2.380,326.0,514.0,451.0,226.0
2.386,333.0,526.0,472.0,232.0
2.392,339.0,538.0,494.0,238.0
2.399,348.0,548.0,516.0,244.0
2.405,356.0,559.0,536.0,252.0
2.411,367.0,568.0,554.0,262.0
2.418,377.0,578.0,572.0,272.0
2.424,387.0,589.0,587.0,285.0
2.431,398.0,598.0,601.0,297.0
2.437,408.0,609.0,614.0,311.0
2.443,426.0,616.0,627.0,323.0
2.449,438.0,625.0,638.0,338.0
2.455,453.0,632.0,647.0,355.0
2.463,465.0,639.0,655.0,378.0
2.469,482.0,645.0,668.0,396.0
2.475,497.0,652.0,681.0,416.0
2.481,515.0,657.0,690.0,443.0
2.487,528.0,662.0,699.0,468.0
2.494,545.0,666.0,708.0,492.0
2.501,562.0,669.0,714.0,518.0
2.507,580.0,671.0,719.0,543.0
2.513,596.0,674.0,722.0,567.0
2.519,615.0,675.0,727.0,590.0
2.526,628.0,677.0,729.0,612.0
2.532,642.0,675.0,731.0,632.0
2.538,662.0,677.0,732.0,652.0
2.545,675.0,675.0,733.0,672.0
2.551,687.0,674.0,732.0,692.0
2.558,698.0,672.0,730.0,713.0
2.564,711.0,669.0,728.0,732.0
2.570,722.0,666.0,724.0,749.0
2.576,731.0,661.0,723.0,764.0
2.582,739.0,657.0,720.0,776.0
2.590,751.0,652.0,716.0,788.0
2.596,759.0,648.0,709.0,800.0
2.602,766.0,641.0,700.0,811.0
2.608,771.0,634.0,687.0,822.0
2.614,778.0,627.0,673.0,830.0
2.621,783.0,619.0,661.0,833.0
2.627,786.0,611.0,651.0,836.0
2.634,790.0,603.0,644.0,838.0
2.640,791.0,593.0,632.0,839.0
2.646,795.0,584.0,618.0,840.0
2.653,796.0,575.0,600.0,841.0
2.659,797.0,565.0,583.0,841.0
2.665,797.0,556.0,568.0,841.0
2.672,797.0,544.0,553.0,841.0
2.678,796.0,533.0,538.0,840.0
2.685,794.0,523.0,520.0,839.0
2.691,792.0,513.0,502.0,837.0
2.697,788.0,502.0,484.0,835.0
2.703,787.0,490.0,468.0,830.0
2.709,782.0,481.0,451.0,825.0
2.716,778.0,470.0,433.0,817.0
2.723,773.0,458.0,415.0,806.0
2.729,767.0,448.0,397.0,794.0
2.735,760.0,438.0,381.0,780.0
2.741,754.0,427.0,366.0,763.0
2.747,746.0,417.0,351.0,747.0
2.754,737.0,407.0,337.0,729.0
2.761,726.0,397.0,327.0,709.0
2.767,716.0,387.0,314.0,688.0
2.773,704.0,378.0,305.0,665.0
2.779,691.0,370.0,296.0,642.0
2.786,679.0,360.0,288.0,618.0
2.792,668.0,354.0,281.0,593.0
2.798,652.0,346.0,274.0,569.0
2.805,635.0,337.0,269.0,542.0
2.811,619.0,331.0,263.0,516.0
2.818,605.0,325.0,259.0,488.0
2.824,584.0,319.0,256.0,462.0
2.830,568.0,313.0,254.0,436.0
2.836,552.0,310.0,252.0,412.0
2.843,533.0,304.0,252.0,388.0
2.850,514.0,300.0,251.0,366.0
2.856,496.0,297.0,251.0,345.0
2.862,476.0,295.0,252.0,325.0
2.868,461.0,293.0,255.0,305.0
2.874,441.0,291.0,259.0,288.0
2.881,422.0,289.0,261.0,271.0
2.888,409.0,289.0,266.0,256.0
2.894,392.0,289.0,272.0,242.0
2.900,377.0,290.0,281.0,230.0
2.906,361.0,291.0,288.0,221.0
2.913,349.0,292.0,295.0,214.0
2.919,333.0,294.0,304.0,209.0
2.925,321.0,298.0,315.0,206.0
2.932,310.0,300.0,327.0,203.0
2.938,301.0,304.0,338.0,202.0
2.945,292.0,309.0,352.0,200.0
2.951,281.0,315.0,365.0,200.0
2.957,274.0,319.0,385.0,198.0
2.963,266.0,327.0,404.0,198.0
2.970,259.0,333.0,421.0,199.0
2.977,252.0,342.0,439.0,199.0
2.983,248.0,350.0,459.0,200.0
2.989,243.0,359.0,477.0,200.0
2.995,239.0,370.0,500.0,201.0
3.001,237.0,379.0,520.0,203.0
3.008,234.0,391.0,538.0,207.0
3.015,232.0,401.0,554.0,210.0
3.021,231.0,414.0,570.0,216.0
3.027,230.0,425.0,585.0,225.0
3.033,230.0,438.0,597.0,234.0
3.040,230.0,452.0,612.0,246.0
3.046,232.0,463.0,628.0,258.0
3.052,232.0,475.0,643.0,275.0
3.059,234.0,491.0,661.0,291.0
3.065,237.0,505.0,675.0,311.0
3.072,241.0,518.0,687.0,333.0
3.078,244.0,533.0,698.0,355.0
3.084,249.0,548.0,709.0,379.0
3.090,255.0,561.0,718.0,401.0
3.096,261.0,575.0,724.0,424.0
3.103,267.0,590.0,731.0,447.0
3.110,273.0,604.0,736.0,469.0
3.116,285.0,618.0,740.0,493.0
3.122,294.0,629.0,745.0,515.0
3.128,300.0,642.0,746.0,542.0
3.134,311.0,653.0,748.0,567.0
3.142,324.0,665.0,750.0,592.0
3.148,335.0,675.0,752.0,617.0
3.154,347.0,686.0,756.0,637.0
3.160,360.0,695.0,759.0,656.0
3.166,373.0,704.0,760.0,678.0
3.173,385.0,711.0,759.0,697.0
3.179,396.0,718.0,754.0,716.0
3.186,418.0,725.0,749.0,732.0
3.192,430.0,731.0,747.0,744.0
3.198,444.0,735.0,743.0,757.0
3.205,459.0,740.0,735.0,768.0
3.211,477.0,744.0,726.0,780.0
3.217,491.0,747.0,720.0,789.0
3.223,501.0,750.0,711.0,797.0
3.230,514.0,752.0,700.0,804.0
3.237,532.0,754.0,682.0,811.0
3.243,550.0,756.0,661.0,818.0
3.249,561.0,757.0,638.0,822.0
3.255,574.0,756.0,625.0,825.0
3.261,588.0,755.0,612.0,823.0
3.269,599.0,755.0,600.0,826.0
3.275,611.0,753.0,587.0,826.0
3.281,620.0,751.0,571.0,825.0
3.287,633.0,748.0,559.0,823.0
3.293,643.0,745.0,540.0,821.0
3.300,653.0,739.0,523.0,817.0
3.306,661.0,734.0,508.0,813.0
3.313,670.0,727.0,487.0,808.0
3.319,678.0,721.0,461.0,806.0
3.325,684.0,712.0,434.0,803.0
3.332,690.0,702.0,414.0,796.0
3.338,696.0,693.0,400.0,790.0
3.344,702.0,683.0,387.0,782.0
3.350,704.0,671.0,373.0,772.0
3.357,709.0,659.0,357.0,762.0
3.363,711.0,648.0,347.0,747.0
3.370,713.0,636.0,339.0,724.0
3.376,714.0,622.0,330.0,700.0
3.382,716.0,610.0,318.0,681.0
3.388,716.0,594.0,305.0,661.0
3.394,715.0,580.0,292.0,643.0
3.402,717.0,566.0,282.0,625.0
3.408,715.0,551.0,270.0,614.0
3.414,714.0,536.0,259.0,609.0
3.420,712.0,523.0,253.0,591.0
3.426,710.0,509.0,249.0,571.0
3.433,708.0,494.0,243.0,551.0
3.440,704.0,480.0,240.0,527.0
3.446,701.0,465.0,236.0,504.0
3.452,697.0,451.0,234.0,483.0
3.458,692.0,438.0,234.0,456.0
3.465,687.0,424.0,233.0,430.0
3.471,681.0,412.0,232.0,413.0
3.477,675.0,399.0,229.0,395.0
3.484,669.0,387.0,231.0,374.0
3.490,662.0,373.0,230.0,358.0
3.497,655.0,364.0,231.0,347.0
3.503,648.0,353.0,231.0,335.0
3.509,639.0,344.0,232.0,324.0
3.515,630.0,331.0,235.0,310.0
3.521,622.0,322.0,237.0,299.0
3.529,615.0,313.0,244.0,286.0
3.535,603.0,305.0,246.0,277.0
3.541,595.0,295.0,250.0,268.0
3.547,585.0,289.0,256.0,259.0
3.553,575.0,280.0,263.0,249.0
3.560,565.0,273.0,271.0,241.0
3.566,554.0,270.0,279.0,236.0
3.573,544.0,264.0,288.0,231.0
3.579,531.0,259.0,299.0,227.0
3.585,522.0,254.0,309.0,223.0
3.592,510.0,251.0,323.0,220.0
3.598,499.0,247.0,334.0,218.0
3.604,485.0,244.0,348.0,217.0
3.611,476.0,241.0,363.0,216.0
3.617,464.0,240.0,379.0,216.0
3.624,453.0,237.0,394.0,216.0
3.630,441.0,236.0,411.0,216.0
3.636,432.0,236.0,423.0,218.0
3.642,423.0,237.0,437.0,221.0
3.648,414.0,237.0,451.0,227.0
3.656,403.0,236.0,471.0,230.0
3.662,390.0,237.0,493.0,236.0
3.668,384.0,239.0,511.0,243.0
3.674,376.0,241.0,530.0,251.0
3.680,367.0,243.0,549.0,260.0
3.686,356.0,246.0,567.0,269.0
3.693,348.0,249.0,582.0,279.0
3.700,342.0,254.0,596.0,292.0
3.706,334.0,259.0,607.0,305.0
3.712,328.0,264.0,621.0,317.0
3.718,322.0,271.0,632.0,332.0
3.725,317.0,278.0,642.0,345.0
3.731,311.0,285.0,651.0,365.0
3.738,308.0,293.0,664.0,384.0
3.744,303.0,301.0,676.0,405.0
3.750,301.0,309.0,686.0,429.0
3.757,298.0,320.0,695.0,453.0
3.763,295.0,330.0,703.0,477.0
3.769,293.0,341.0,709.0,501.0
3.775,292.0,353.0,715.0,526.0
3.782,293.0,363.0,720.0,548.0
3.789,292.0,375.0,723.0,571.0
3.795,293.0,385.0,725.0,593.0
3.801,293.0,398.0,729.0,614.0
3.807,295.0,409.0,731.0,636.0
3.813,296.0,421.0,732.0,656.0
3.820,298.0,434.0,732.0,677.0
3.827,301.0,444.0,731.0,696.0
3.833,305.0,459.0,731.0,714.0
3.839,308.0,471.0,729.0,733.0
3.845,311.0,482.0,727.0,749.0
3.852,318.0,492.0,722.0,764.0
3.858,322.0,505.0,720.0,777.0
3.864,329.0,517.0,715.0,788.0
3.871,336.0,528.0,708.0,800.0
3.877,342.0,541.0,701.0,811.0
3.884,352.0,551.0,688.0,820.0
3.890,359.0,563.0,676.0,827.0
3.896,371.0,572.0,665.0,833.0
3.902,380.0,582.0,656.0,836.0
3.909,392.0,592.0,647.0,837.0
3.916,403.0,600.0,638.0,837.0
3.922,413.0,611.0,623.0,839.0
3.928,430.0,618.0,603.0,841.0
3.934,441.0,627.0,581.0,841.0
3.940,454.0,634.0,564.0,842.0
3.947,468.0,640.0,547.0,839.0
3.954,484.0,646.0,532.0,840.0
3.960,499.0,652.0,514.0,838.0
3.966,513.0,657.0,493.0,836.0
3.972,530.0,662.0,476.0,833.0
3.979,546.0,666.0,459.0,828.0
3.985,561.0,669.0,444.0,821.0
3.991,581.0,671.0,425.0,813.0
3.998,594.0,673.0,411.0,804.0
4.004,611.0,675.0,395.0,793.0
4.011,627.0,676.0,381.0,780.0
4.017,639.0,676.0,367.0,765.0
4.023,658.0,676.0,355.0,751.0
4.029,672.0,675.0,342.0,734.0
4.035,684.0,674.0,330.0,716.0
4.043,694.0,672.0,319.0,695.0
4.049,708.0,670.0,309.0,675.0
4.055,720.0,667.0,300.0,651.0
4.061,728.0,663.0,291.0,627.0
4.067,737.0,658.0,284.0,600.0
4.073,749.0,655.0,276.0,572.0
4.081,757.0,649.0,269.0,543.0
4.087,763.0,643.0,263.0,514.0
4.093,769.0,636.0,259.0,486.0
4.099,776.0,628.0,255.0,456.0
4.105,781.0,622.0,253.0,430.0
4.112,785.0,613.0,253.0,404.0
4.118,789.0,606.0,250.0,381.0
4.125,792.0,596.0,251.0,358.0
4.131,794.0,587.0,252.0,339.0
4.137,795.0,577.0,253.0,320.0
4.144,796.0,567.0,255.0,302.0
4.150,797.0,557.0,257.0,286.0
4.156,797.0,546.0,261.0,271.0
4.162,796.0,535.0,267.0,254.0
4.170,795.0,524.0,273.0,242.0
4.176,793.0,513.0,279.0,230.0
4.182,790.0,503.0,287.0,222.0
4.188,786.0,491.0,296.0,213.0
4.195,780.0,479.0,306.0,209.0
4.201,777.0,468.0,319.0,204.0
4.208,772.0,457.0,330.0,202.0
4.214,765.0,445.0,342.0,201.0
4.221,757.0,434.0,353.0,200.0
4.227,750.0,423.0,366.0,199.0
4.233,742.0,413.0,385.0,199.0
4.239,732.0,403.0,404.0,198.0
4.246,721.0,393.0,418.0,200.0
4.253,711.0,384.0,437.0,199.0
4.259,699.0,374.0,462.0,200.0
4.265,685.0,365.0,482.0,202.0
4.271,673.0,357.0,508.0,202.0
4.278,662.0,349.0,529.0,204.0
4.284,645.0,341.0,549.0,207.0
4.290,628.0,334.0,565.0,214.0
4.297,613.0,328.0,582.0,223.0
4.304,598.0,322.0,597.0,232.0
4.310,581.0,316.0,613.0,242.0
4.316,561.0,311.0,626.0,254.0
4.322,545.0,307.0,640.0,266.0
4.329,532.0,304.0,651.0,281.0
4.336,515.0,301.0,665.0,298.0
4.342,495.0,297.0,678.0,316.0
4.348,479.0,294.0,689.0,336.0
4.355,460.0,293.0,700.0,358.0
4.361,443.0,292.0,709.0,380.0
4.367,428.0,290.0,717.0,400.0
4.373,410.0,290.0,725.0,423.0
4.381,392.0,289.0,730.0,446.0
4.387,377.0,289.0,736.0,470.0
4.393,363.0,291.0,739.0,499.0
4.399,351.0,292.0,744.0,526.0
4.406,334.0,293.0,749.0,552.0
4.412,322.0,297.0,754.0,577.0
4.418,311.0,301.0,758.0,604.0
4.425,303.0,304.0,759.0,626.0
4.432,294.0,308.0,759.0,652.0
4.438,281.0,313.0,758.0,671.0
4.444,273.0,319.0,758.0,689.0
4.450,267.0,326.0,757.0,706.0
4.456,259.0,334.0,754.0,721.0
4.464,254.0,340.0,751.0,735.0
4.470,249.0,349.0,745.0,750.0
4.476,243.0,358.0,735.0,764.0
4.482,239.0,369.0,729.0,775.0
4.489,237.0,378.0,724.0,785.0
4.495,235.0,391.0,717.0,793.0
4.501,231.0,402.0,706.0,802.0
4.508,231.0,414.0,687.0,810.0
4.515,231.0,426.0,669.0,816.0
4.521,231.0,440.0,654.0,820.0
4.527,230.0,453.0,638.0,822.0
4.533,231.0,467.0,623.0,824.0
4.540,233.0,481.0,606.0,826.0
4.546,237.0,496.0,592.0,826.0
4.553,239.0,511.0,587.0,823.0
4.559,242.0,525.0,579.0,821.0
4.566,246.0,540.0,559.0,819.0
4.572,252.0,554.0,539.0,817.0
4.578,257.0,569.0,519.0,813.0
4.584,264.0,583.0,501.0,809.0
4.592,270.0,597.0,474.0,806.0
4.598,279.0,611.0,444.0,804.0
4.604,289.0,624.0,421.0,800.0
4.610,295.0,636.0,403.0,791.0
4.617,305.0,647.0,385.0,781.0
4.623,317.0,660.0,369.0,772.0
4.629,330.0,671.0,355.0,762.0
4.636,342.0,681.0,342.0,750.0
4.642,355.0,691.0,333.0,733.0
4.649,368.0,700.0,324.0,714.0
4.655,383.0,708.0,312.0,696.0
4.661,394.0,715.0,302.0,675.0
4.667,407.0,722.0,292.0,655.0
4.674,425.0,728.0,279.0,641.0
4.681,438.0,733.0,267.0,631.0
4.687,451.0,738.0,260.0,612.0
4.693,464.0,742.0,254.0,592.0
4.700,479.0,746.0,249.0,573.0
4.706,497.0,747.0,244.0,553.0
4.712,505.0,751.0,239.0,533.0
4.718,522.0,753.0,236.0,512.0
4.726,538.0,754.0,234.0,489.0
4.732,552.0,756.0,232.0,464.0
4.738,564.0,756.0,230.0,439.0
4.744,579.0,756.0,229.0,415.0
4.751,592.0,755.0,229.0,393.0
4.757,603.0,754.0,230.0,374.0
4.764,613.0,752.0,229.0,359.0
4.770,624.0,750.0,229.0,345.0
4.777,635.0,747.0,230.0,333.0
4.783,646.0,744.0,231.0,321.0
4.789,654.0,738.0,235.0,307.0
4.795,663.0,733.0,239.0,295.0
4.802,672.0,726.0,243.0,282.0
4.809,680.0,720.0,248.0,270.0
4.815,684.0,712.0,255.0,261.0
4.821,691.0,703.0,260.0,252.0
4.827,697.0,693.0,269.0,244.0
4.834,703.0,684.0,278.0,235.0
4.840,706.0,672.0,286.0,230.0
4.846,709.0,660.0,297.0,225.0
4.853,711.0,646.0,308.0,222.0
4.860,714.0,634.0,320.0,220.0
4.866,714.0,620.0,333.0,219.0
4.872,717.0,606.0,346.0,218.0
4.878,717.0,592.0,361.0,217.0
4.885,717.0,576.0,377.0,217.0
4.892,714.0,564.0,394.0,216.0
4.898,715.0,547.0,414.0,217.0
4.904,713.0,531.0,428.0,218.0
4.911,712.0,516.0,440.0,223.0
4.917,709.0,501.0,450.0,229.0
4.923,706.0,486.0,471.0,236.0
4.929,702.0,469.0,494.0,242.0
4.937,698.0,455.0,515.0,250.0
4.943,692.0,441.0,539.0,256.0
4.949,688.0,426.0,561.0,264.0
4.955,681.0,414.0,576.0,275.0
4.962,675.0,400.0,591.0,287.0
4.968,668.0,388.0,603.0,301.0
4.974,662.0,374.0,616.0,314.0
4.981,653.0,363.0,629.0,326.0
4.988,646.0,350.0,640.0,341.0
4.994,637.0,339.0,650.0,357.0
5.000,630.0,327.0,661.0,378.0
5.006,620.0,319.0,674.0,398.0
5.012,611.0,311.0,683.0,421.0
5.020,603.0,301.0,692.0,443.0
5.026,592.0,294.0,700.0,466.0
5.032,580.0,285.0,707.0,490.0
5.038,570.0,280.0,712.0,514.0
5.045,561.0,275.0,717.0,537.0
5.051,550.0,269.0,722.0,559.0
5.057,536.0,262.0,725.0,582.0
5.064,523.0,258.0,727.0,604.0
5.071,514.0,254.0,729.0,625.0
5.077,503.0,249.0,730.0,645.0
5.083,494.0,245.0,732.0,667.0
5.089,482.0,243.0,732.0,689.0
5.096,470.0,240.0,732.0,708.0
5.102,459.0,238.0,731.0,726.0
5.109,449.0,237.0,728.0,743.0
5.115,439.0,237.0,725.0,759.0
5.122,429.0,236.0,720.0,773.0
5.128,419.0,236.0,714.0,788.0
5.134,411.0,237.0,707.0,800.0
5.140,399.0,237.0,699.0,810.0
5.148,389.0,238.0,689.0,820.0
5.154,381.0,240.0,679.0,825.0
5.160,373.0,242.0,670.0,832.0
5.166,364.0,243.0,659.0,835.0
5.173,356.0,246.0,650.0,836.0
5.179,348.0,250.0,637.0,838.0
5.185,340.0,254.0,624.0,840.0
5.192,334.0,258.0,609.0,841.0
5.198,327.0,263.0,593.0,841.0
5.205,322.0,271.0,579.0,841.0
5.211,317.0,277.0,562.0,841.0
5.217,312.0,285.0,545.0,841.0
5.223,306.0,291.0,528.0,840.0
5.230,304.0,301.0,510.0,838.0
5.237,301.0,310.0,492.0,836.0
5.243,298.0,321.0,475.0,833.0
5.249,294.0,332.0,459.0,827.0
5.256,294.0,342.0,441.0,820.0
5.262,292.0,355.0,422.0,810.0
5.268,291.0,366.0,403.0,798.0
5.275,290.0,380.0,387.0,786.0
5.282,292.0,391.0,371.0,771.0
5.288,293.0,403.0,356.0,754.0
5.294,294.0,416.0,343.0,735.0
5.300,296.0,428.0,330.0,716.0
5.307,298.0,442.0,318.0,696.0
5.313,303.0,454.0,308.0,674.0
5.320,306.0,467.0,299.0,651.0
5.326,310.0,479.0,291.0,627.0
5.333,316.0,490.0,284.0,603.0
5.339,321.0,504.0,277.0,579.0
5.345,328.0,516.0,271.0,554.0
5.351,335.0,527.0,266.0,528.0
5.358,342.0,540.0,261.0,501.0
5.365,352.0,551.0,258.0,474.0
5.371,362.0,562.0,255.0,448.0
5.377,374.0,571.0,253.0,424.0
5.383,383.0,582.0,252.0,400.0
5.390,394.0,592.0,251.0,378.0
5.396,406.0,601.0,251.0,356.0
5.403,416.0,612.0,252.0,337.0
5.409,433.0,619.0,253.0,317.0
5.416,445.0,627.0,255.0,296.0
5.422,459.0,635.0,261.0,277.0
5.428,472.0,642.0,264.0,261.0
5.434,489.0,648.0,269.0,249.0
5.441,505.0,653.0,276.0,236.0
5.448,521.0,658.0,285.0,226.0
5.454,534.0,663.0,294.0,215.0
5.460,552.0,668.0,306.0,210.0
5.467,568.0,670.0,316.0,204.0
5.473,585.0,672.0,328.0,203.0
5.479,598.0,674.0,337.0,201.0
5.485,617.0,676.0,348.0,202.0
5.493,630.0,676.0,360.0,201.0
5.499,644.0,676.0,380.0,199.0
5.505,662.0,676.0,398.0,198.0
5.511,675.0,675.0,411.0,198.0
5.518,686.0,674.0,427.0,199.0
5.524,698.0,672.0,443.0,199.0
5.531,711.0,669.0,465.0,200.0
5.537,721.0,665.0,491.0,200.0
5.544,730.0,662.0,512.0,202.0
5.550,740.0,658.0,532.0,205.0
5.556,750.0,654.0,550.0,208.0
5.562,756.0,648.0,566.0,214.0
5.569,763.0,642.0,581.0,223.0
5.576,770.0,635.0,592.0,236.0
5.582,776.0,629.0,604.0,249.0
5.588,782.0,622.0,623.0,263.0
5.594,784.0,612.0,642.0,278.0
5.601,788.0,604.0,660.0,292.0
5.607,792.0,597.0,674.0,315.0
5.613,794.0,587.0,688.0,334.0
5.620,795.0,577.0,699.0,356.0
5.627,796.0,567.0,709.0,379.0
5.633,797.0,558.0,717.0,401.0
5.639,797.0,548.0,725.0,425.0
5.645,796.0,536.0,731.0,446.0
5.652,795.0,526.0,737.0,468.0
5.659,793.0,515.0,741.0,491.0
5.665,790.0,502.0,745.0,516.0
5.671,786.0,492.0,748.0,542.0
5.678,783.0,481.0,752.0,568.0
5.684,778.0,469.0,756.0,592.0
5.690,773.0,458.0,759.0,617.0
5.696,766.0,447.0,759.0,641.0
5.704,759.0,437.0,759.0,664.0
5.710,752.0,426.0,758.0,685.0
5.716,746.0,416.0,758.0,703.0
5.722,736.0,406.0,756.0,719.0
5.729,725.0,395.0,754.0,732.0
5.735,714.0,385.0,749.0,746.0
5.741,702.0,375.0,744.0,758.0
5.748,690.0,367.0,734.0,769.0
5.755,676.0,358.0,726.0,781.0
5.761,660.0,349.0,719.0,791.0
5.767,643.0,341.0,711.0,798.0
5.773,627.0,334.0,696.0,806.0
5.779,611.0,328.0,678.0,813.0
5.787,596.0,322.0,655.0,819.0
5.793,577.0,315.0,638.0,822.0
5.799,556.0,310.0,623.0,825.0
5.805,541.0,306.0,611.0,825.0
5.812,527.0,304.0,598.0,826.0
5.818,506.0,299.0,585.0,826.0
5.824,486.0,295.0,583.0,822.0
5.831,469.0,293.0,570.0,821.0
5.838,451.0,292.0,550.0,817.0
5.844,435.0,290.0,531.0,816.0
5.850,417.0,290.0,511.0,812.0
5.856,403.0,290.0,493.0,806.0
5.863,386.0,289.0,473.0,801.0
5.869,372.0,290.0,443.0,799.0
5.876,358.0,291.0,420.0,794.0
5.882,347.0,293.0,403.0,786.0
5.889,331.0,294.0,382.0,780.0
5.895,321.0,298.0,373.0,766.0
5.901,310.0,301.0,360.0,753.0
5.907,300.0,305.0,353.0,735.0
5.915,291.0,308.0,345.0,713.0
5.921,283.0,313.0,331.0,696.0
5.927,274.0,319.0,316.0,679.0
5.933,267.0,326.0,304.0,658.0
5.940,261.0,332.0,293.0,640.0
5.946,255.0,339.0,281.0,625.0
5.952,249.0,346.0,268.0,617.0
5.959,245.0,355.0,258.0,609.0
5.965,240.0,363.0,252.0,589.0
5.972,238.0,373.0,248.0,570.0
5.978,236.0,384.0,243.0,549.0
5.984,233.0,394.0,240.0,526.0
5.990,231.0,405.0,237.0,506.0
5.997,230.0,416.0,235.0,487.0
6.004,230.0,429.0,233.0,461.0
6.010,230.0,442.0,230.0,438.0
6.016,231.0,454.0,228.0,418.0
6.023,232.0,467.0,227.0,395.0
6.029,233.0,482.0,229.0,377.0
6.035,237.0,496.0,229.0,358.0
6.042,239.0,511.0,229.0,345.0
6.049,243.0,525.0,230.0,332.0
6.055,247.0,541.0,232.0,317.0
6.061,253.0,555.0,236.0,303.0
6.067,259.0,570.0,241.0,291.0
6.074,264.0,584.0,243.0,281.0
6.080,271.0,599.0,250.0,269.0
6.087,281.0,613.0,255.0,261.0
6.093,291.0,626.0,261.0,251.0
6.100,297.0,638.0,269.0,241.0
6.106,308.0,650.0,279.0,235.0
6.112,322.0,663.0,290.0,230.0
6.118,333.0,674.0,301.0,226.0
6.125,344.0,684.0,314.0,222.0
6.132,355.0,694.0,329.0,218.0
6.138,370.0,703.0,344.0,216.0
6.144,382.0,710.0,356.0,216.0
6.151,396.0,718.0,369.0,217.0
6.157,413.0,724.0,384.0,216.0
6.163,425.0,730.0,396.0,217.0
6.170,441.0,735.0,412.0,218.0
6.176,455.0,739.0,430.0,220.0
6.183,473.0,743.0,444.0,225.0
6.189,484.0,747.0,462.0,229.0
6.195,501.0,749.0,477.0,236.0
6.201,511.0,752.0,493.0,245.0
6.208,528.0,754.0,515.0,252.0
6.215,545.0,756.0,538.0,259.0
6.221,559.0,755.0,561.0,266.0
6.227,569.0,756.0,579.0,276.0
6.234,583.0,755.0,593.0,288.0
6.240,596.0,755.0,604.0,302.0
6.246,608.0,753.0,616.0,316.0
6.252,618.0,751.0,631.0,329.0
6.260,630.0,749.0,643.0,345.0
6.266,641.0,745.0,653.0,368.0
6.272,649.0,741.0,666.0,388.0
6.278,658.0,736.0,679.0,409.0
6.285,665.0,730.0,688.0,435.0
6.291,674.0,722.0,697.0,458.0
6.298,682.0,716.0,704.0,483.0
6.304,688.0,708.0,710.0,507.0
6.311,694.0,698.0,717.0,530.0
6.317,699.0,687.0,721.0,552.0
6.323,703.0,677.0,724.0,576.0
6.329,706.0,666.0,727.0,598.0
6.336,710.0,655.0,730.0,619.0
6.343,713.0,641.0,731.0,640.0
6.349,714.0,628.0,731.0,662.0
6.355,715.0,615.0,731.0,684.0
6.362,717.0,601.0,732.0,705.0
6.368,717.0,587.0,731.0,721.0
6.374,718.0,571.0,730.0,739.0
6.380,717.0,557.0,727.0,755.0
6.387,716.0,542.0,722.0,771.0
6.394,714.0,527.0,717.0,784.0
6.400,712.0,514.0,711.0,796.0
6.406,709.0,498.0,703.0,807.0
6.412,706.0,483.0,692.0,816.0
6.419,701.0,469.0,680.0,826.0
6.426,696.0,455.0,669.0,831.0
6.432,690.0,441.0,659.0,834.0
6.438,686.0,425.0,650.0,835.0
6.445,680.0,410.0,639.0,838.0
6.451,673.0,397.0,625.0,839.0
6.457,667.0,381.0,610.0,840.0
6.463,659.0,369.0,594.0,841.0
6.471,652.0,356.0,579.0,841.0
6.477,642.0,344.0,564.0,841.0
6.483,633.0,332.0,547.0,841.0
6.489,624.0,322.0,530.0,840.0
6.496,616.0,313.0,511.0,838.0
6.502,607.0,305.0,492.0,836.0
6.508,597.0,295.0,475.0,833.0
6.515,584.0,286.0,459.0,827.0
6.522,574.0,280.0,443.0,820.0
6.528,562.0,273.0,423.0,810.0
6.534,550.0,269.0,405.0,801.0
6.540,539.0,263.0,389.0,787.0
6.547,525.0,258.0,373.0,772.0
6.554,515.0,254.0,358.0,756.0
6.560,502.0,249.0,343.0,737.0
6.566,494.0,247.0,331.0,718.0
6.572,481.0,243.0,320.0,697.0
6.579,471.0,241.0,310.0,675.0
6.585,458.0,240.0,300.0,652.0
6.591,446.0,239.0,291.0,628.0
6.598,433.0,236.0,284.0,605.0
6.605,427.0,236.0,278.0,581.0
6.611,416.0,236.0,272.0,556.0
6.617,405.0,237.0,267.0,530.0
6.623,393.0,237.0,261.0,505.0
6.630,383.0,238.0,258.0,477.0
6.636,376.0,239.0,255.0,449.0
6.643,369.0,242.0,253.0,423.0
6.649,360.0,246.0,252.0,399.0
6.656,350.0,248.0,251.0,377.0
6.662,343.0,252.0,251.0,355.0
6.668,337.0,256.0,252.0,334.0
6.674,331.0,261.0,254.0,316.0
6.682,325.0,266.0,256.0,298.0
6.688,320.0,273.0,258.0,283.0
6.694,315.0,279.0,262.0,266.0
6.700,311.0,286.0,269.0,251.0
6.707,306.0,293.0,275.0,239.0
6.713,303.0,302.0,281.0,228.0
6.719,301.0,311.0,290.0,219.0
6.726,298.0,321.0,299.0,212.0
6.733,294.0,330.0,309.0,207.0
6.739,293.0,341.0,320.0,204.0
6.745,291.0,354.0,333.0,203.0
6.751,292.0,363.0,345.0,200.0
6.757,292.0,376.0,357.0,200.0
6.764,291.0,385.0,368.0,199.0
6.771,292.0,397.0,385.0,199.0
6.777,293.0,410.0,405.0,198.0
6.783,296.0,422.0,422.0,198.0
6.790,296.0,434.0,437.0,199.0
6.796,301.0,445.0,459.0,200.0
6.802,304.0,459.0,478.0,201.0
6.808,308.0,470.0,499.0,202.0
6.816,312.0,482.0,520.0,203.0
6.822,317.0,494.0,538.0,205.0
6.828,322.0,507.0,555.0,210.0
6.834,329.0,520.0,569.0,217.0
6.841,337.0,532.0,583.0,227.0
6.847,344.0,543.0,598.0,240.0
6.854,353.0,555.0,614.0,252.0
6.860,363.0,566.0,632.0,267.0
6.867,373.0,576.0,645.0,286.0
6.873,385.0,588.0,660.0,305.0
6.879,396.0,597.0,677.0,318.0
6.885,408.0,607.0,688.0,339.0
6.892,424.0,616.0,700.0,358.0
6.899,438.0,625.0,710.0,380.0
6.905,452.0,632.0,717.0,401.0
6.911,465.0,639.0,724.0,422.0
6.918,481.0,644.0,731.0,445.0
6.924,497.0,652.0,735.0,468.0
6.930,514.0,656.0,739.0,495.0
6.936,530.0,662.0,743.0,523.0
6.944,547.0,666.0,750.0,550.0
6.950,563.0,669.0,755.0,576.0
6.956,583.0,672.0,758.0,602.0
6.962,598.0,673.0,759.0,627.0
6.968,615.0,676.0,759.0,652.0
6.975,628.0,676.0,758.0,672.0
6.982,642.0,677.0,759.0,690.0
6.988,659.0,676.0,758.0,708.0
6.994,676.0,676.0,755.0,724.0
7.001,688.0,674.0,752.0,737.0
7.007,697.0,671.0,747.0,749.0
7.013,710.0,669.0,741.0,762.0
7.019,721.0,665.0,731.0,773.0
7.027,731.0,662.0,722.0,784.0
7.033,740.0,657.0,718.0,791.0
7.039,750.0,653.0,708.0,800.0
7.045,757.0,648.0,695.0,807.0
7.052,764.0,642.0,684.0,812.0
7.058,769.0,635.0,660.0,819.0
7.064,777.0,629.0,634.0,824.0
7.071,781.0,622.0,616.0,826.0
7.078,785.0,614.0,605.0,824.0
7.084,790.0,606.0,591.0,826.0
7.090,792.0,597.0,579.0,826.0
7.096,794.0,588.0,567.0,825.0
7.103,795.0,579.0,559.0,821.0
7.110,796.0,570.0,548.0,818.0
7.116,797.0,560.0,525.0,815.0
7.122,797.0,550.0,499.0,813.0
7.129,797.0,539.0,477.0,808.0
7.135,795.0,528.0,450.0,804.0
7.141,794.0,517.0,422.0,800.0
7.147,791.0,505.0,405.0,792.0
7.154,788.0,495.0,390.0,783.0
7.161,784.0,484.0,376.0,773.0
7.167,779.0,474.0,364.0,762.0
7.173,775.0,461.0,356.0,746.0
7.179,768.0,451.0,355.0,720.0
7.186,761.0,440.0,338.0,705.0
7.192,753.0,430.0,322.0,688.0
7.199,749.0,419.0,311.0,668.0
7.205,740.0,409.0,302.0,645.0
7.212,727.0,399.0,293.0,625.0
7.218,717.0,389.0,279.0,610.0
7.224,706.0,380.0,265.0,602.0
7.230,694.0,370.0,257.0,590.0
7.238,681.0,361.0,250.0,576.0
7.244,668.0,353.0,245.0,557.0
7.250,653.0,347.0,241.0,538.0
7.256,636.0,337.0,241.0,511.0
7.263,620.0,331.0,236.0,495.0
7.269,605.0,324.0,234.0,470.0
7.275,586.0,318.0,233.0,442.0
7.282,567.0,313.0,230.0,423.0
7.289,551.0,308.0,230.0,406.0
7.295,533.0,305.0,230.0,385.0
7.301,514.0,301.0,228.0,370.0
7.307,495.0,296.0,229.0,355.0
7.314,478.0,295.0,229.0,342.0
7.320,462.0,292.0,231.0,329.0
7.327,441.0,290.0,233.0,315.0
7.333,424.0,290.0,237.0,302.0
7.339,409.0,289.0,240.0,290.0
7.346,393.0,289.0,245.0,280.0
7.352,377.0,290.0,251.0,268.0
7.358,363.0,290.0,256.0,259.0
7.365,350.0,293.0,262.0,251.0
7.372,334.0,295.0,270.0,244.0
7.378,323.0,296.0,279.0,236.0
7.384,313.0,299.0,291.0,231.0
7.390,303.0,304.0,300.0,226.0
7.397,293.0,308.0,310.0,223.0
7.403,283.0,312.0,325.0,219.0
7.410,276.0,318.0,339.0,217.0
7.416,268.0,324.0,353.0,216.0
7.423,261.0,332.0,366.0,216.0
7.429,255.0,339.0,380.0,215.0
7.435,250.0,346.0,397.0,215.0
7.441,245.0,356.0,414.0,215.0
7.448,241.0,364.0,425.0,219.0
7.455,237.0,374.0,434.0,225.0
7.461,235.0,385.0,454.0,232.0
7.467,234.0,395.0,481.0,236.0
7.474,232.0,406.0,503.0,243.0
7.480,230.0,417.0,530.0,247.0
7.486,229.0,430.0,549.0,256.0
7.493,230.0,442.0,565.0,267.0
7.500,230.0,456.0,578.0,281.0
7.506,231.0,468.0,593.0,293.0
7.512,233.0,482.0,607.0,305.0
7.518,236.0,496.0,622.0,318.0
7.524,239.0,510.0,633.0,330.0
7.531,243.0,523.0,643.0,347.0
7.538,245.0,538.0,650.0,369.0
7.544,251.0,552.0,665.0,388.0
7.550,257.0,566.0,678.0,410.0
7.557,262.0,581.0,687.0,436.0
7.563,269.0,595.0,697.0,459.0
7.569,280.0,608.0,704.0,484.0
7.575,289.0,621.0,711.0,508.0
7.583,294.0,634.0,715.0,533.0
7.589,303.0,646.0,721.0,556.0
7.595,317.0,657.0,725.0,577.0
7.601,331.0,670.0,728.0,599.0
7.608,341.0,681.0,729.0,620.0
7.614,354.0,690.0,731.0,640.0
7.621,368.0,700.0,731.0,664.0
7.627,382.0,708.0,730.0,687.0
7.634,395.0,716.0,729.0,709.0
7.640,414.0,724.0,730.0,726.0
7.646,428.0,730.0,729.0,742.0
7.652,443.0,734.0,727.0,758.0
7.659,452.0,739.0,722.0,772.0
7.666,471.0,744.0,717.0,786.0
7.672,489.0,748.0,708.0,799.0
7.678,504.0,750.0,698.0,811.0
7.685,515.0,752.0,686.0,822.0
7.691,532.0,754.0,675.0,829.0
7.697,549.0,756.0,667.0,833.0
7.703,561.0,755.0,658.0,835.0
7.710,575.0,755.0,647.0,837.0
7.717,588.0,755.0,634.0,839.0
7.723,600.0,753.0,619.0,840.0
7.729,612.0,753.0,603.0,842.0
7.735,623.0,749.0,588.0,841.0
7.742,636.0,747.0,575.0,841.0
7.749,644.0,743.0,559.0,841.0
7.755,655.0,738.0,543.0,840.0
7.761,664.0,733.0,525.0,838.0
7.768,673.0,725.0,507.0,839.0
7.774,680.0,719.0,490.0,836.0
7.780,685.0,711.0,474.0,832.0
7.786,690.0,703.0,457.0,827.0
7.794,696.0,693.0,440.0,819.0
7.800,703.0,683.0,422.0,810.0
7.806,705.0,672.0,404.0,799.0
7.812,707.0,659.0,387.0,786.0
7.819,711.0,646.0,371.0,771.0
7.825,714.0,633.0,357.0,754.0
7.831,715.0,619.0,344.0,736.0
7.838,717.0,606.0,331.0,717.0
7.845,718.0,590.0,319.0,697.0
7.851,718.0,576.0,308.0,675.0
7.857,716.0,561.0,299.0,652.0
7.863,716.0,545.0,291.0,628.0
7.870,715.0,531.0,284.0,604.0
7.877,713.0,517.0,277.0,579.0
7.883,710.0,502.0,271.0,550.0
7.889,707.0,488.0,265.0,524.0
7.896,704.0,473.0,261.0,495.0
7.902,699.0,459.0,257.0,466.0
7.908,695.0,444.0,254.0,439.0
7.914,689.0,431.0,252.0,413.0
7.921,684.0,417.0,251.0,388.0
7.928,679.0,404.0,251.0,365.0
7.934,671.0,392.0,251.0,344.0
7.940,665.0,378.0,253.0,326.0
7.946,658.0,365.0,254.0,307.0
7.953,651.0,353.0,257.0,290.0
7.959,639.0,344.0,260.0,273.0
7.966,630.0,331.0,264.0,260.0
7.972,621.0,320.0,271.0,246.0
7.979,614.0,311.0,278.0,233.0
7.985,602.0,302.0,285.0,223.0
7.991,591.0,292.0,293.0,216.0
7.997,579.0,285.0,301.0,210.0
8.005,570.0,278.0,312.0,206.0
8.011,559.0,272.0,324.0,204.0
8.017,547.0,266.0,337.0,202.0
8.023,534.0,260.0,348.0,201.0
8.030,521.0,255.0,360.0,200.0
8.036,510.0,251.0,378.0,199.0
8.042,499.0,248.0,399.0,198.0
8.049,487.0,245.0,417.0,198.0
8.056,474.0,242.0,434.0,199.0
8.062,463.0,239.0,452.0,199.0
8.068,451.0,238.0,470.0,200.0
8.074,440.0,237.0,491.0,201.0
8.081,430.0,237.0,513.0,202.0
8.087,420.0,236.0,531.0,204.0
8.094,411.0,237.0,547.0,208.0
8.100,400.0,236.0,563.0,212.0
8.107,388.0,238.0,577.0,220.0
8.113,379.0,240.0,590.0,231.0
8.119,371.0,243.0,604.0,244.0
8.125,363.0,244.0,623.0,254.0
8.131,354.0,248.0,641.0,269.0
8.139,345.0,251.0,657.0,286.0
8.145,339.0,255.0,671.0,306.0
8.151,333.0,258.0,683.0,324.0
8.157,329.0,264.0,694.0,346.0
8.164,322.0,270.0,705.0,367.0
8.170,318.0,278.0,713.0,390.0
8.177,312.0,285.0,721.0,412.0
8.183,308.0,293.0,728.0,435.0
8.190,304.0,301.0,734.0,456.0
8.196,301.0,310.0,738.0,478.0
8.202,297.0,320.0,742.0,501.0
8.208,295.0,330.0,745.0,526.0
8.215,293.0,340.0,748.0,551.0
8.222,292.0,352.0,749.0,577.0
8.228,292.0,364.0,752.0,600.0
8.234,290.0,376.0,755.0,622.0
8.241,292.0,387.0,757.0,644.0
8.247,293.0,398.0,759.0,663.0
8.253,293.0,410.0,759.0,683.0
8.259,294.0,422.0,757.0,701.0
8.267,297.0,433.0,755.0,718.0
8.273,300.0,446.0,749.0,734.0
8.279,303.0,458.0,747.0,747.0
8.285,306.0,470.0,740.0,760.0
8.292,309.0,481.0,730.0,774.0
8.298,316.0,491.0,722.0,784.0
8.305,320.0,504.0,715.0,792.0
8.311,326.0,516.0,708.0,800.0
8.317,333.0,528.0,694.0,807.0
8.324,340.0,540.0,681.0,813.0
8.330,350.0,550.0,658.0,819.0
8.336,359.0,560.0,633.0,824.0
8.342,368.0,570.0,620.0,825.0
8.350,379.0,579.0,607.0,826.0
8.356,389.0,591.0,595.0,826.0
8.362,401.0,600.0,580.0,827.0
8.368,411.0,610.0,570.0,824.0
8.375,429.0,617.0,559.0,822.0
8.381,442.0,626.0,541.0,819.0
8.387,456.0,634.0,526.0,812.0
8.394,470.0,640.0,503.0,812.0
8.401,486.0,647.0,480.0,809.0
8.407,502.0,653.0,453.0,804.0
8.413,518.0,657.0,425.0,801.0
8.419,532.0,663.0,408.0,795.0
8.426,550.0,667.0,394.0,786.0
8.433,567.0,670.0,378.0,777.0
8.439,584.0,672.0,363.0,767.0
8.445,601.0,674.0,352.0,755.0
8.452,618.0,675.0,343.0,735.0
8.458,633.0,676.0,338.0,710.0
8.464,647.0,676.0,324.0,690.0
8.470,666.0,677.0,309.0,672.0
8.478,678.0,675.0,297.0,650.0
8.484,690.0,674.0,287.0,630.0
8.490,701.0,671.0,275.0,616.0
8.496,713.0,668.0,263.0,609.0
8.503,725.0,665.0,255.0,597.0
8.509,733.0,661.0,250.0,578.0
8.515,742.0,656.0,244.0,558.0
8.522,753.0,651.0,240.0,533.0
8.528,761.0,645.0,238.0,509.0
8.535,767.0,639.0,234.0,488.0
8.541,774.0,633.0,234.0,461.0
8.547,779.0,624.0,233.0,433.0
8.553,784.0,616.0,232.0,414.0
8.561,788.0,609.0,230.0,397.0
8.567,791.0,600.0,230.0,376.0
8.573,794.0,591.0,230.0,357.0
8.579,795.0,581.0,232.0,347.0
8.586,796.0,571.0,231.0,334.0
8.592,797.0,562.0,232.0,322.0
8.598,797.0,553.0,235.0,309.0
8.605,797.0,542.0,239.0,297.0
8.612,795.0,530.0,244.0,284.0
8.618,794.0,520.0,247.0,273.0
8.624,791.0,510.0,251.0,265.0
8.630,789.0,499.0,257.0,256.0
8.637,786.0,489.0,264.0,248.0
8.643,782.0,478.0,272.0,240.0
8.650,777.0,467.0,282.0,233.0
8.656,772.0,457.0,292.0,229.0
8.663,765.0,445.0,302.0,224.0
8.669,758.0,435.0,311.0,221.0
8.675,752.0,425.0,324.0,219.0
8.681,743.0,415.0,335.0,219.0
8.689,734.0,404.0,347.0,219.0
8.695,724.0,395.0,362.0,217.0
8.701,715.0,386.0,384.0,216.0
8.707,701.0,376.0,400.0,216.0
8.713,689.0,368.0,416.0,217.0
8.720,677.0,359.0,431.0,219.0
8.726,666.0,352.0,445.0,223.0
8.733,650.0,344.0,462.0,228.0
8.739,632.0,337.0,484.0,233.0
8.746,616.0,329.0,504.0,240.0
8.752,600.0,323.0,525.0,247.0
8.758,582.0,317.0,545.0,255.0
8.764,563.0,312.0,562.0,264.0
8.771,549.0,308.0,576.0,276.0
8.778,531.0,304.0,591.0,288.0
8.784,511.0,300.0,604.0,301.0
8.790,491.0,297.0,618.0,312.0
8.797,475.0,294.0,630.0,326.0
8.803,457.0,292.0,639.0,342.0
8.809,438.0,291.0,650.0,361.0
8.816,421.0,289.0,663.0,380.0
8.823,406.0,289.0,675.0,402.0
8.829,388.0,290.0,685.0,425.0
8.835,373.0,289.0,694.0,450.0
8.841,359.0,291.0,702.0,475.0
8.848,346.0,293.0,709.0,500.0
8.854,331.0,295.0,714.0,524.0
8.861,318.0,298.0,719.0,547.0
8.867,309.0,301.0,724.0,569.0
8.874,298.0,305.0,727.0,591.0
8.880,289.0,310.0,730.0,613.0
8.886,279.0,316.0,730.0,634.0
8.892,271.0,322.0,732.0,658.0
8.898,264.0,329.0,731.0,680.0
8.906,258.0,336.0,731.0,700.0
8.912,252.0,343.0,730.0,718.0
8.918,247.0,353.0,729.0,735.0
8.924,242.0,361.0,727.0,752.0
8.931,239.0,372.0,722.0,768.0
8.937,236.0,382.0,718.0,781.0
8.944,234.0,393.0,712.0,793.0
8.950,231.0,405.0,703.0,806.0
8.957,230.0,416.0,692.0,816.0
8.963,230.0,428.0,681.0,826.0
8.969,230.0,441.0,671.0,831.0
8.975,230.0,454.0,662.0,834.0
8.982,232.0,468.0,651.0,836.0
8.989,233.0,481.0,640.0,839.0
8.995,235.0,496.0,627.0,840.0
9.001,239.0,510.0,611.0,840.0
9.008,242.0,524.0,596.0,841.0
9.014,246.0,539.0,579.0,842.0
9.020,252.0,553.0,563.0,841.0
9.026,258.0,567.0,544.0,840.0
9.034,263.0,581.0,525.0,839.0
9.040,268.0,596.0,506.0,838.0
9.046,278.0,610.0,488.0,836.0
9.052,290.0,623.0,471.0,831.0
9.059,296.0,635.0,453.0,826.0
9.065,305.0,648.0,436.0,818.0
9.072,317.0,660.0,419.0,809.0
9.078,330.0,671.0,403.0,799.0
9.084,340.0,681.0,388.0,787.0
9.091,355.0,691.0,374.0,773.0
9.097,368.0,700.0,359.0,757.0
9.103,381.0,709.0,347.0,741.0
9.109,391.0,715.0,334.0,723.0
9.117,410.0,722.0,324.0,704.0
9.123,427.0,728.0,312.0,682.0
9.129,440.0,734.0,302.0,660.0
9.135,452.0,739.0,293.0,636.0
9.142,473.0,743.0,286.0,611.0
9.148,487.0,746.0,279.0,585.0
9.154,500.0,748.0,272.0,557.0
9.161,510.0,751.0,265.0,529.0
9.168,525.0,753.0,261.0,500.0
9.174,545.0,756.0,258.0,472.0
9.180,558.0,755.0,255.0,444.0
9.186,568.0,756.0,253.0,419.0
9.193,581.0,756.0,252.0,395.0
9.200,597.0,755.0,251.0,373.0
9.206,610.0,753.0,251.0,351.0
9.212,620.0,751.0,252.0,331.0
9.219,634.0,748.0,254.0,312.0
9.225,643.0,744.0,256.0,294.0
9.231,653.0,739.0,260.0,276.0
9.237,664.0,733.0,264.0,261.0
9.245,673.0,726.0,269.0,249.0
9.251,680.0,720.0,277.0,236.0
9.257,683.0,711.0,284.0,225.0
9.263,689.0,702.0,293.0,216.0
9.270,696.0,691.0,301.0,210.0
9.276,702.0,681.0,311.0,207.0
9.282,705.0,670.0,322.0,204.0
9.289,708.0,657.0,334.0,202.0
9.295,711.0,646.0,344.0,200.0
9.302,713.0,633.0,358.0,200.0
9.308,715.0,619.0,375.0,199.0
9.314,716.0,606.0,396.0,199.0
9.320,716.0,591.0,412.0,198.0
9.328,717.0,575.0,429.0,199.0
9.334,714.0,562.0,443.0,201.0
9.340,715.0,546.0,471.0,202.0
9.346,713.0,532.0,495.0,201.0
9.353,712.0,516.0,517.0,202.0
9.359,709.0,502.0,535.0,205.0
9.365,706.0,486.0,552.0,209.0
9.372,703.0,471.0,567.0,216.0
9.379,698.0,457.0,582.0,223.0
9.385,694.0,442.0,599.0,232.0
9.391,689.0,430.0,613.0,242.0
9.397,683.0,416.0,627.0,254.0
9.404,676.0,403.0,640.0,268.0
9.410,670.0,391.0,655.0,286.0
9.417,664.0,377.0,670.0,302.0
9.423,656.0,367.0,683.0,323.0
9.430,651.0,354.0,693.0,344.0
9.436,640.0,342.0,704.0,365.0
9.442,632.0,331.0,712.0,388.0
9.448,622.0,322.0,720.0,409.0
9.456,616.0,314.0,727.0,431.0
9.462,605.0,306.0,733.0,454.0
9.468,596.0,296.0,738.0,476.0
9.474,585.0,288.0,741.0,503.0
9.480,575.0,281.0,744.0,528.0
9.487,565.0,274.0,747.0,554.0
9.493,553.0,270.0,751.0,579.0
9.500,541.0,263.0,756.0,602.0
9.506,528.0,258.0,760.0,625.0
9.513,519.0,254.0,758.0,651.0
9.519,507.0,250.0,759.0,672.0
9.525,496.0,247.0,758.0,691.0
9.531,481.0,243.0,756.0,708.0
9.538,473.0,242.0,755.0,723.0
9.545,460.0,240.0,753.0,736.0
9.551,449.0,238.0,748.0,749.0
9.557,436.0,236.0,742.0,762.0
9.564,429.0,236.0,732.0,773.0
9.570,418.0,236.0,725.0,782.0
9.576,406.0,237.0,718.0,790.0
9.582,395.0,237.0,708.0,800.0
9.590,385.0,238.0,692.0,808.0
9.596,377.0,240.0,676.0,814.0
9.602,368.0,243.0,657.0,818.0
9.608,359.0,246.0,639.0,821.0
9.615,350.0,249.0,623.0,824.0
9.621,343.0,252.0,609.0,826.0
9.628,336.0,256.0,594.0,827.0
9.634,331.0,263.0,583.0,825.0
9.641,324.0,268.0,582.0,821.0
9.647,319.0,276.0,571.0,821.0
9.653,313.0,282.0,550.0,819.0
9.659,308.0,291.0,530.0,815.0
9.666,303.0,299.0,509.0,811.0
9.673,302.0,307.0,487.0,807.0
9.679,299.0,317.0,458.0,804.0
9.685,296.0,328.0,429.0,801.0
9.691,293.0,338.0,411.0,795.0
9.698,292.0,350.0,396.0,788.0
9.704,292.0,362.0,381.0,781.0
9.710,291.0,372.0,366.0,770.0
9.717,293.0,383.0,353.0,759.0
9.724,292.0,395.0,341.0,745.0
9.730,294.0,407.0,335.0,724.0
9.736,295.0,420.0,320.0,707.0
9.742,299.0,430.0,308.0,690.0
9.749,300.0,444.0,300.0,667.0
9.756,304.0,454.0,289.0,649.0
9.762,308.0,468.0,277.0,635.0
9.768,311.0,480.0,266.0,627.0
9.775,316.0,491.0,259.0,608.0
9.781,321.0,503.0,253.0,589.0
9.787,328.0,515.0,248.0,571.0
9.793,333.0,527.0,246.0,548.0
9.801,340.0,539.0,245.0,526.0
9.807,350.0,550.0,242.0,506.0
9.813,357.0,561.0,237.0,484.0
9.819,369.0,570.0,234.0,462.0
9.826,378.0,580.0,230.0,436.0
9.832,390.0,590.0,229.0,411.0
9.838,400.0,599.0,229.0,385.0
9.845,410.0,609.0,229.0,368.0
9.852,424.0,616.0,230.0,360.0
9.858,437.0,625.0,229.0,348.0
9.864,452.0,632.0,233.0,334.0
9.870,464.0,639.0,232.0,320.0
9.876,478.0,646.0,235.0,306.0
9.884,493.0,651.0,239.0,293.0
9.890,510.0,656.0,244.0,281.0
9.896,524.0,661.0,248.0,270.0
9.902,543.0,664.0,255.0,261.0
9.909,559.0,668.0,262.0,251.0
9.915,575.0,671.0,271.0,242.0
9.921,590.0,673.0,279.0,235.0
9.928,610.0,675.0,288.0,230.0
9.935,621.0,676.0,297.0,225.0
9.941,634.0,677.0,308.0,222.0
9.947,653.0,676.0,320.0,221.0
9.953,668.0,676.0,335.0,218.0
9.960,682.0,675.0,344.0,219.0
9.966,691.0,673.0,363.0,217.0
9.973,701.0,670.0,379.0,216.0
9.979,715.0,668.0,396.0,216.0
9.986,728.0,665.0,414.0,216.0
9.992,734.0,660.0,428.0,219.0
9.998,744.0,655.0,441.0,224.0
10.004,753.0,650.0,455.0,229.0
10.012,762.0,645.0,478.0,235.0
10.018,768.0,639.0,496.0,245.0
10.024,774.0,632.0,518.0,250.0
10.030,777.0,624.0,542.0,256.0
10.037,783.0,616.0,562.0,265.0
10.043,788.0,608.0,578.0,275.0
10.049,792.0,599.0,592.0,287.0
10.056,794.0,591.0,604.0,302.0
10.062,794.0,579.0,617.0,315.0
10.069,796.0,569.0,631.0,328.0
10.075,796.0,559.0,642.0,344.0
10.081,797.0,549.0,654.0,362.0
10.087,796.0,538.0,667.0,384.0
10.094,795.0,527.0,677.0,405.0
10.101,793.0,516.0,687.0,429.0
10.107,791.0,505.0,696.0,452.0
10.113,788.0,494.0,703.0,476.0
10.120,783.0,482.0,710.0,500.0
10.126,778.0,471.0,713.0,524.0
10.132,774.0,460.0,719.0,546.0
10.139,767.0,447.0,723.0,568.0
10.146,759.0,437.0,726.0,591.0
10.152,751.0,427.0,728.0,613.0
10.158,746.0,416.0,731.0,634.0
10.164,735.0,405.0,732.0,654.0
10.171,724.0,396.0,732.0,676.0
10.177,715.0,386.0,730.0,698.0
10.184,703.0,377.0,730.0,718.0
10.190,690.0,367.0,729.0,735.0
10.197,677.0,359.0,727.0,751.0
10.203,665.0,353.0,724.0,765.0
10.209,651.0,344.0,720.0,778.0
10.215,634.0,336.0,713.0,791.0
10.222,619.0,330.0,707.0,802.0
10.229,604.0,324.0,698.0,813.0
10.235,585.0,318.0,684.0,823.0
10.241,569.0,314.0,671.0,832.0
10.247,553.0,309.0,661.0,835.0
10.254,537.0,305.0,652.0,837.0
10.260,517.0,302.0,642.0,838.0
10.267,500.0,299.0,630.0,839.0
10.273,483.0,295.0,614.0,840.0
10.280,464.0,293.0,596.0,841.0
10.286,446.0,291.0,579.0,842.0
10.292,431.0,291.0,563.0,840.0
10.298,415.0,289.0,547.0,840.0
10.305,400.0,289.0,530.0,839.0
10.312,383.0,289.0,512.0,838.0
10.318,369.0,290.0,493.0,835.0
10.324,357.0,292.0,475.0,833.0
10.331,339.0,293.0,458.0,827.0
10.337,327.0,295.0,441.0,820.0
10.343,316.0,298.0,423.0,811.0
10.349,306.0,302.0,404.0,800.0
10.357,295.0,306.0,388.0,786.0
10.363,285.0,312.0,372.0,772.0
10.369,276.0,316.0,358.0,755.0
10.375,270.0,324.0,344.0,737.0
10.382,262.0,331.0,332.0,719.0
10.388,256.0,339.0,320.0,699.0
10.395,250.0,346.0,310.0,677.0
10.401,246.0,355.0,300.0,654.0
10.408,240.0,365.0,292.0,630.0
10.414,237.0,374.0,284.0,606.0
10.420,235.0,387.0,277.0,581.0
10.426,232.0,397.0,271.0,555.0
10.433,231.0,410.0,266.0,526.0
10.440,230.0,421.0,261.0,498.0
10.446,230.0,436.0,258.0,470.0
10.452,230.0,449.0,255.0,442.0
10.458,232.0,462.0,253.0,418.0
10.465,232.0,476.0,251.0,394.0
10.471,235.0,492.0,251.0,372.0
10.477,238.0,505.0,251.0,351.0
10.484,241.0,520.0,252.0,332.0
10.491,245.0,535.0,254.0,313.0
10.497,250.0,550.0,256.0,294.0
10.503,255.0,563.0,261.0,275.0
10.509,262.0,577.0,264.0,259.0
10.516,267.0,592.0,271.0,245.0
10.523,276.0,606.0,276.0,235.0
10.529,285.0,620.0,286.0,225.0
10.535,295.0,632.0,294.0,215.0
10.542,301.0,644.0,306.0,208.0
10.548,313.0,657.0,316.0,204.0
10.554,327.0,668.0,326.0,203.0
10.560,338.0,678.0,336.0,202.0
10.568,348.0,689.0,346.0,202.0
10.574,362.0,698.0,359.0,200.0
10.580,380.0,707.0,377.0,199.0
10.586,391.0,713.0,397.0,198.0
10.593,404.0,721.0,409.0,198.0
10.599,425.0,728.0,426.0,200.0
10.605,436.0,733.0,445.0,199.0
10.612,450.0,738.0,465.0,201.0
10.619,467.0,743.0,491.0,201.0
10.625,484.0,747.0,514.0,202.0
10.631,497.0,749.0,532.0,204.0
10.637,506.0,751.0,550.0,207.0
10.643,521.0,751.0,566.0,214.0
10.651,537.0,755.0,579.0,223.0
10.657,553.0,755.0,593.0,233.0
10.663,565.0,756.0,606.0,246.0
10.669,580.0,755.0,622.0,260.0
10.676,591.0,755.0,640.0,275.0
10.682,603.0,754.0,657.0,292.0
10.688,614.0,752.0,671.0,313.0
10.695,627.0,749.0,686.0,330.0
10.702,637.0,746.0,697.0,353.0
10.708,647.0,743.0,708.0,376.0
10.714,655.0,738.0,717.0,400.0
10.720,664.0,731.0,724.0,422.0
10.727,675.0,725.0,731.0,445.0
10.733,683.0,718.0,736.0,466.0
10.740,686.0,710.0,741.0,488.0
10.746,693.0,700.0,745.0,510.0
10.753,699.0,689.0,747.0,532.0
10.759,704.0,679.0,749.0,557.0
10.765,707.0,666.0,750.0,584.0
10.771,709.0,655.0,753.0,607.0
10.779,713.0,642.0,757.0,629.0
10.785,715.0,628.0,761.0,650.0
10.791,716.0,614.0,761.0,672.0
10.797,717.0,599.0,759.0,692.0
10.804,717.0,584.0,756.0,712.0
10.810,716.0,569.0,751.0,728.0
10.816,716.0,553.0,748.0,742.0
10.823,715.0,537.0,744.0,754.0
10.829,713.0,524.0,739.0,766.0
10.836,709.0,509.0,730.0,777.0
10.842,708.0,493.0,721.0,787.0
10.848,704.0,477.0,714.0,795.0
10.854,700.0,462.0,704.0,802.0
10.861,695.0,447.0,692.0,808.0
10.868,690.0,434.0,676.0,815.0
10.874,685.0,420.0,653.0,820.0
10.880,678.0,407.0,631.0,822.0
10.887,672.0,394.0,612.0,826.0
10.893,665.0,381.0,604.0,826.0
10.899,657.0,369.0,594.0,824.0
10.906,651.0,356.0,583.0,824.0
10.913,641.0,348.0,577.0,821.0
10.919,633.0,334.0,559.0,820.0
10.925,623.0,324.0,540.0,817.0
10.931,616.0,315.0,520.0,813.0
10.938,606.0,306.0,502.0,810.0
10.944,595.0,297.0,482.0,803.0
10.951,584.0,288.0,459.0,800.0
10.957,573.0,280.0,434.0,795.0
10.964,564.0,275.0,411.0,792.0
10.970,555.0,269.0,395.0,783.0
10.976,542.0,263.0,379.0,774.0
10.982,529.0,259.0,370.0,762.0
10.989,519.0,254.0,359.0,747.0
10.996,510.0,251.0,352.0,728.0
11.002,499.0,247.0,341.0,707.0
11.008,488.0,244.0,325.0,693.0
11.014,476.0,242.0,312.0,674.0
11.021,466.0,240.0,301.0,655.0
11.027,453.0,238.0,290.0,639.0
11.034,446.0,238.0,280.0,624.0
11.040,435.0,236.0,268.0,617.0
11.047,427.0,237.0,259.0,608.0
11.053,417.0,236.0,253.0,587.0
11.059,408.0,237.0,247.0,566.0
11.065,397.0,237.0,242.0,547.0
11.072,388.0,238.0,238.0,526.0
11.079,380.0,240.0,235.0,505.0
11.085,371.0,242.0,233.0,484.0
11.091,363.0,244.0,231.0,460.0
11.098,354.0,247.0,228.0,437.0
11.104,348.0,251.0,228.0,418.0
11.110,341.0,254.0,228.0,397.0
11.116,333.0,259.0,230.0,379.0
11.124,326.0,263.0,228.0,363.0
11.130,322.0,271.0,228.0,350.0
11.136,317.0,276.0,230.0,336.0
11.142,314.0,284.0,232.0,322.0
11.149,306.0,290.0,234.0,309.0
11.155,304.0,300.0,237.0,297.0
11.162,301.0,309.0,240.0,286.0
11.168,298.0,320.0,247.0,274.0
11.175,294.0,330.0,252.0,265.0
11.181,293.0,341.0,257.0,256.0
11.187,292.0,353.0,264.0,247.0
11.193,291.0,365.0,275.0,239.0
11.200,291.0,378.0,284.0,232.0
11.207,291.0,388.0,295.0,227.0
11.213,293.0,401.0,306.0,225.0
11.219,293.0,413.0,321.0,220.0
11.225,296.0,425.0,333.0,218.0
11.232,298.0,438.0,349.0,216.0
11.238,302.0,449.0,362.0,216.0
11.244,305.0,464.0,376.0,216.0
11.251,308.0,476.0,391.0,216.0
11.258,314.0,486.0,408.0,217.0
11.264,319.0,499.0,420.0,219.0
11.270,325.0,512.0,437.0,222.0
11.276,332.0,523.0,450.0,226.0
11.283,340.0,535.0,466.0,234.0
11.290,351.0,545.0,486.0,239.0
11.296,360.0,558.0,508.0,247.0
11.302,370.0,568.0,527.0,255.0
11.309,381.0,579.0,552.0,262.0
11.315,392.0,589.0,571.0,270.0
11.321,403.0,599.0,587.0,281.0
11.327,413.0,609.0,599.0,295.0
11.335,429.0,618.0,612.0,309.0
11.341,441.0,627.0,625.0,322.0
11.347,456.0,634.0,635.0,336.0
11.353,468.0,640.0,647.0,353.0
11.360,481.0,646.0,657.0,374.0
11.366,498.0,652.0,671.0,395.0
11.372,516.0,657.0,681.0,418.0
11.379,529.0,662.0,692.0,443.0
11.386,546.0,666.0,699.0,468.0
11.392,561.0,669.0,708.0,492.0
11.398,580.0,672.0,713.0,518.0
11.404,593.0,674.0,717.0,542.0
11.410,613.0,675.0,723.0,565.0
11.418,627.0,675.0,726.0,587.0
11.424,639.0,677.0,729.0,608.0
11.430,656.0,676.0,731.0,630.0
11.436,672.0,676.0,731.0,651.0
11.443,686.0,674.0,732.0,672.0
11.449,694.0,672.0,732.0,693.0
11.455,708.0,670.0,731.0,712.0
11.462,719.0,667.0,730.0,730.0
11.469,728.0,663.0,727.0,746.0
11.475,738.0,659.0,725.0,762.0
11.481,748.0,653.0,721.0,774.0
11.487,755.0,649.0,716.0,787.0
11.494,761.0,644.0,707.0,800.0
11.500,768.0,636.0,700.0,810.0
11.507,776.0,630.0,688.0,821.0
11.513,781.0,624.0,675.0,829.0
11.520,783.0,615.0,665.0,833.0
11.526,789.0,607.0,656.0,835.0
11.532,792.0,598.0,648.0,837.0
11.538,794.0,589.0,638.0,838.0
11.546,795.0,580.0,622.0,840.0
11.552,797.0,570.0,604.0,841.0
11.558,797.0,560.0,586.0,841.0
11.564,798.0,550.0,570.0,841.0
11.571,797.0,539.0,552.0,841.0
11.577,795.0,528.0,535.0,840.0
11.583,791.0,517.0,517.0,839.0
11.590,791.0,506.0,499.0,837.0
11.597,787.0,494.0,481.0,835.0
11.603,783.0,484.0,464.0,830.0
11.609,780.0,474.0,448.0,824.0
11.615,775.0,461.0,431.0,815.0
11.621,768.0,450.0,415.0,805.0
11.628,762.0,438.0,396.0,794.0
11.635,754.0,429.0,381.0,778.0
11.641,746.0,418.0,364.0,763.0
11.647,737.0,407.0,350.0,745.0
11.654,726.0,397.0,336.0,727.0
11.660,716.0,386.0,324.0,706.0
11.666,703.0,377.0,313.0,685.0
11.672,688.0,367.0,303.0,662.0
11.680,677.0,359.0,295.0,639.0
11.686,664.0,351.0,287.0,615.0
11.692,649.0,343.0,281.0,590.0
11.698,631.0,336.0,274.0,564.0
11.705,615.0,329.0,267.0,538.0
11.711,598.0,322.0,263.0,508.0
11.718,580.0,316.0,259.0,480.0
11.724,562.0,312.0,255.0,453.0
11.731,546.0,308.0,254.0,428.0
11.737,529.0,303.0,252.0,404.0
11.743,509.0,301.0,251.0,380.0
11.749,490.0,295.0,251.0,358.0
11.756,473.0,294.0,252.0,338.0
11.763,456.0,292.0,253.0,319.0
11.769,436.0,290.0,255.0,300.0
11.775,420.0,289.0,259.0,283.0
11.782,406.0,290.0,262.0,268.0
11.788,389.0,289.0,267.0,253.0
11.794,375.0,290.0,274.0,240.0
11.800,360.0,291.0,281.0,229.0
11.807,350.0,293.0,288.0,220.0
11.814,333.0,294.0,297.0,213.0
11.820,322.0,297.0,306.0,208.0
11.826,312.0,300.0,317.0,205.0
11.832,301.0,304.0,329.0,202.0
11.839,292.0,308.0,339.0,202.0
11.846,283.0,312.0,350.0,200.0
11.852,275.0,318.0,367.0,200.0
11.858,267.0,324.0,385.0,198.0
11.865,260.0,331.0,407.0,198.0
11.871,255.0,338.0,424.0,199.0
11.877,250.0,346.0,440.0,200.0
11.883,246.0,354.0,464.0,200.0
11.891,243.0,363.0,483.0,201.0
11.897,238.0,373.0,507.0,202.0
11.903,235.0,384.0,526.0,204.0
11.909,233.0,394.0,543.0,207.0
11.916,231.0,406.0,559.0,211.0
11.922,230.0,416.0,574.0,219.0
11.928,230.0,429.0,588.0,229.0
11.935,230.0,442.0,603.0,239.0
11.942,231.0,455.0,616.0,253.0
11.948,232.0,468.0,631.0,268.0
11.954,233.0,483.0,644.0,287.0
11.960,236.0,499.0,661.0,304.0
11.967,240.0,514.0,680.0,321.0
11.974,244.0,528.0,689.0,345.0
11.980,247.0,544.0,703.0,365.0
11.986,254.0,559.0,713.0,388.0
11.992,260.0,573.0,721.0,412.0
11.999,266.0,589.0,729.0,436.0
12.005,275.0,603.0,734.0,459.0
12.011,285.0,617.0,739.0,481.0
12.018,295.0,629.0,744.0,504.0
12.025,300.0,642.0,747.0,529.0
12.031,310.0,655.0,749.0,554.0
12.037,326.0,667.0,750.0,581.0
12.043,337.0,678.0,754.0,604.0
12.050,348.0,688.0,757.0,628.0
12.056,361.0,699.0,760.0,648.0
12.063,373.0,706.0,761.0,669.0
12.069,388.0,714.0,759.0,690.0
12.076,403.0,721.0,756.0,709.0
12.082,420.0,727.0,751.0,725.0
12.088,431.0,732.0,748.0,739.0
12.094,449.0,737.0,745.0,752.0
12.102,461.0,742.0,740.0,763.0
12.108,479.0,745.0,732.0,774.0
12.114,496.0,749.0,719.0,787.0
12.120,505.0,751.0,713.0,794.0
12.127,522.0,752.0,706.0,799.0
12.133,538.0,753.0,692.0,808.0
12.139,554.0,756.0,681.0,813.0
12.146,566.0,756.0,661.0,818.0
12.153,579.0,756.0,635.0,823.0
12.159,592.0,755.0,618.0,825.0
12.165,605.0,754.0,604.0,826.0
12.171,614.0,752.0,594.0,826.0
12.178,625.0,750.0,586.0,825.0
12.184,638.0,747.0,579.0,821.0
12.191,647.0,742.0,563.0,820.0
12.197,656.0,737.0,539.0,818.0
12.203,666.0,732.0,518.0,816.0
12.210,673.0,726.0,499.0,811.0
12.216,681.0,719.0,479.0,807.0
12.222,685.0,711.0,450.0,804.0
12.229,692.0,701.0,422.0,798.0
12.236,697.0,692.0,405.0,793.0
12.242,701.0,682.0,391.0,784.0
12.248,706.0,670.0,378.0,774.0
12.254,709.0,657.0,364.0,762.0
12.261,711.0,646.0,352.0,746.0
12.267,713.0,634.0,349.0,721.0
12.274,715.0,620.0,338.0,704.0
12.280,717.0,606.0,322.0,688.0
12.287,717.0,593.0,311.0,669.0
12.293,717.0,577.0,303.0,647.0
12.299,716.0,565.0,294.0,629.0
12.305,716.0,549.0,281.0,614.0
12.312,715.0,534.0,269.0,605.0
12.319,712.0,519.0,257.0,593.0
12.325,710.0,505.0,250.0,579.0
12.331,707.0,490.0,244.0,559.0
12.338,704.0,474.0,241.0,540.0
12.344,700.0,459.0,239.0,516.0
12.350,694.0,446.0,235.0,496.0
12.357,688.0,431.0,234.0,472.0
12.364,683.0,417.0,233.0,446.0
12.370,678.0,404.0,232.0,424.0
12.376,672.0,391.0,230.0,409.0
12.382,666.0,378.0,229.0,389.0
12.388,657.0,367.0,229.0,373.0
12.395,652.0,353.0,230.0,358.0
12.402,641.0,341.0,229.0,345.0
12.408,632.0,331.0,231.0,331.0
12.414,624.0,321.0,232.0,318.0
12.421,616.0,313.0,236.0,305.0
12.427,606.0,304.0,240.0,293.0
12.433,596.0,296.0,243.0,282.0
12.439,584.0,286.0,249.0,272.0
12.447,573.0,280.0,254.0,262.0
12.453,563.0,273.0,261.0,253.0
12.459,552.0,269.0,268.0,244.0
12.465,540.0,263.0,276.0,238.0
12.472,525.0,259.0,285.0,233.0
12.478,516.0,255.0,296.0,228.0
12.485,504.0,250.0,309.0,222.0
12.491,496.0,248.0,322.0,220.0
12.498,483.0,244.0,334.0,219.0
12.504,473.0,243.0,346.0,218.0
12.510,463.0,240.0,360.0,216.0
12.516,451.0,238.0,378.0,216.0
12.523,438.0,237.0,392.0,216.0
12.530,429.0,236.0,410.0,216.0
12.536,421.0,237.0,422.0,218.0
12.542,409.0,236.0,434.0,221.0
12.549,399.0,237.0,444.0,226.0
12.555,388.0,238.0,460.0,233.0
12.561,379.0,240.0,485.0,238.0
12.567,372.0,242.0,512.0,242.0
12.574,365.0,243.0,531.0,251.0
12.581,355.0,246.0,553.0,259.0
12.587,346.0,250.0,570.0,270.0
12.593,340.0,254.0,585.0,283.0
12.599,334.0,258.0,597.0,296.0
12.606,329.0,264.0,613.0,309.0
12.613,322.0,268.0,626.0,321.0
12.619,317.0,277.0,638.0,336.0
12.625,311.0,282.0,648.0,351.0
12.632,308.0,291.0,652.0,371.0
12.638,304.0,298.0,664.0,392.0
12.644,302.0,306.0,677.0,409.0
12.650,300.0,315.0,686.0,434.0
12.658,297.0,326.0,697.0,459.0
12.664,294.0,335.0,705.0,484.0
12.670,292.0,345.0,712.0,510.0
12.676,293.0,355.0,717.0,534.0
12.683,292.0,368.0,721.0,558.0
12.689,292.0,380.0,725.0,581.0
12.695,292.0,392.0,728.0,602.0
12.702,293.0,403.0,731.0,623.0
12.709,293.0,418.0,732.0,643.0
12.715,296.0,428.0,732.0,662.0
12.721,299.0,442.0,731.0,683.0
12.727,301.0,454.0,731.0,704.0
12.734,305.0,466.0,729.0,722.0
12.741,308.0,479.0,727.0,740.0
12.747,314.0,489.0,725.0,756.0
12.753,319.0,502.0,722.0,768.0
12.760,326.0,515.0,720.0,781.0
12.766,332.0,526.0,713.0,793.0
12.772,339.0,540.0,705.0,804.0
12.778,351.0,550.0,695.0,816.0
12.785,358.0,562.0,681.0,825.0
12.792,369.0,571.0,669.0,832.0
12.798,381.0,581.0,660.0,835.0
12.804,392.0,593.0,652.0,836.0
12.810,404.0,603.0,642.0,837.0
12.817,416.0,612.0,631.0,838.0
12.823,433.0,620.0,614.0,839.0
12.830,448.0,629.0,595.0,841.0
12.836,462.0,637.0,576.0,842.0
12.843,477.0,643.0,560.0,842.0
12.849,492.0,649.0,545.0,841.0
12.855,510.0,655.0,529.0,840.0
12.861,525.0,661.0,510.0,838.0
12.869,542.0,665.0,492.0,837.0
12.875,560.0,669.0,476.0,833.0
12.881,577.0,671.0,459.0,828.0
12.887,592.0,673.0,442.0,820.0
12.894,611.0,676.0,424.0,812.0
12.900,625.0,676.0,406.0,801.0
12.906,641.0,676.0,390.0,788.0
12.913,654.0,677.0,374.0,773.0
12.920,671.0,676.0,359.0,757.0
12.926,685.0,675.0,345.0,739.0
12.932,695.0,672.0,333.0,721.0
12.938,706.0,670.0,321.0,700.0
12.945,719.0,666.0,310.0,677.0
12.951,730.0,664.0,301.0,656.0
12.958,737.0,659.0,292.0,633.0
12.964,747.0,654.0,285.0,608.0
12.970,756.0,649.0,279.0,584.0
12.977,763.0,644.0,271.0,557.0
12.983,767.0,637.0,266.0,528.0
12.989,775.0,631.0,261.0,500.0
12.995,780.0,623.0,257.0,471.0
13.003,784.0,615.0,256.0,443.0
13.009,788.0,608.0,252.0,418.0
13.015,791.0,598.0,251.0,393.0
13.021,793.0,590.0,251.0,370.0
13.028,795.0,580.0,252.0,349.0
13.034,797.0,572.0,252.0,329.0
13.041,797.0,562.0,254.0,312.0
13.047,797.0,551.0,256.0,294.0
13.054,796.0,541.0,261.0,277.0
13.060,795.0,531.0,264.0,261.0
13.066,794.0,520.0,271.0,246.0
13.072,792.0,509.0,277.0,235.0
13.079,787.0,498.0,285.0,223.0
13.086,785.0,487.0,294.0,215.0
13.092,781.0,476.0,303.0,210.0
13.098,776.0,465.0,314.0,206.0
13.105,769.0,453.0,324.0,203.0
13.111,763.0,443.0,338.0,202.0
13.117,755.0,433.0,352.0,200.0
13.123,750.0,423.0,362.0,200.0
13.131,741.0,413.0,376.0,199.0
13.137,730.0,401.0,394.0,198.0
13.143,720.0,391.0,410.0,198.0
13.149,709.0,382.0,430.0,198.0
13.156,696.0,373.0,451.0,199.0
13.162,683.0,364.0,472.0,200.0
13.169,670.0,355.0,493.0,201.0
13.175,656.0,347.0,515.0,203.0
13.181,639.0,338.0,536.0,205.0
13.188,622.0,332.0,554.0,209.0
13.194,607.0,326.0,571.0,216.0
13.200,588.0,319.0,586.0,225.0
13.206,571.0,314.0,601.0,234.0
13.214,553.0,309.0,616.0,245.0
13.220,536.0,305.0,630.0,257.0
13.226,517.0,301.0,643.0,272.0
13.232,498.0,298.0,657.0,287.0
13.239,480.0,295.0,671.0,306.0
13.245,462.0,293.0,684.0,325.0
13.251,443.0,292.0,695.0,347.0
13.258,425.0,290.0,705.0,368.0
13.265,410.0,291.0,713.0,390.0
13.271,393.0,289.0,721.0,413.0
13.277,376.0,289.0,728.0,436.0
13.283,361.0,290.0,734.0,460.0
13.290,350.0,292.0,737.0,486.0
13.297,334.0,294.0,743.0,512.0
13.303,322.0,297.0,747.0,539.0
13.309,309.0,300.0,751.0,566.0
13.316,302.0,304.0,753.0,590.0
13.322,293.0,308.0,755.0,615.0
13.328,282.0,313.0,758.0,636.0
13.334,274.0,319.0,759.0,657.0
13.342,267.0,325.0,760.0,676.0
13.348,261.0,332.0,759.0,694.0
13.354,255.0,339.0,756.0,711.0
13.360,248.0,348.0,751.0,727.0
13.366,243.0,358.0,747.0,740.0
13.373,239.0,368.0,742.0,755.0
13.379,237.0,377.0,734.0,768.0
13.386,235.0,388.0,728.0,779.0
13.392,232.0,398.0,721.0,788.0
13.399,230.0,410.0,708.0,798.0
13.405,230.0,421.0,696.0,806.0
13.411,230.0,433.0,681.0,812.0
13.417,230.0,446.0,662.0,817.0
13.425,232.0,459.0,640.0,822.0
13.431,232.0,472.0,625.0,824.0
13.437,234.0,485.0,611.0,825.0
13.443,237.0,499.0,597.0,827.0
13.450,239.0,513.0,586.0,826.0
13.456,243.0,527.0,570.0,826.0
13.462,247.0,544.0,561.0,822.0
13.469,254.0,556.0,542.0,821.0
13.476,260.0,570.0,523.0,817.0
13.482,265.0,584.0,505.0,814.0
13.488,272.0,600.0,484.0,809.0
13.494,280.0,614.0,457.0,807.0
13.501,293.0,625.0,431.0,804.0
13.507,298.0,639.0,414.0,797.0
13.514,308.0,651.0,399.0,789.0
13.520,322.0,663.0,384.0,782.0
13.527,336.0,674.0,369.0,771.0
13.533,347.0,685.0,355.0,760.0
13.539,360.0,694.0,345.0,744.0
13.545,373.0,704.0,339.0,720.0
13.553,386.0,711.0,331.0,698.0
13.559,399.0,719.0,316.0,680.0
13.565,420.0,726.0,303.0,660.0
13.571,432.0,730.0,290.0,640.0
13.577,446.0,736.0,279.0,624.0
13.584,462.0,741.0,267.0,613.0
13.590,480.0,745.0,257.0,604.0
13.597,494.0,748.0,251.0,585.0
13.603,504.0,750.0,246.0,566.0
13.610,519.0,753.0,242.0,546.0
13.616,535.0,754.0,239.0,523.0
13.622,553.0,756.0,235.0,499.0
13.628,565.0,756.0,233.0,475.0
13.635,578.0,756.0,232.0,448.0
13.642,591.0,756.0,233.0,424.0
13.648,602.0,753.0,230.0,406.0
13.654,614.0,752.0,231.0,387.0
13.661,625.0,749.0,230.0,366.0
13.667,636.0,747.0,230.0,354.0
13.673,645.0,742.0,230.0,342.0
13.680,655.0,737.0,231.0,330.0
13.687,662.0,733.0,232.0,318.0
13.693,672.0,724.0,235.0,305.0
13.699,679.0,719.0,239.0,294.0
13.705,683.0,711.0,243.0,282.0
13.712,690.0,702.0,249.0,271.0
13.718,696.0,692.0,253.0,263.0
13.725,702.0,683.0,258.0,254.0
13.731,706.0,673.0,267.0,246.0
13.738,709.0,660.0,275.0,238.0
13.744,711.0,648.0,284.0,233.0
13.750,714.0,635.0,294.0,228.0
13.756,715.0,622.0,304.0,224.0
13.762,715.0,609.0,318.0,221.0
13.770,717.0,595.0,329.0,221.0
13.776,717.0,581.0,342.0,218.0
13.782,717.0,566.0,358.0,217.0
13.788,716.0,552.0,376.0,216.0
13.795,715.0,538.0,392.0,216.0
13.801,713.0,524.0,408.0,215.0
13.808,711.0,511.0,424.0,217.0
13.814,709.0,496.0,436.0,220.0
13.821,705.0,481.0,448.0,226.0
13.827,702.0,466.0,468.0,230.0
13.833,698.0,451.0,491.0,235.0
13.839,692.0,439.0,510.0,242.0
13.846,687.0,423.0,530.0,251.0
13.853,682.0,411.0,548.0,259.0
13.859,676.0,399.0,566.0,269.0
13.865,669.0,385.0,582.0,280.0
13.872,662.0,373.0,597.0,292.0
13.878,655.0,360.0,609.0,306.0
13.884,644.0,351.0,621.0,319.0
13.890,636.0,339.0,634.0,332.0
13.898,626.0,327.0,644.0,347.0
13.904,620.0,318.0,652.0,366.0
13.910,610.0,309.0,665.0,386.0
13.916,599.0,299.0,677.0,407.0
13.923,590.0,289.0,688.0,431.0
13.929,578.0,282.0,697.0,455.0
13.936,568.0,277.0,704.0,479.0
13.942,555.0,270.0,710.0,504.0
13.948,544.0,264.0,715.0,528.0
13.955,530.0,259.0,720.0,551.0
13.961,519.0,255.0,724.0,573.0
13.967,506.0,251.0,726.0,596.0
13.973,496.0,246.0,727.0,617.0
13.981,483.0,244.0,730.0,638.0
13.987,472.0,241.0,731.0,658.0
13.993,459.0,239.0,731.0,680.0
13.999,448.0,238.0,731.0,700.0
14.006,438.0,238.0,732.0,717.0
14.012,427.0,236.0,729.0,736.0
14.018,419.0,236.0,726.0,754.0
14.025,410.0,237.0,722.0,769.0
14.032,399.0,238.0,717.0,784.0
14.038,387.0,238.0,711.0,795.0
14.044,380.0,240.0,704.0,806.0
14.050,371.0,242.0,695.0,816.0
14.057,362.0,246.0,684.0,824.0
14.064,353.0,248.0,673.0,830.0
14.070,344.0,251.0,662.0,834.0
14.076,337.0,255.0,653.0,836.0
14.083,332.0,261.0,641.0,838.0
14.089,327.0,266.0,628.0,840.0
14.095,321.0,273.0,612.0,840.0
14.101,315.0,280.0,598.0,842.0
14.109,310.0,288.0,583.0,841.0
14.115,306.0,296.0,567.0,841.0
14.121,302.0,305.0,552.0,841.0
14.127,300.0,314.0,532.0,840.0
14.134,297.0,323.0,514.0,839.0
14.140,294.0,332.0,496.0,837.0
14.146,293.0,346.0,479.0,833.0
14.153,292.0,356.0,463.0,829.0
14.159,292.0,367.0,446.0,823.0
14.166,291.0,380.0,429.0,815.0
14.172,291.0,390.0,414.0,803.0
14.178,293.0,403.0,396.0,793.0
14.184,294.0,415.0,381.0,780.0
14.192,296.0,427.0,367.0,766.0
14.198,298.0,439.0,353.0,749.0
14.204,303.0,449.0,341.0,732.0
14.210,304.0,464.0,329.0,715.0
14.217,310.0,474.0,318.0,695.0
14.223,313.0,487.0,308.0,674.0
14.229,319.0,499.0,300.0,652.0
14.236,324.0,512.0,291.0,629.0
14.243,331.0,523.0,283.0,603.0
14.249,338.0,535.0,277.0,574.0
14.255,346.0,546.0,270.0,544.0
14.261,354.0,557.0,263.0,515.0
14.268,365.0,565.0,259.0,485.0
14.274,375.0,577.0,256.0,457.0
14.281,388.0,588.0,254.0,430.0
14.287,396.0,598.0,252.0,404.0
14.294,407.0,608.0,251.0,382.0
14.300,423.0,616.0,251.0,359.0
14.306,438.0,625.0,252.0,339.0
14.312,451.0,631.0,253.0,320.0
14.320,465.0,637.0,255.0,303.0
14.326,481.0,645.0,257.0,287.0
14.332,497.0,651.0,260.0,271.0
14.338,515.0,656.0,266.0,256.0
14.345,529.0,661.0,272.0,240.0
14.351,546.0,665.0,282.0,227.0
14.357,562.0,669.0,287.0,220.0
14.364,581.0,672.0,294.0,216.0
14.370,597.0,674.0,306.0,209.0
14.377,616.0,675.0,319.0,204.0
14.383,630.0,677.0,330.0,202.0
14.389,643.0,677.0,344.0,201.0
14.395,663.0,676.0,354.0,199.0
14.402,675.0,675.0,367.0,199.0
14.409,688.0,674.0,384.0,198.0
14.415,700.0,672.0,403.0,199.0
14.421,713.0,669.0,419.0,199.0
14.428,723.0,666.0,436.0,200.0
14.434,733.0,661.0,463.0,200.0
14.440,743.0,655.0,483.0,201.0
14.446,752.0,651.0,507.0,202.0
14.454,759.0,646.0,528.0,204.0
14.460,766.0,639.0,547.0,207.0
14.466,773.0,632.0,564.0,212.0
14.472,779.0,625.0,579.0,223.0
14.479,783.0,617.0,595.0,230.0
14.485,787.0,609.0,610.0,241.0
14.492,791.0,600.0,624.0,251.0
14.498,793.0,591.0,638.0,265.0
14.505,794.0,581.0,651.0,281.0
14.511,796.0,572.0,666.0,298.0
14.517,797.0,562.0,679.0,317.0
14.523,798.0,552.0,691.0,338.0
14.530,796.0,540.0,701.0,359.0
14.537,795.0,530.0,710.0,381.0
14.543,792.0,519.0,717.0,403.0
14.549,791.0,509.0,725.0,426.0
14.555,789.0,497.0,732.0,448.0
14.562,784.0,487.0,737.0,472.0
14.568,779.0,476.0,741.0,499.0
14.574,777.0,466.0,744.0,527.0
14.581,771.0,454.0,749.0,554.0
14.588,764.0,444.0,755.0,578.0
14.594,757.0,433.0,757.0,604.0
14.600,749.0,423.0,759.0,628.0
14.606,741.0,412.0,758.0,655.0
14.613,731.0,402.0,758.0,674.0
14.620,722.0,392.0,759.0,692.0
14.626,711.0,383.0,758.0,709.0
14.632,697.0,373.0,755.0,724.0
14.639,685.0,364.0,752.0,738.0
14.645,673.0,357.0,747.0,751.0
14.651,661.0,349.0,738.0,764.0
14.657,643.0,342.0,730.0,774.0
14.665,625.0,333.0,724.0,785.0
14.671,611.0,327.0,715.0,794.0
14.677,592.0,320.0,705.0,802.0
14.683,574.0,315.0,688.0,808.0
14.690,557.0,310.0,670.0,816.0
14.696,542.0,307.0,653.0,820.0
14.702,525.0,302.0,636.0,824.0
14.709,503.0,299.0,620.0,825.0
14.716,486.0,296.0,601.0,826.0
14.722,469.0,293.0,588.0,827.0
14.728,450.0,291.0,584.0,824.0
14.734,432.0,290.0,582.0,820.0
14.741,414.0,290.0,561.0,817.0
14.748,396.0,289.0,539.0,816.0
14.754,380.0,289.0,518.0,813.0
14.760,366.0,290.0,499.0,808.0
14.766,354.0,291.0,474.0,805.0
14.773,336.0,293.0,443.0,803.0
14.779,324.0,297.0,416.0,798.0
14.785,313.0,300.0,402.0,792.0
14.792,304.0,303.0,388.0,784.0
14.799,295.0,308.0,374.0,774.0
14.805,283.0,313.0,360.0,765.0
14.811,275.0,319.0,348.0,752.0
14.817,269.0,324.0,337.0,734.0
14.824,263.0,332.0,327.0,715.0
14.830,255.0,340.0,311.0,698.0
14.837,249.0,348.0,301.0,677.0
14.843,245.0,356.0,292.0,654.0
14.850,240.0,366.0,282.0,635.0
14.856,237.0,376.0,268.0,628.0
14.862,235.0,387.0,260.0,613.0
14.868,233.0,398.0,254.0,593.0
14.876,231.0,409.0,249.0,575.0
14.882,230.0,420.0,244.0,557.0
14.888,229.0,434.0,241.0,537.0
14.894,230.0,447.0,239.0,514.0
14.901,231.0,460.0,236.0,495.0
14.907,232.0,472.0,234.0,469.0
14.913,234.0,487.0,231.0,443.0
14.920,237.0,500.0,230.0,422.0
14.927,239.0,515.0,229.0,397.0
14.933,244.0,528.0,229.0,377.0
14.939,247.0,543.0,229.0,360.0
14.945,253.0,558.0,230.0,346.0
14.951,259.0,571.0,229.0,335.0
14.958,265.0,586.0,231.0,323.0
14.965,272.0,600.0,235.0,308.0
14.971,283.0,612.0,240.0,295.0
14.977,292.0,624.0,242.0,283.0
14.984,296.0,638.0,249.0,270.0
14.990,306.0,649.0,253.0,262.0
14.996,320.0,660.0,260.0,253.0
15.003,331.0,671.0,268.0,244.0
15.010,342.0,681.0,277.0,236.0
15.016,355.0,691.0,285.0,231.0
15.022,369.0,700.0,296.0,226.0
15.028,382.0,708.0,306.0,222.0
15.035,394.0,714.0,318.0,220.0
15.041,409.0,722.0,330.0,219.0
15.048,425.0,729.0,345.0,218.0
15.054,441.0,734.0,359.0,217.0
15.061,452.0,738.0,377.0,215.0
15.067,468.0,743.0,396.0,215.0
15.073,483.0,747.0,413.0,216.0
15.079,499.0,749.0,424.0,218.0
15.086,511.0,752.0,440.0,222.0
15.093,526.0,752.0,452.0,227.0
15.099,544.0,755.0,470.0,234.0
15.105,556.0,756.0,492.0,240.0
15.112,570.0,755.0,514.0,247.0
15.118,585.0,756.0,536.0,255.0
15.124,597.0,755.0,557.0,262.0
15.131,608.0,754.0,573.0,273.0
15.137,618.0,751.0,587.0,284.0
15.144,630.0,749.0,599.0,298.0
15.150,640.0,745.0,612.0,311.0
15.156,649.0,738.0,627.0,322.0
15.162,658.0,735.0,638.0,338.0
15.169,669.0,729.0,647.0,356.0
15.176,676.0,722.0,662.0,375.0
15.182,683.0,713.0,673.0,396.0
15.188,688.0,706.0,683.0,420.0
15.195,693.0,695.0,691.0,442.0
15.201,700.0,686.0,700.0,465.0
15.207,704.0,674.0,706.0,488.0
15.213,708.0,661.0,712.0,511.0
15.221,710.0,650.0,717.0,534.0
15.227,712.0,638.0,721.0,557.0
15.233,715.0,624.0,725.0,578.0
15.239,716.0,612.0,728.0,600.0
15.246,717.0,595.0,729.0,622.0
15.252,716.0,582.0,731.0,644.0
15.259,716.0,567.0,731.0,667.0
15.265,715.0,553.0,732.0,688.0
15.272,714.0,537.0,731.0,708.0
15.278,712.0,522.0,731.0,725.0
15.284,710.0,508.0,728.0,743.0
15.290,707.0,492.0,724.0,759.0
15.297,704.0,477.0,721.0,774.0
15.304,700.0,461.0,715.0,787.0
15.310,696.0,448.0,708.0,799.0
15.316,691.0,435.0,700.0,810.0
15.322,686.0,420.0,689.0,819.0
15.329,679.0,409.0,678.0,827.0
15.335,674.0,395.0,668.0,832.0
15.341,667.0,382.0,658.0,835.0
15.348,660.0,370.0,648.0,837.0
15.355,653.0,358.0,636.0,839.0
15.361,646.0,347.0,623.0,840.0
15.367,636.0,335.0,607.0,841.0
15.373,628.0,325.0,591.0,841.0
15.380,619.0,316.0,575.0,841.0
15.387,611.0,308.0,559.0,841.0
15.393,601.0,300.0,542.0,840.0
15.399,591.0,292.0,525.0,838.0
15.406,580.0,284.0,506.0,838.0
15.412,569.0,279.0,489.0,836.0
15.418,559.0,273.0,472.0,832.0
15.424,546.0,266.0,456.0,825.0
15.432,534.0,260.0,437.0,817.0
15.438,522.0,256.0,418.0,809.0
15.444,511.0,251.0,400.0,797.0
15.450,500.0,247.0,384.0,782.0
15.457,488.0,244.0,368.0,767.0
15.463,476.0,242.0,354.0,751.0
15.469,464.0,239.0,340.0,733.0
15.476,452.0,237.0,328.0,713.0
15.483,441.0,237.0,317.0,692.0
15.489,431.0,236.0,306.0,669.0
15.495,422.0,236.0,297.0,646.0
15.501,413.0,236.0,290.0,623.0
15.508,400.0,237.0,282.0,599.0
15.515,387.0,238.0,277.0,576.0
15.521,380.0,239.0,271.0,552.0
15.527,372.0,242.0,266.0,529.0
15.533,364.0,244.0,262.0,503.0
15.540,354.0,248.0,259.0,478.0
15.546,346.0,252.0,255.0,453.0
15.552,338.0,257.0,253.0,427.0
15.559,331.0,260.0,252.0,402.0
15.566,326.0,266.0,252.0,379.0
15.572,320.0,273.0,251.0,358.0
15.578,315.0,279.0,251.0,338.0
15.584,309.0,288.0,253.0,320.0
15.591,304.0,296.0,255.0,300.0
15.597,302.0,305.0,260.0,281.0
15.604,299.0,316.0,263.0,264.0
15.610,296.0,327.0,268.0,251.0
15.617,293.0,338.0,273.0,240.0
15.623,292.0,348.0,282.0,227.0
15.629,291.0,360.0,291.0,217.0
15.635,293.0,371.0,302.0,209.0
15.643,292.0,382.0,311.0,206.0
15.649,293.0,394.0,322.0,204.0
15.655,295.0,406.0,332.0,203.0
15.661,295.0,418.0,343.0,201.0
15.668,298.0,431.0,358.0,201.0
15.674,300.0,445.0,370.0,199.0
15.680,303.0,455.0,386.0,199.0
15.687,307.0,469.0,405.0,198.0
15.694,311.0,480.0,415.0,199.0
15.700,317.0,492.0,431.0,199.0
15.706,321.0,504.0,454.0,200.0
15.712,329.0,516.0,480.0,200.0
15.718,334.0,528.0,501.0,201.0
15.725,341.0,540.0,522.0,204.0
15.732,350.0,551.0,540.0,206.0
15.738,358.0,562.0,557.0,210.0
15.744,370.0,570.0,573.0,217.0
15.751,379.0,581.0,589.0,226.0
15.757,390.0,591.0,600.0,238.0
15.763,402.0,600.0,612.0,252.0
15.770,412.0,610.0,630.0,266.0
15.777,430.0,617.0,648.0,282.0
15.783,441.0,626.0,663.0,302.0
15.789,455.0,633.0,679.0,320.0
15.795,469.0,639.0,692.0,340.0
15.802,484.0,647.0,702.0,363.0
15.808,500.0,652.0,712.0,387.0
15.815,515.0,657.0,721.0,409.0
15.821,531.0,663.0,727.0,433.0
15.828,547.0,666.0,733.0,455.0
15.834,562.0,669.0,739.0,477.0
15.840,580.0,671.0,743.0,499.0
15.846,593.0,674.0,746.0,522.0
15.853,609.0,675.0,748.0,547.0
15.860,626.0,676.0,752.0,573.0
15.866,640.0,676.0,755.0,597.0
15.872,659.0,676.0,760.0,619.0
15.879,672.0,676.0,760.0,642.0
15.885,683.0,674.0,761.0,664.0
15.891,696.0,672.0,759.0,684.0
15.898,709.0,670.0,754.0,703.0
15.904,720.0,667.0,754.0,719.0
15.911,728.0,663.0,751.0,732.0
15.917,739.0,658.0,749.0,746.0
15.923,750.0,653.0,741.0,760.0
15.929,758.0,648.0,730.0,773.0
15.936,763.0,642.0,723.0,784.0
15.943,772.0,636.0,718.0,792.0
15.949,778.0,628.0,711.0,799.0
15.955,782.0,621.0,694.0,807.0
15.962,785.0,611.0,675.0,814.0
15.968,789.0,604.0,656.0,818.0
15.974,793.0,595.0,638.0,823.0
15.980,794.0,585.0,626.0,824.0
15.988,795.0,575.0,614.0,823.0
15.994,797.0,566.0,600.0,824.0
16.000,797.0,555.0,589.0,825.0
16.006,797.0,544.0,581.0,821.0
16.013,796.0,532.0,566.0,820.0
16.019,794.0,521.0,546.0,817.0
16.026,791.0,511.0,527.0,815.0
16.032,788.0,499.0,508.0,811.0
16.039,785.0,488.0,489.0,806.0
16.045,782.0,477.0,469.0,801.0
16.051,777.0,466.0,436.0,800.0
16.057,771.0,454.0,415.0,794.0
16.064,764.0,443.0,398.0,785.0
16.071,756.0,432.0,380.0,778.0
16.077,751.0,423.0,371.0,764.0
16.083,742.0,413.0,361.0,748.0
16.089,731.0,402.0,352.0,733.0
16.096,720.0,392.0,345.0,711.0
16.102,710.0,382.0,329.0,695.0
16.108,698.0,373.0,314.0,675.0
16.115,686.0,364.0,302.0,656.0
16.122,672.0,356.0,290.0,639.0
16.128,659.0,348.0,279.0,624.0
16.134,641.0,340.0,266.0,616.0
16.140,626.0,334.0,258.0,604.0
16.147,612.0,327.0,251.0,585.0
16.154,595.0,322.0,246.0,565.0
16.160,577.0,315.0,242.0,544.0
16.166,559.0,311.0,241.0,522.0
16.173,543.0,307.0,237.0,503.0
16.179,530.0,304.0,232.0,482.0
16.185,513.0,300.0,231.0,456.0
16.191,492.0,296.0,228.0,434.0
16.199,477.0,294.0,228.0,413.0
16.205,459.0,292.0,228.0,392.0
16.211,441.0,291.0,228.0,374.0
16.217,426.0,290.0,229.0,358.0
16.224,411.0,290.0,229.0,345.0
16.230,395.0,289.0,230.0,330.0
16.236,378.0,289.0,232.0,317.0
16.243,365.0,290.0,235.0,304.0
16.250,353.0,292.0,239.0,292.0
16.256,335.0,294.0,244.0,280.0
16.262,324.0,296.0,251.0,268.0
16.268,314.0,300.0,254.0,261.0
16.275,303.0,303.0,261.0,251.0
16.282,293.0,308.0,271.0,241.0
16.288,282.0,313.0,279.0,235.0
16.294,274.0,319.0,289.0,231.0
16.300,268.0,325.0,301.0,226.0
16.307,260.0,334.0,313.0,222.0
16.313,254.0,339.0,330.0,217.0
16.319,249.0,348.0,343.0,216.0
16.326,244.0,357.0,357.0,215.0
16.333,240.0,368.0,367.0,216.0
16.339,237.0,376.0,379.0,216.0
16.345,234.0,388.0,395.0,215.0
16.351,232.0,400.0,411.0,217.0
16.358,231.0,411.0,425.0,221.0
16.364,231.0,424.0,441.0,227.0
16.371,230.0,437.0,461.0,232.0
16.377,231.0,450.0,479.0,239.0
16.384,231.0,463.0,501.0,246.0
16.390,233.0,478.0,525.0,253.0
16.396,235.0,492.0,547.0,258.0
16.402,238.0,507.0,565.0,268.0
16.410,241.0,521.0,580.0,280.0
16.416,245.0,535.0,594.0,292.0
16.422,251.0,550.0,607.0,304.0
16.428,256.0,564.0,620.0,317.0
16.435,261.0,579.0,633.0,332.0
16.441,268.0,593.0,645.0,350.0
16.447,276.0,608.0,656.0,371.0
16.454,286.0,621.0,670.0,391.0
16.461,296.0,634.0,682.0,415.0
16.467,302.0,646.0,691.0,440.0
16.473,315.0,658.0,700.0,465.0
16.479,329.0,669.0,707.0,488.0
16.485,340.0,680.0,712.0,512.0
16.492,352.0,689.0,717.0,535.0
16.499,367.0,699.0,722.0,557.0
16.505,381.0,707.0,725.0,580.0
16.511,392.0,714.0,727.0,602.0
16.518,403.0,721.0,730.0,624.0
16.524,424.0,728.0,731.0,645.0
16.530,435.0,733.0,732.0,667.0
16.536,449.0,737.0,731.0,688.0
16.544,467.0,742.0,731.0,708.0
16.550,483.0,745.0,731.0,725.0
16.556,495.0,749.0,730.0,742.0
16.562,505.0,751.0,726.0,758.0
16.569,524.0,754.0,722.0,773.0
16.575,539.0,755.0,716.0,785.0
16.582,551.0,756.0,710.0,797.0
16.588,565.0,756.0,702.0,808.0
16.595,580.0,757.0,691.0,818.0
16.601,591.0,755.0,679.0,827.0
16.607,605.0,754.0,670.0,832.0
16.613,616.0,752.0,660.0,835.0
16.620,628.0,749.0,650.0,835.0
16.627,639.0,747.0,639.0,838.0
16.633,649.0,742.0,626.0,840.0
16.639,657.0,737.0,610.0,841.0
16.646,665.0,730.0,592.0,841.0
16.652,675.0,726.0,576.0,842.0
16.658,683.0,717.0,559.0,841.0
16.664,687.0,708.0,543.0,840.0
16.671,694.0,699.0,525.0,840.0
16.678,700.0,688.0,507.0,836.0
16.684,704.0,678.0,489.0,835.0
16.690,707.0,665.0,471.0,832.0
16.696,710.0,652.0,455.0,826.0
16.703,713.0,639.0,440.0,819.0
16.710,714.0,626.0,423.0,809.0
16.716,716.0,612.0,405.0,799.0
16.722,718.0,596.0,388.0,786.0
16.729,717.0,581.0,372.0,771.0
16.735,716.0,566.0,357.0,753.0
16.741,716.0,550.0,343.0,736.0
16.747,713.0,536.0,330.0,717.0
16.755,713.0,521.0,318.0,696.0
16.761,710.0,506.0,308.0,673.0
16.767,707.0,491.0,299.0,650.0
16.773,703.0,475.0,290.0,624.0
16.780,699.0,462.0,283.0,602.0
16.786,694.0,448.0,276.0,576.0
16.792,688.0,433.0,271.0,551.0
16.799,683.0,418.0,265.0,524.0
16.806,677.0,404.0,261.0,496.0
16.812,670.0,390.0,258.0,469.0
16.818,663.0,376.0,254.0,441.0
16.824,655.0,364.0,252.0,415.0
16.831,647.0,350.0,251.0,391.0
16.838,638.0,339.0,251.0,369.0
16.844,630.0,327.0,252.0,347.0
16.850,620.0,318.0,253.0,327.0
16.857,613.0,310.0,254.0,308.0
16.863,604.0,303.0,257.0,292.0
16.869,592.0,293.0,260.0,275.0
16.875,580.0,284.0,264.0,260.0
16.882,570.0,278.0,270.0,247.0
16.889,560.0,273.0,277.0,234.0
16.895,548.0,268.0,284.0,224.0
16.901,537.0,261.0,292.0,216.0
16.907,523.0,256.0,302.0,209.0
16.914,513.0,253.0,312.0,206.0
16.920,501.0,249.0,323.0,204.0
16.927,492.0,245.0,335.0,202.0
16.933,480.0,243.0,347.0,201.0
16.940,469.0,241.0,357.0,200.0
16.946,458.0,240.0,373.0,199.0
16.952,446.0,238.0,394.0,198.0
16.958,436.0,237.0,414.0,199.0
16.966,428.0,236.0,432.0,198.0
16.972,418.0,236.0,447.0,199.0
16.978,407.0,237.0,467.0,200.0
16.984,397.0,238.0,486.0,201.0
16.991,386.0,238.0,506.0,202.0
16.997,378.0,239.0,528.0,204.0
17.003,370.0,242.0,544.0,206.0
17.010,361.0,245.0,560.0,212.0
17.017,352.0,248.0,571.0,220.0
17.023,346.0,252.0,585.0,230.0
17.029,339.0,255.0,598.0,244.0
17.035,331.0,260.0,615.0,258.0
17.042,323.0,266.0,633.0,273.0
17.048,320.0,273.0,649.0,290.0
17.055,313.0,280.0,664.0,307.0
17.061,309.0,287.0,682.0,323.0
17.067,304.0,295.0,691.0,346.0
17.074,302.0,304.0,702.0,365.0
17.080,300.0,313.0,712.0,387.0
17.086,297.0,324.0,720.0,408.0
17.093,293.0,335.0,727.0,430.0
17.100,292.0,347.0,733.0,452.0
17.106,292.0,359.0,737.0,473.0
17.112,291.0,372.0,741.0,496.0
17.118,292.0,382.0,744.0,522.0
17.125,292.0,395.0,747.0,549.0
17.131,294.0,409.0,751.0,574.0
17.138,295.0,420.0,756.0,598.0
17.144,298.0,433.0,760.0,623.0
17.151,302.0,445.0,760.0,645.0
17.157,305.0,459.0,760.0,668.0
17.163,310.0,471.0,758.0,689.0
17.169,313.0,483.0,754.0,708.0
17.176,318.0,495.0,754.0,722.0
17.183,323.0,509.0,752.0,735.0
17.189,329.0,522.0,749.0,748.0
17.195,338.0,532.0,742.0,761.0
17.202,346.0,544.0,734.0,773.0
17.208,357.0,555.0,721.0,784.0
17.214,366.0,566.0,713.0,793.0
17.221,375.0,576.0,707.0,800.0
17.228,388.0,586.0,694.0,808.0
17.234,398.0,597.0,686.0,812.0
17.240,410.0,607.0,663.0,818.0
17.246,423.0,616.0,639.0,821.0
17.252,437.0,624.0,619.0,825.0
17.259,450.0,631.0,605.0,826.0
17.266,464.0,638.0,595.0,826.0
17.272,479.0,643.0,584.0,823.0
17.278,493.0,650.0,572.0,824.0
17.285,510.0,656.0,562.0,822.0
17.291,525.0,660.0,551.0,818.0
17.297,541.0,665.0,530.0,815.0
17.303,559.0,668.0,501.0,813.0
17.311,575.0,670.0,480.0,810.0
17.317,589.0,673.0,455.0,804.0
17.323,607.0,675.0,424.0,802.0
17.329,623.0,676.0,407.0,794.0
17.336,635.0,677.0,392.0,785.0
17.342,648.0,676.0,377.0,777.0
17.349,667.0,676.0,365.0,765.0
17.355,683.0,675.0,357.0,748.0
17.362,691.0,673.0,353.0,727.0
17.368,704.0,671.0,341.0,708.0
17.374,715.0,668.0,326.0,691.0
17.380,725.0,665.0,313.0,671.0
17.387,735.0,660.0,305.0,650.0
17.394,744.0,656.0,294.0,628.0
17.400,752.0,650.0,282.0,614.0
17.406,759.0,646.0,269.0,604.0
17.413,765.0,639.0,258.0,598.0
17.419,773.0,634.0,252.0,582.0
17.425,778.0,626.0,247.0,563.0
17.431,782.0,619.0,242.0,545.0
17.439,787.0,611.0,239.0,522.0
17.445,791.0,603.0,237.0,501.0
17.451,793.0,594.0,234.0,478.0
17.457,794.0,586.0,233.0,450.0
17.463,795.0,575.0,231.0,427.0
17.470,795.0,566.0,230.0,412.0
17.477,797.0,557.0,230.0,393.0
17.483,797.0,546.0,229.0,374.0
17.489,795.0,535.0,229.0,359.0
17.496,793.0,524.0,229.0,346.0
17.502,792.0,514.0,231.0,332.0
17.508,790.0,502.0,232.0,318.0
17.514,786.0,491.0,236.0,304.0
17.522,781.0,480.0,241.0,290.0
17.528,778.0,468.0,245.0,279.0
17.534,772.0,457.0,250.0,268.0
17.540,765.0,447.0,254.0,259.0
17.547,758.0,436.0,260.0,252.0
17.553,752.0,426.0,268.0,245.0
17.559,745.0,415.0,277.0,238.0
17.566,736.0,405.0,288.0,231.0
17.573,724.0,395.0,298.0,226.0
17.579,713.0,386.0,313.0,222.0
17.585,702.0,375.0,325.0,219.0
17.591,688.0,366.0,331.0,219.0
17.598,675.0,358.0,339.0,219.0
17.605,661.0,350.0,353.0,218.0
17.611,644.0,342.0,371.0,217.0
17.617,629.0,334.0,394.0,214.0
17.624,612.0,328.0,412.0,214.0
17.630,597.0,323.0,425.0,218.0
17.636,578.0,317.0,438.0,223.0
17.642,560.0,311.0,449.0,228.0
17.649,543.0,307.0,469.0,233.0
17.656,525.0,303.0,493.0,239.0
17.662,507.0,300.0,518.0,246.0
17.668,486.0,296.0,539.0,252.0
17.674,470.0,294.0,558.0,262.0
17.681,453.0,291.0,574.0,273.0
17.687,433.0,290.0,588.0,286.0
17.694,416.0,289.0,602.0,300.0
17.700,404.0,289.0,616.0,313.0
17.707,387.0,289.0,630.0,325.0
17.713,372.0,290.0,640.0,341.0
17.719,358.0,291.0,649.0,358.0
17.725,347.0,293.0,656.0,382.0
17.733,331.0,295.0,670.0,399.0
17.739,321.0,297.0,683.0,420.0
17.745,310.0,301.0,692.0,446.0
17.751,302.0,304.0,701.0,471.0
17.758,291.0,308.0,708.0,496.0
17.764,282.0,313.0,714.0,522.0
17.770,275.0,319.0,719.0,545.0
17.777,266.0,325.0,723.0,568.0
17.784,261.0,332.0,726.0,590.0
17.790,255.0,339.0,730.0,612.0
17.796,250.0,345.0,730.0,632.0
17.802,246.0,355.0,732.0,652.0
17.809,241.0,364.0,732.0,673.0
17.815,237.0,374.0,730.0,697.0
17.822,236.0,384.0,728.0,718.0
17.828,233.0,395.0,729.0,734.0
17.835,231.0,407.0,727.0,749.0
17.841,229.0,418.0,725.0,764.0
17.847,230.0,431.0,721.0,777.0
17.853,230.0,445.0,714.0,792.0
17.859,231.0,457.0,705.0,804.0
17.867,233.0,471.0,694.0,816.0
17.873,234.0,486.0,681.0,826.0
17.879,237.0,501.0,671.0,831.0
17.885,240.0,514.0,664.0,834.0
17.892,244.0,529.0,654.0,836.0
17.898,247.0,545.0,644.0,837.0
17.905,254.0,561.0,629.0,838.0
17.911,261.0,575.0,612.0,841.0
17.918,267.0,591.0,595.0,841.0
17.924,275.0,606.0,581.0,842.0
17.930,285.0,618.0,568.0,839.0
17.936,295.0,631.0,553.0,840.0
17.943,302.0,644.0,534.0,840.0
17.950,314.0,657.0,516.0,838.0
17.956,328.0,667.0,497.0,837.0
17.962,338.0,680.0,480.0,834.0
17.969,350.0,690.0,463.0,829.0
17.975,364.0,699.0,446.0,823.0
17.981,376.0,707.0,427.0,814.0
17.987,393.0,715.0,410.0,803.0
17.995,408.0,722.0,393.0,790.0
18.001,424.0,729.0,377.0,777.0
18.007,438.0,733.0,363.0,761.0
18.013,452.0,738.0,348.0,743.0
18.020,467.0,743.0,336.0,725.0
18.026,482.0,747.0,323.0,704.0
18.033,500.0,749.0,312.0,684.0
18.039,510.0,752.0,303.0,661.0
18.045,527.0,754.0,294.0,638.0
18.052,543.0,755.0,287.0,613.0
18.058,559.0,756.0,280.0,588.0
18.064,569.0,756.0,273.0,563.0
18.070,583.0,756.0,267.0,535.0
18.078,596.0,755.0,262.0,506.0
18.084,608.0,753.0,258.0,479.0
18.090,616.0,751.0,255.0,451.0
18.096,631.0,749.0,254.0,425.0
18.103,641.0,745.0,252.0,400.0
18.109,650.0,741.0,252.0,378.0
18.115,658.0,735.0,251.0,357.0
18.122,668.0,730.0,251.0,337.0
18.129,675.0,723.0,253.0,318.0
18.135,684.0,716.0,256.0,299.0
18.141,687.0,708.0,259.0,281.0
18.147,693.0,699.0,263.0,266.0
18.154,699.0,689.0,268.0,251.0
18.161,703.0,677.0,275.0,238.0
18.167,705.0,666.0,283.0,226.0
18.173,708.0,654.0,291.0,217.0
18.180,713.0,642.0,300.0,211.0
18.186,714.0,627.0,309.0,207.0
18.192,716.0,615.0,320.0,204.0
18.198,718.0,599.0,333.0,202.0
18.206,717.0,586.0,343.0,201.0
18.212,718.0,569.0,355.0,200.0
18.218,717.0,555.0,369.0,199.0
18.224,716.0,539.0,388.0,198.0
18.231,714.0,526.0,408.0,198.0
18.237,711.0,511.0,427.0,198.0
18.243,708.0,495.0,443.0,199.0
18.250,705.0,480.0,465.0,200.0
18.256,701.0,466.0,484.0,200.0
18.263,697.0,450.0,507.0,202.0
18.269,691.0,437.0,527.0,204.0
18.275,686.0,421.0,545.0,207.0
18.281,679.0,408.0,561.0,212.0
18.289,673.0,395.0,575.0,220.0
18.295,666.0,380.0,592.0,228.0
18.301,658.0,368.0,604.0,241.0
18.307,652.0,355.0,621.0,251.0
18.314,639.0,347.0,637.0,264.0
18.320,632.0,333.0,653.0,281.0
18.326,622.0,322.0,666.0,300.0
18.333,615.0,312.0,679.0,318.0
18.340,604.0,303.0,691.0,338.0
18.346,594.0,294.0,701.0,359.0
18.352,582.0,286.0,710.0,381.0
18.358,570.0,278.0,718.0,404.0
18.365,559.0,272.0,724.0,426.0
18.371,548.0,267.0,731.0,447.0
18.378,537.0,261.0,736.0,471.0
18.384,522.0,256.0,740.0,499.0
18.391,510.0,252.0,743.0,526.0
18.397,498.0,248.0,749.0,551.0
18.403,490.0,245.0,753.0,578.0
18.409,476.0,243.0,756.0,602.0
18.417,466.0,240.0,757.0,625.0
18.423,452.0,238.0,759.0,647.0
18.429,442.0,236.0,760.0,666.0
18.435,431.0,236.0,761.0,685.0
18.441,423.0,236.0,758.0,702.0
18.448,414.0,237.0,756.0,718.0
18.454,402.0,237.0,751.0,732.0
18.461,390.0,237.0,747.0,745.0
18.467,381.0,239.0,742.0,758.0
18.474,373.0,242.0,732.0,770.0
18.480,365.0,243.0,726.0,782.0
18.486,357.0,247.0,718.0,791.0
18.492,346.0,248.0,709.0,798.0
18.499,341.0,253.0,697.0,805.0
18.506,334.0,257.0,678.0,814.0
18.512,329.0,263.0,654.0,819.0
18.518,323.0,268.0,636.0,823.0
18.525,318.0,274.0,624.0,825.0
18.531,314.0,281.0,612.0,826.0
18.537,309.0,290.0,598.0,826.0
18.544,305.0,297.0,582.0,827.0
18.551,303.0,305.0,567.0,825.0
18.557,300.0,315.0,562.0,823.0
18.563,296.0,325.0,546.0,820.0
18.569,294.0,336.0,528.0,817.0
18.576,292.0,346.0,510.0,814.0
18.582,291.0,357.0,488.0,810.0
18.589,291.0,369.0,460.0,807.0
18.595,291.0,380.0,435.0,804.0
18.602,291.0,391.0,417.0,797.0
18.608,292.0,403.0,401.0,791.0
18.614,293.0,416.0,386.0,783.0
18.620,296.0,427.0,373.0,773.0
18.627,297.0,441.0,357.0,762.0
18.634,302.0,453.0,349.0,746.0
18.640,306.0,466.0,346.0,722.0
18.646,308.0,478.0,334.0,700.0
18.652,314.0,488.0,318.0,683.0
18.659,319.0,501.0,305.0,663.0
18.665,326.0,514.0,295.0,643.0
18.672,332.0,525.0,282.0,626.0
18.678,339.0,538.0,270.0,613.0
18.685,349.0,549.0,258.0,608.0
18.691,357.0,560.0,252.0,589.0
18.697,369.0,570.0,248.0,570.0
18.703,381.0,580.0,247.0,546.0
18.710,390.0,592.0,245.0,523.0
18.717,404.0,601.0,240.0,502.0
18.723,415.0,612.0,237.0,481.0
18.729,432.0,619.0,233.0,456.0
18.736,446.0,628.0,232.0,429.0
18.742,460.0,636.0,230.0,404.0
18.748,474.0,643.0,230.0,387.0
18.754,489.0,649.0,231.0,371.0
18.762,506.0,654.0,231.0,356.0
18.768,520.0,658.0,231.0,344.0
18.774,537.0,664.0,231.0,332.0
18.780,554.0,668.0,232.0,320.0
18.787,571.0,670.0,235.0,306.0
18.793,587.0,671.0,239.0,294.0
18.800,602.0,674.0,244.0,282.0
18.806,619.0,676.0,249.0,271.0
18.813,635.0,676.0,252.0,264.0
18.819,648.0,677.0,260.0,254.0
18.825,666.0,676.0,269.0,246.0
18.831,675.0,674.0,276.0,238.0
18.837,690.0,672.0,285.0,232.0
18.845,700.0,671.0,295.0,227.0
18.851,712.0,668.0,306.0,224.0
18.857,725.0,666.0,317.0,220.0
18.863,732.0,662.0,329.0,220.0
18.870,740.0,657.0,344.0,217.0
18.876,751.0,653.0,358.0,217.0
18.882,759.0,647.0,374.0,215.0
18.889,765.0,641.0,392.0,215.0
18.896,771.0,635.0,408.0,217.0
18.902,777.0,628.0,424.0,218.0
18.908,781.0,620.0,438.0,221.0
18.914,785.0,612.0,452.0,225.0
18.921,790.0,604.0,470.0,230.0
18.928,792.0,595.0,492.0,235.0
18.934,793.0,587.0,510.0,243.0
18.940,795.0,577.0,531.0,251.0
18.947,797.0,567.0,550.0,259.0
18.953,796.0,559.0,568.0,269.0
18.959,795.0,548.0,583.0,281.0
18.965,796.0,537.0,597.0,294.0
18.973,795.0,527.0,611.0,306.0
18.979,793.0,517.0,623.0,319.0
18.985,792.0,505.0,635.0,334.0
18.991,788.0,495.0,644.0,351.0
18.998,783.0,484.0,656.0,369.0
19.004,780.0,473.0,669.0,390.0
19.010,774.0,461.0,680.0,412.0
19.017,767.0,450.0,690.0,437.0
19.024,761.0,439.0,699.0,461.0
19.030,754.0,428.0,705.0,486.0
19.036,746.0,418.0,712.0,511.0
19.042,737.0,407.0,717.0,534.0
19.048,726.0,398.0,721.0,558.0
19.056,715.0,387.0,726.0,580.0
19.062,704.0,378.0,728.0,602.0
19.068,690.0,369.0,730.0,624.0
19.074,677.0,361.0,732.0,645.0
19.081,665.0,352.0,732.0,666.0
19.087,648.0,345.0,731.0,687.0
19.093,631.0,335.0,730.0,708.0
19.100,615.0,329.0,729.0,725.0
19.107,600.0,323.0,727.0,744.0
19.113,578.0,316.0,722.0,761.0
19.119,559.0,311.0,721.0,773.0
19.125,546.0,307.0,717.0,785.0
19.132,528.0,303.0,710.0,797.0
19.138,506.0,299.0,703.0,808.0
19.145,490.0,297.0,692.0,819.0
19.151,470.0,294.0,678.0,828.0
19.158,452.0,292.0,665.0,833.0
19.164,434.0,291.0,654.0,836.0
19.170,417.0,289.0,645.0,838.0
19.176,403.0,289.0,635.0,839.0
19.184,384.0,289.0,621.0,839.0
19.190,370.0,291.0,604.0,840.0
19.196,356.0,291.0,586.0,841.0
19.202,342.0,293.0,569.0,842.0
19.209,328.0,295.0,552.0,840.0
19.215,316.0,299.0,535.0,839.0
19.221,305.0,302.0,517.0,838.0
19.228,296.0,306.0,497.0,837.0
19.234,286.0,311.0,480.0,834.0
19.241,277.0,316.0,463.0,829.0
19.247,271.0,323.0,446.0,822.0
19.253,262.0,330.0,428.0,814.0
19.259,256.0,336.0,412.0,805.0
19.266,251.0,344.0,396.0,793.0
19.273,247.0,354.0,381.0,780.0
19.279,241.0,362.0,366.0,765.0
19.285,238.0,373.0,352.0,749.0
19.292,236.0,383.0,340.0,732.0
19.298,234.0,394.0,328.0,713.0
19.304,232.0,405.0,317.0,693.0
19.310,230.0,415.0,307.0,672.0
19.318,230.0,429.0,298.0,650.0
19.324,230.0,441.0,290.0,626.0
19.330,231.0,453.0,284.0,599.0
19.336,231.0,466.0,275.0,570.0
19.343,233.0,481.0,268.0,541.0
19.349,235.0,495.0,263.0,512.0
19.356,238.0,508.0,259.0,483.0
19.362,242.0,522.0,257.0,454.0
19.369,246.0,537.0,254.0,427.0
19.375,251.0,551.0,252.0,402.0
19.381,257.0,565.0,251.0,379.0
19.387,263.0,579.0,252.0,357.0
19.394,269.0,594.0,252.0,336.0
19.401,278.0,608.0,253.0,317.0
19.407,289.0,621.0,256.0,300.0
19.413,296.0,634.0,257.0,283.0
19.420,304.0,646.0,262.0,267.0
19.426,317.0,659.0,268.0,253.0
19.432,332.0,670.0,273.0,240.0
19.438,342.0,681.0,281.0,229.0
19.445,354.0,691.0,288.0,220.0
19.452,369.0,700.0,299.0,213.0
19.458,383.0,709.0,308.0,207.0
19.464,394.0,716.0,319.0,205.0
19.470,413.0,724.0,330.0,202.0
19.477,428.0,729.0,344.0,201.0
19.484,443.0,735.0,355.0,200.0
19.490,454.0,740.0,368.0,199.0
19.496,476.0,745.0,387.0,199.0
19.503,489.0,748.0,406.0,198.0
19.509,504.0,750.0,420.0,199.0
19.515,514.0,752.0,436.0,200.0
19.521,530.0,754.0,462.0,200.0
19.529,548.0,756.0,482.0,201.0
19.535,559.0,756.0,507.0,202.0
19.541,569.0,755.0,527.0,203.0
19.547,585.0,754.0,544.0,206.0
19.554,600.0,754.0,560.0,212.0
19.560,612.0,752.0,574.0,220.0
19.566,624.0,750.0,591.0,229.0
19.573,635.0,746.0,606.0,237.0
19.580,644.0,742.0,621.0,249.0
19.586,655.0,737.0,637.0,264.0
19.592,664.0,732.0,651.0,280.0
19.598,672.0,725.0,665.0,298.0
19.605,679.0,718.0,679.0,317.0
19.612,684.0,710.0,691.0,337.0
19.618,690.0,701.0,700.0,358.0
19.624,696.0,692.0,709.0,381.0
19.631,703.0,681.0,719.0,402.0
19.637,706.0,670.0,725.0,424.0
19.643,710.0,658.0,731.0,445.0
19.649,712.0,646.0,736.0,467.0
19.656,715.0,633.0,739.0,491.0
19.663,715.0,619.0,742.0,519.0
19.669,717.0,606.0,745.0,544.0
19.675,718.0,591.0,748.0,570.0
19.681,717.0,576.0,752.0,595.0
19.688,714.0,563.0,755.0,618.0
19.694,715.0,547.0,758.0,641.0
19.701,714.0,533.0,761.0,662.0
19.707,713.0,517.0,760.0,683.0
19.714,709.0,503.0,758.0,703.0
19.720,707.0,487.0,753.0,720.0
19.726,703.0,473.0,749.0,735.0
19.732,700.0,458.0,744.0,749.0
19.740,695.0,443.0,741.0,760.0
19.746,689.0,430.0,734.0,772.0
19.752,684.0,416.0,725.0,782.0
19.758,679.0,403.0,719.0,792.0
19.765,671.0,391.0,709.0,799.0
19.771,665.0,377.0,696.0,807.0
19.777,657.0,366.0,678.0,814.0
19.784,650.0,352.0,658.0,819.0
19.791,640.0,341.0,641.0,822.0
19.797,630.0,330.0,623.0,823.0
19.803,622.0,319.0,606.0,825.0
19.809,612.0,312.0,593.0,826.0
19.816,603.0,303.0,582.0,826.0
19.822,592.0,293.0,582.0,822.0
19.829,581.0,285.0,570.0,821.0
19.835,571.0,279.0,551.0,819.0
19.842,560.0,272.0,531.0,816.0
19.848,547.0,266.0,510.0,812.0
19.854,535.0,261.0,489.0,807.0
19.860,522.0,256.0,458.0,805.0
19.867,511.0,252.0,428.0,802.0
19.874,501.0,248.0,411.0,796.0
19.880,488.0,245.0,396.0,787.0
19.886,476.0,243.0,381.0,779.0
19.892,465.0,241.0,366.0,769.0
19.899,454.0,239.0,351.0,759.0
19.905,443.0,238.0,340.0,745.0
19.912,431.0,236.0,332.0,725.0
19.918,422.0,237.0,319.0,708.0
19.925,412.0,237.0,307.0,692.0
19.931,404.0,237.0,301.0,668.0
19.937,392.0,237.0,292.0,648.0
19.943,381.0,240.0,278.0,635.0
19.950,373.0,243.0,266.0,629.0
19.957,365.0,244.0,259.0,611.0
19.963,358.0,247.0,254.0,592.0
19.969,348.0,249.0,249.0,573.0
19.976,341.0,253.0,244.0,553.0
19.982,335.0,258.0,241.0,531.0
19.988,330.0,264.0,237.0,510.0
19.995,325.0,268.0,233.0,488.0
20.002,318.0,276.0,231.0,463.0
20.008,312.0,282.0,230.0,437.0
20.014,308.0,291.0,229.0,414.0
20.020,305.0,299.0,229.0,393.0
20.027,302.0,307.0,230.0,376.0
20.033,299.0,316.0,229.0,361.0
20.040,297.0,327.0,229.0,349.0
20.046,294.0,336.0,229.0,336.0
20.053,293.0,347.0,232.0,323.0
20.059,292.0,358.0,234.0,309.0
20.065,291.0,369.0,237.0,297.0
20.071,291.0,381.0,242.0,285.0
20.077,292.0,392.0,248.0,273.0
20.085,293.0,403.0,252.0,263.0
20.091,295.0,415.0,259.0,253.0
20.097,295.0,427.0,266.0,245.0
20.103,298.0,441.0,274.0,239.0
20.110,303.0,449.0,284.0,231.0
20.116,306.0,463.0,295.0,227.0
20.123,310.0,474.0,304.0,223.0
20.129,313.0,487.0,315.0,222.0
20.136,318.0,498.0,326.0,220.0
20.142,324.0,510.0,341.0,218.0
20.148,330.0,521.0,355.0,217.0
20.154,337.0,532.0,371.0,217.0
20.161,343.0,544.0,392.0,215.0
20.168,353.0,555.0,404.0,217.0
20.174,362.0,565.0,421.0,217.0
20.180,372.0,574.0,435.0,221.0
20.187,384.0,585.0,449.0,226.0
20.193,393.0,595.0,466.0,231.0
20.199,405.0,604.0,487.0,237.0
20.205,418.0,613.0,506.0,246.0
20.213,433.0,622.0,527.0,253.0
20.219,446.0,629.0,549.0,260.0
20.225,460.0,637.0,568.0,269.0
20.231,475.0,642.0,584.0,280.0
20.238,489.0,649.0,596.0,293.0
20.244,509.0,655.0,610.0,307.0
20.251,523.0,659.0,623.0,321.0
20.257,540.0,664.0,636.0,334.0
20.263,559.0,668.0,646.0,351.0
20.270,575.0,671.0,657.0,371.0
20.276,590.0,674.0,670.0,391.0
20.282,612.0,675.0,680.0,413.0
20.288,624.0,676.0,689.0,436.0
20.296,636.0,676.0,698.0,460.0
20.302,657.0,676.0,705.0,484.0
20.308,672.0,675.0,711.0,509.0
20.314,684.0,674.0,715.0,533.0
20.321,694.0,672.0,721.0,555.0
20.327,706.0,669.0,725.0,578.0
20.333,720.0,667.0,727.0,601.0
20.340,729.0,663.0,730.0,623.0
20.347,738.0,658.0,732.0,644.0
20.353,749.0,653.0,732.0,664.0
20.359,758.0,648.0,732.0,686.0
20.365,764.0,641.0,730.0,707.0
20.372,771.0,635.0,730.0,726.0
20.379,778.0,628.0,728.0,741.0
20.385,783.0,621.0,727.0,756.0
20.391,786.0,611.0,723.0,771.0
20.398,790.0,603.0,718.0,784.0
20.404,793.0,593.0,711.0,797.0
20.410,794.0,584.0,703.0,808.0
20.416,796.0,574.0,691.0,818.0
20.424,797.0,563.0,678.0,826.0
20.430,796.0,554.0,666.0,833.0
20.436,797.0,543.0,658.0,835.0
20.442,796.0,532.0,649.0,837.0
20.448,794.0,522.0,638.0,838.0
20.455,792.0,511.0,623.0,839.0
20.461,789.0,500.0,606.0,841.0
20.468,786.0,489.0,588.0,841.0
20.474,782.0,478.0,572.0,841.0
20.481,777.0,468.0,555.0,841.0
20.487,772.0,456.0,539.0,840.0
20.493,765.0,445.0,521.0,839.0
20.499,758.0,435.0,502.0,837.0
20.507,752.0,425.0,485.0,835.0
20.513,744.0,415.0,468.0,831.0
20.519,733.0,405.0,451.0,824.0
20.525,724.0,394.0,432.0,816.0
20.532,713.0,384.0,415.0,805.0
20.538,700.0,375.0,395.0,793.0
20.544,688.0,367.0,378.0,777.0
20.551,675.0,358.0,362.0,762.0
20.558,662.0,350.0,348.0,743.0
20.564,647.0,342.0,335.0,724.0
20.570,629.0,335.0,322.0,703.0
20.576,614.0,329.0,311.0,681.0
20.583,596.0,322.0,301.0,657.0
20.589,578.0,316.0,293.0,634.0
20.596,560.0,311.0,285.0,609.0
20.602,545.0,307.0,279.0,586.0
20.609,524.0,302.0,273.0,562.0
20.615,505.0,299.0,268.0,537.0
20.621,487.0,296.0,264.0,513.0
20.627,470.0,294.0,259.0,488.0
20.635,451.0,293.0,256.0,461.0
20.641,432.0,290.0,254.0,436.0
20.647,415.0,289.0,252.0,411.0
20.653,401.0,289.0,251.0,386.0
20.659,384.0,289.0,251.0,365.0
20.666,369.0,290.0,251.0,345.0
20.672,355.0,292.0,252.0,326.0
20.679,338.0,293.0,254.0,304.0
20.685,326.0,296.0,260.0,285.0
20.692,314.0,299.0,262.0,267.0
20.698,305.0,304.0,267.0,255.0
20.704,295.0,307.0,273.0,240.0
20.710,284.0,312.0,282.0,228.0
20.717,276.0,317.0,292.0,216.0
20.724,269.0,325.0,301.0,211.0
20.730,261.0,332.0,309.0,207.0
20.736,256.0,339.0,319.0,205.0
20.743,249.0,347.0,330.0,202.0
20.749,245.0,356.0,344.0,201.0
20.755,240.0,366.0,357.0,200.0
20.762,237.0,376.0,369.0,199.0
20.769,235.0,387.0,386.0,199.0
20.775,234.0,398.0,403.0,198.0
20.781,230.0,410.0,415.0,199.0
20.787,230.0,423.0,434.0,201.0
20.794,230.0,435.0,456.0,200.0
20.800,230.0,448.0,480.0,200.0
20.807,231.0,461.0,501.0,202.0
20.813,232.0,474.0,524.0,203.0
20.820,234.0,488.0,542.0,206.0
20.826,237.0,502.0,558.0,211.0
20.832,241.0,517.0,575.0,219.0
20.838,244.0,531.0,589.0,228.0
20.844,248.0,547.0,601.0,241.0
20.852,255.0,561.0,614.0,253.0
20.858,262.0,574.0,630.0,267.0
20.864,267.0,588.0,647.0,285.0
20.870,275.0,603.0,663.0,303.0
20.877,284.0,616.0,680.0,321.0
20.883,295.0,628.0,692.0,343.0
20.890,299.0,640.0,704.0,366.0
20.896,309.0,651.0,714.0,390.0
20.903,323.0,664.0,722.0,414.0
20.909,333.0,674.0,728.0,438.0
20.915,344.0,683.0,735.0,462.0
20.921,356.0,695.0,740.0,484.0
20.928,373.0,704.0,745.0,507.0
20.935,386.0,711.0,749.0,529.0
20.941,398.0,719.0,752.0,552.0
20.947,419.0,725.0,752.0,578.0
20.954,433.0,731.0,755.0,602.0
20.960,445.0,737.0,756.0,625.0
20.966,463.0,741.0,759.0,644.0
20.972,481.0,745.0,760.0,666.0
20.980,494.0,748.0,760.0,686.0
20.986,504.0,750.0,758.0,705.0
20.992,517.0,752.0,754.0,723.0
20.998,535.0,755.0,749.0,737.0
21.005,553.0,756.0,747.0,749.0
21.011,564.0,756.0,741.0,762.0
21.018,578.0,756.0,729.0,774.0
21.024,591.0,755.0,723.0,785.0
21.030,603.0,754.0,716.0,793.0
21.037,614.0,752.0,708.0,800.0
21.043,628.0,748.0,693.0,807.0
21.049,638.0,746.0,673.0,814.0
21.055,648.0,741.0,653.0,819.0
21.063,656.0,736.0,635.0,823.0
21.069,665.0,730.0,623.0,825.0
21.075,676.0,724.0,611.0,825.0
21.081,683.0,715.0,599.0,825.0
21.088,688.0,706.0,586.0,826.0
21.094,694.0,696.0,576.0,823.0
21.100,699.0,685.0,566.0,820.0
21.107,705.0,674.0,545.0,818.0
21.114,708.0,662.0,527.0,816.0
21.120,710.0,651.0,507.0,811.0
21.126,713.0,638.0,488.0,805.0
21.132,714.0,624.0,465.0,801.0
21.139,716.0,611.0,434.0,799.0
21.146,717.0,597.0,413.0,794.0
21.152,716.0,583.0,398.0,785.0
21.158,717.0,566.0,380.0,778.0
21.165,715.0,552.0,370.0,765.0
21.171,714.0,538.0,361.0,748.0
21.177,713.0,523.0,352.0,729.0
21.183,710.0,509.0,343.0,709.0
21.191,708.0,493.0,327.0,693.0
21.197,704.0,480.0,313.0,675.0
21.203,700.0,464.0,302.0,656.0
21.209,697.0,450.0,290.0,640.0
21.215,691.0,438.0,279.0,625.0
21.222,686.0,423.0,268.0,617.0
21.228,679.0,411.0,258.0,605.0
21.235,675.0,399.0,252.0,586.0
21.241,668.0,385.0,247.0,565.0
21.248,662.0,373.0,243.0,544.0
21.254,654.0,362.0,238.0,523.0
21.260,647.0,352.0,235.0,503.0
21.266,637.0,341.0,233.0,481.0
21.274,629.0,329.0,232.0,457.0
21.280,620.0,320.0,228.0,435.0
21.286,612.0,312.0,229.0,416.0
21.292,602.0,302.0,227.0,395.0
21.299,593.0,293.0,229.0,374.0
21.305,582.0,285.0,228.0,359.0
21.311,572.0,279.0,229.0,346.0
21.318,562.0,272.0,230.0,332.0
21.325,550.0,266.0,233.0,319.0
21.331,539.0,261.0,235.0,307.0
21.337,527.0,256.0,239.0,294.0
21.343,517.0,253.0,244.0,284.0
21.350,506.0,249.0,249.0,273.0
21.356,494.0,246.0,255.0,262.0
21.363,482.0,243.0,261.0,253.0
21.369,472.0,240.0,269.0,243.0
21.376,459.0,239.0,277.0,236.0
21.382,447.0,237.0,287.0,231.0
21.388,437.0,236.0,299.0,227.0
21.394,428.0,236.0,310.0,222.0
21.402,419.0,236.0,327.0,219.0
21.408,407.0,237.0,336.0,218.0
21.414,396.0,237.0,353.0,217.0
21.420,385.0,238.0,365.0,215.0
21.426,379.0,240.0,381.0,216.0
21.433,368.0,242.0,394.0,216.0
21.439,359.0,246.0,412.0,217.0
21.446,350.0,247.0,428.0,218.0
21.452,344.0,251.0,441.0,222.0
21.459,336.0,257.0,451.0,228.0
21.465,330.0,263.0,467.0,235.0
21.471,323.0,268.0,487.0,242.0
21.477,320.0,275.0,511.0,248.0
21.484,314.0,281.0,534.0,256.0
21.491,309.0,290.0,557.0,262.0
21.497,304.0,298.0,574.0,274.0
21.503,302.0,308.0,589.0,286.0
21.510,299.0,317.0,602.0,300.0
21.516,296.0,328.0,615.0,313.0
21.522,293.0,339.0,629.0,326.0
21.528,292.0,351.0,641.0,340.0
21.536,292.0,363.0,650.0,359.0
21.542,292.0,374.0,657.0,381.0
21.548,292.0,384.0,671.0,399.0
21.554,293.0,397.0,684.0,421.0
21.561,294.0,408.0,693.0,446.0
21.567,295.0,421.0,702.0,473.0
21.574,298.0,433.0,708.0,497.0
21.580,300.0,446.0,715.0,522.0
21.587,304.0,459.0,719.0,547.0
21.593,307.0,471.0,723.0,571.0
21.599,311.0,483.0,727.0,592.0
21.605,317.0,493.0,729.0,613.0
21.611,322.0,506.0,731.0,634.0
21.619,329.0,518.0,732.0,654.0
21.625,335.0,529.0,732.0,674.0
21.631,345.0,539.0,732.0,694.0
21.637,354.0,551.0,731.0,713.0
21.644,362.0,563.0,729.0,730.0
21.650,372.0,573.0,727.0,747.0
21.656,384.0,583.0,723.0,761.0
21.663,393.0,595.0,721.0,774.0
21.670,405.0,602.0,717.0,785.0
21.676,416.0,613.0,709.0,797.0
21.682,432.0,621.0,703.0,808.0
21.688,444.0,629.0,691.0,818.0
21.695,459.0,635.0,678.0,827.0
21.702,473.0,642.0,667.0,832.0
21.708,487.0,649.0,659.0,835.0
21.714,506.0,654.0,652.0,837.0
21.721,518.0,659.0,642.0,837.0
21.727,535.0,664.0,627.0,839.0
21.733,553.0,668.0,605.0,841.0
21.739,568.0,671.0,584.0,842.0
21.747,584.0,672.0,566.0,842.0
21.753,601.0,674.0,551.0,841.0
21.759,618.0,675.0,536.0,839.0
21.765,633.0,677.0,516.0,838.0
21.772,645.0,676.0,495.0,837.0
21.778,663.0,676.0,478.0,833.0
21.784,681.0,675.0,462.0,828.0
21.791,690.0,674.0,444.0,822.0
21.797,701.0,672.0,428.0,814.0
21.804,714.0,668.0,411.0,805.0
21.810,727.0,665.0,396.0,793.0
21.816,735.0,661.0,381.0,780.0
21.822,744.0,656.0,367.0,766.0
21.830,753.0,651.0,353.0,749.0
21.836,762.0,646.0,340.0,732.0
21.842,768.0,638.0,329.0,713.0
21.848,775.0,632.0,316.0,691.0
21.855,780.0,624.0,306.0,668.0
21.861,784.0,616.0,297.0,645.0
21.867,788.0,608.0,289.0,620.0
21.874,792.0,599.0,281.0,593.0
21.881,793.0,590.0,273.0,563.0
21.887,794.0,579.0,267.0,534.0
21.893,794.0,570.0,262.0,505.0
21.899,797.0,560.0,258.0,476.0
21.906,797.0,548.0,255.0,448.0
21.912,796.0,538.0,253.0,422.0
21.919,795.0,527.0,251.0,397.0
21.925,793.0,517.0,251.0,375.0
21.932,790.0,505.0,251.0,352.0
21.938,787.0,493.0,253.0,333.0
21.944,783.0,482.0,253.0,315.0
21.950,779.0,473.0,256.0,297.0
21.958,773.0,459.0,259.0,280.0
21.964,767.0,448.0,264.0,265.0
21.970,760.0,437.0,268.0,250.0
21.976,752.0,427.0,275.0,238.0
21.983,744.0,416.0,281.0,227.0
21.989,734.0,405.0,290.0,219.0
21.995,723.0,395.0,299.0,211.0
22.002,714.0,385.0,309.0,207.0
22.008,701.0,376.0,321.0,204.0
22.015,687.0,367.0,334.0,203.0
22.021,675.0,358.0,344.0,201.0
22.027,664.0,351.0,356.0,200.0
22.033,650.0,344.0,369.0,199.0
22.040,632.0,336.0,390.0,199.0
22.047,617.0,330.0,406.0,198.0
22.053,602.0,323.0,423.0,199.0
22.059,582.0,317.0,441.0,200.0
22.066,565.0,313.0,464.0,201.0
22.072,550.0,308.0,490.0,201.0
22.078,534.0,305.0,512.0,202.0
22.085,516.0,301.0,532.0,205.0
22.092,497.0,298.0,550.0,208.0
22.098,480.0,295.0,566.0,214.0
22.104,462.0,292.0,578.0,224.0
22.110,443.0,291.0,597.0,232.0
22.117,428.0,289.0,612.0,242.0
22.123,413.0,289.0,626.0,255.0
22.130,396.0,289.0,637.0,272.0
22.136,379.0,289.0,649.0,293.0
22.143,365.0,290.0,666.0,309.0
22.149,354.0,292.0,683.0,326.0
22.155,337.0,295.0,695.0,348.0
22.161,325.0,296.0,705.0,370.0
22.168,315.0,299.0,714.0,393.0
22.175,303.0,303.0,723.0,417.0
22.181,293.0,307.0,730.0,441.0
22.187,282.0,313.0,735.0,464.0
22.193,275.0,318.0,740.0,488.0
22.200,268.0,325.0,744.0,511.0
22.206,260.0,332.0,748.0,535.0
22.213,254.0,340.0,751.0,562.0
22.219,249.0,349.0,752.0,587.0
22.226,244.0,357.0,755.0,612.0
22.232,240.0,368.0,758.0,633.0
22.238,236.0,377.0,760.0,655.0
22.244,234.0,390.0,761.0,676.0
22.251,231.0,401.0,759.0,697.0
22.258,231.0,412.0,755.0,714.0
22.264,231.0,424.0,752.0,730.0
22.270,230.0,437.0,746.0,744.0
22.277,230.0,452.0,744.0,755.0
22.283,231.0,465.0,737.0,768.0
22.289,233.0,478.0,726.0,780.0
22.295,235.0,494.0,715.0,790.0
22.303,238.0,509.0,708.0,797.0
22.309,242.0,523.0,698.0,805.0
22.315,247.0,538.0,682.0,812.0
22.321,252.0,552.0,665.0,817.0
22.328,257.0,567.0,642.0,821.0
22.334,262.0,582.0,623.0,825.0
22.341,269.0,598.0,609.0,826.0
22.347,279.0,611.0,596.0,827.0
22.354,289.0,624.0,583.0,827.0
22.360,296.0,636.0,573.0,825.0
22.366,302.0,649.0,572.0,820.0
22.372,316.0,660.0,552.0,818.0
22.379,331.0,671.0,531.0,816.0
22.386,342.0,681.0,509.0,812.0
22.392,353.0,691.0,489.0,808.0
22.398,367.0,701.0,465.0,803.0
22.404,382.0,708.0,434.0,801.0
22.411,394.0,715.0,411.0,796.0
22.417,409.0,723.0,399.0,788.0
22.423,428.0,729.0,381.0,780.0
22.430,440.0,734.0,371.0,766.0
22.437,452.0,739.0,357.0,753.0
22.443,467.0,743.0,350.0,733.0
22.449,485.0,747.0,343.0,711.0
22.455,500.0,750.0,329.0,695.0
22.462,511.0,752.0,317.0,677.0
22.469,528.0,754.0,308.0,657.0
22.475,543.0,755.0,300.0,634.0
22.481,556.0,755.0,287.0,617.0
22.488,570.0,756.0,272.0,608.0
22.494,583.0,756.0,261.0,600.0
22.500,595.0,755.0,253.0,586.0
22.506,607.0,754.0,247.0,567.0
22.514,616.0,751.0,243.0,548.0
22.520,630.0,749.0,239.0,527.0
22.526,641.0,745.0,236.0,506.0
22.532,650.0,741.0,234.0,483.0
22.539,659.0,736.0,233.0,457.0
22.545,669.0,730.0,232.0,432.0
22.551,675.0,724.0,230.0,415.0
22.558,682.0,718.0,228.0,397.0
22.565,687.0,709.0,229.0,380.0
22.571,693.0,699.0,229.0,364.0
22.577,700.0,689.0,230.0,350.0
22.583,704.0,679.0,230.0,337.0
22.589,708.0,666.0,233.0,323.0
22.597,711.0,654.0,235.0,309.0
22.603,713.0,642.0,238.0,297.0
22.609,714.0,628.0,242.0,285.0
22.615,716.0,614.0,249.0,273.0
22.622,718.0,600.0,253.0,265.0
22.628,717.0,586.0,257.0,256.0
22.634,717.0,570.0,265.0,247.0
22.641,714.0,557.0,273.0,240.0
22.648,714.0,540.0,283.0,233.0
22.654,713.0,526.0,293.0,229.0
22.660,710.0,512.0,304.0,225.0
22.666,707.0,495.0,318.0,221.0
22.673,704.0,479.0,331.0,220.0
22.679,701.0,465.0,345.0,216.0
22.686,696.0,449.0,361.0,216.0
22.692,690.0,437.0,376.0,215.0
22.699,686.0,422.0,392.0,216.0
22.705,680.0,409.0,409.0,215.0
22.711,674.0,396.0,422.0,219.0
22.717,667.0,383.0,433.0,221.0
22.725,659.0,371.0,443.0,227.0
22.731,652.0,358.0,461.0,233.0
22.737,643.0,346.0,486.0,238.0
22.743,635.0,334.0,513.0,243.0
22.750,626.0,324.0,532.0,253.0
22.756,618.0,316.0,554.0,260.0
22.762,609.0,307.0,572.0,271.0
22.769,598.0,298.0,585.0,284.0
22.775,588.0,290.0,600.0,297.0
22.782,576.0,283.0,613.0,311.0
22.788,567.0,276.0,627.0,323.0
22.794,556.0,270.0,639.0,337.0
22.800,544.0,265.0,648.0,353.0
22.807,530.0,260.0,655.0,373.0
22.814,519.0,255.0,666.0,393.0
22.820,509.0,251.0,677.0,413.0
22.826,498.0,247.0,688.0,437.0
22.833,487.0,244.0,697.0,462.0
22.839,476.0,242.0,706.0,486.0
22.845,465.0,240.0,711.0,510.0
22.851,455.0,239.0,718.0,535.0
22.859,444.0,237.0,722.0,558.0
22.865,433.0,236.0,725.0,581.0
22.871,424.0,237.0,727.0,603.0
22.877,414.0,237.0,729.0,623.0
22.884,405.0,236.0,731.0,641.0
22.890,393.0,237.0,732.0,663.0
22.897,384.0,239.0,731.0,685.0
22.903,376.0,241.0,730.0,707.0
22.910,367.0,242.0,730.0,723.0
22.916,360.0,248.0,729.0,740.0
22.922,350.0,249.0,726.0,755.0
22.928,344.0,254.0,722.0,770.0
22.935,336.0,257.0,716.0,785.0
22.942,329.0,262.0,709.0,798.0
22.948,322.0,268.0,701.0,809.0
22.954,318.0,275.0,690.0,819.0
22.960,312.0,283.0,679.0,827.0
22.967,307.0,290.0,669.0,832.0
22.973,303.0,298.0,660.0,835.0
22.979,302.0,307.0,650.0,836.0
22.986,299.0,318.0,638.0,838.0
22.993,295.0,329.0,624.0,840.0
22.999,294.0,338.0,609.0,841.0
23.005,293.0,351.0,595.0,841.0
23.011,293.0,362.0,580.0,842.0
23.018,291.0,376.0,566.0,840.0
23.025,292.0,388.0,549.0,840.0
23.031,293.0,401.0,531.0,840.0
23.037,294.0,415.0,512.0,838.0
23.044,296.0,426.0,495.0,835.0
23.050,297.0,440.0,478.0,833.0
23.056,302.0,452.0,460.0,828.0
23.062,305.0,466.0,444.0,822.0
23.070,309.0,479.0,426.0,812.0
23.076,316.0,489.0,408.0,801.0
23.082,320.0,503.0,391.0,789.0
23.088,327.0,515.0,375.0,775.0
23.095,334.0,527.0,361.0,759.0
23.101,342.0,540.0,348.0,742.0
23.107,352.0,549.0,334.0,723.0
23.114,361.0,562.0,323.0,703.0
23.121,373.0,571.0,312.0,682.0
23.127,384.0,582.0,302.0,660.0
23.133,393.0,593.0,294.0,636.0
23.139,407.0,601.0,287.0,613.0
23.146,417.0,612.0,279.0,587.0
23.153,434.0,619.0,273.0,560.0
23.159,447.0,628.0,267.0,531.0
23.165,461.0,636.0,261.0,502.0
23.171,474.0,642.0,258.0,473.0
23.178,490.0,650.0,255.0,445.0
23.184,507.0,655.0,253.0,418.0
23.190,521.0,659.0,251.0,392.0
23.197,535.0,664.0,250.0,369.0
23.204,555.0,668.0,251.0,348.0
23.210,571.0,670.0,253.0,328.0
23.216,587.0,672.0,255.0,310.0
23.222,601.0,674.0,256.0,293.0
23.229,620.0,676.0,259.0,279.0
23.235,633.0,677.0,263.0,264.0
23.242,646.0,676.0,270.0,249.0
23.248,666.0,676.0,276.0,235.0
23.255,678.0,674.0,285.0,224.0
23.261,688.0,673.0,291.0,218.0
23.267,701.0,672.0,300.0,211.0
23.273,713.0,669.0,312.0,205.0
23.281,723.0,665.0,326.0,203.0
23.287,732.0,661.0,339.0,201.0
23.293,743.0,657.0,349.0,200.0
23.299,752.0,652.0,362.0,200.0
23.306,759.0,647.0,375.0,199.0
23.312,765.0,640.0,392.0,198.0
23.318,772.0,635.0,411.0,199.0
23.325,778.0,627.0,430.0,198.0
23.332,783.0,620.0,451.0,199.0
23.338,786.0,610.0,469.0,200.0
23.344,790.0,603.0,492.0,201.0
23.350,793.0,594.0,513.0,203.0
23.356,794.0,584.0,533.0,205.0
23.363,796.0,574.0,551.0,208.0
23.370,797.0,565.0,568.0,214.0
23.376,797.0,556.0,583.0,223.0
23.382,797.0,544.0,597.0,233.0
23.389,796.0,533.0,610.0,244.0
23.395,794.0,523.0,627.0,256.0
23.401,792.0,512.0,642.0,271.0
23.408,790.0,500.0,658.0,287.0
23.415,786.0,490.0,670.0,308.0
23.421,781.0,478.0,684.0,326.0
23.427,777.0,466.0,696.0,347.0
23.433,771.0,455.0,705.0,368.0
23.440,764.0,444.0,713.0,391.0
23.446,757.0,433.0,722.0,412.0
23.453,750.0,423.0,728.0,435.0
23.459,741.0,412.0,733.0,459.0
23.466,731.0,402.0,738.0,486.0
23.472,720.0,391.0,742.0,514.0
23.478,709.0,380.0,747.0,539.0
23.484,696.0,371.0,752.0,568.0
23.491,682.0,362.0,755.0,592.0
23.498,669.0,354.0,756.0,617.0
23.504,654.0,346.0,758.0,639.0
23.510,637.0,338.0,758.0,660.0
23.517,621.0,332.0,760.0,678.0
23.523,606.0,325.0,759.0,696.0
23.529,587.0,319.0,757.0,713.0
23.536,570.0,314.0,753.0,729.0
23.543,551.0,308.0,749.0,742.0
23.549,534.0,305.0,743.0,755.0
23.555,515.0,300.0,732.0,768.0
23.561,495.0,297.0,725.0,781.0
23.567,478.0,295.0,719.0,790.0
23.574,461.0,292.0,709.0,798.0
23.581,441.0,291.0,699.0,805.0
23.587,424.0,290.0,678.0,813.0
23.593,409.0,290.0,653.0,820.0
23.600,395.0,289.0,636.0,823.0
23.606,377.0,289.0,623.0,825.0
23.612,363.0,290.0,610.0,826.0
23.618,354.0,292.0,595.0,827.0
23.626,337.0,294.0,580.0,827.0
23.632,325.0,296.0,567.0,825.0
23.638,313.0,299.0,560.0,823.0
23.644,305.0,303.0,542.0,820.0
23.651,297.0,308.0,525.0,817.0
23.657,286.0,311.0,506.0,814.0
23.664,279.0,317.0,486.0,811.0
23.670,270.0,322.0,459.0,808.0
23.677,263.0,329.0,433.0,803.0
23.683,257.0,337.0,415.0,797.0
23.689,252.0,343.0,399.0,790.0
23.695,246.0,352.0,383.0,782.0
23.702,241.0,360.0,368.0,771.0
23.709,238.0,371.0,354.0,759.0
23.715,235.0,382.0,345.0,742.0
23.721,233.0,392.0,339.0,719.0
23.728,231.0,404.0,330.0,696.0
23.734,230.0,415.0,315.0,677.0
23.740,230.0,427.0,301.0,657.0
23.746,231.0,441.0,289.0,639.0
23.753,230.0,453.0,278.0,622.0
23.760,231.0,465.0,266.0,612.0
23.766,233.0,481.0,257.0,602.0
23.772,236.0,495.0,251.0,582.0
23.778,238.0,510.0,246.0,564.0
23.785,242.0,525.0,242.0,542.0
23.792,247.0,540.0,241.0,514.0
23.798,253.0,555.0,236.0,497.0
23.804,259.0,570.0,234.0,473.0
23.811,265.0,584.0,233.0,442.0
23.817,272.0,599.0,232.0,419.0
23.823,281.0,615.0,230.0,404.0
23.829,293.0,627.0,230.0,384.0
23.837,299.0,640.0,230.0,363.0
23.843,309.0,653.0,231.0,350.0
23.849,323.0,665.0,231.0,337.0
23.855,334.0,675.0,231.0,326.0
23.862,346.0,686.0,233.0,314.0
23.868,358.0,696.0,236.0,301.0
23.874,370.0,704.0,242.0,287.0
23.881,384.0,712.0,246.0,277.0
23.888,399.0,719.0,250.0,268.0
23.894,416.0,725.0,255.0,259.0
23.900,427.0,729.0,263.0,250.0
23.906,446.0,736.0,271.0,241.0
23.913,457.0,741.0,281.0,235.0
23.920,475.0,744.0,289.0,230.0
23.926,488.0,747.0,299.0,225.0
23.932,502.0,750.0,310.0,222.0
23.939,514.0,752.0,325.0,219.0
23.945,532.0,753.0,335.0,218.0
23.951,548.0,756.0,350.0,217.0
23.957,560.0,756.0,365.0,216.0
23.964,572.0,756.0,382.0,215.0
23.971,585.0,755.0,398.0,215.0
23.977,600.0,755.0,415.0,216.0
23.983,609.0,753.0,429.0,218.0
23.989,618.0,751.0,443.0,223.0
23.996,632.0,748.0,460.0,226.0
24.002,642.0,745.0,481.0,232.0
24.009,651.0,741.0,501.0,238.0
24.015,658.0,735.0,522.0,246.0
24.022,666.0,729.0,538.0,254.0
24.028,675.0,723.0,556.0,263.0
24.034,683.0,715.0,573.0,273.0
24.040,688.0,708.0,588.0,285.0
24.048,694.0,698.0,600.0,298.0
24.054,700.0,687.0,614.0,309.0
24.060,704.0,676.0,626.0,321.0
24.066,708.0,665.0,637.0,337.0
24.073,711.0,653.0,648.0,356.0
24.079,714.0,641.0,661.0,376.0
24.085,715.0,627.0,673.0,398.0
24.092,716.0,614.0,684.0,420.0
24.099,718.0,600.0,693.0,445.0
24.105,716.0,586.0,700.0,469.0
24.111,717.0,570.0,707.0,494.0
24.117,717.0,555.0,714.0,517.0
24.124,715.0,540.0,719.0,539.0
24.130,714.0,526.0,723.0,562.0
24.137,711.0,512.0,726.0,585.0
24.143,709.0,496.0,728.0,607.0
24.150,706.0,480.0,730.0,630.0
24.156,701.0,467.0,731.0,652.0
24.162,698.0,451.0,731.0,674.0
24.168,691.0,438.0,730.0,695.0
24.174,687.0,422.0,731.0,714.0
24.182,680.0,409.0,730.0,733.0
24.188,673.0,395.0,727.0,750.0
24.194,666.0,381.0,723.0,766.0
24.200,659.0,369.0,719.0,779.0
24.207,652.0,356.0,713.0,793.0
24.213,641.0,348.0,706.0,804.0
24.220,631.0,334.0,697.0,813.0
24.226,622.0,324.0,685.0,824.0
24.233,615.0,314.0,673.0,830.0
24.239,603.0,305.0,664.0,834.0
24.245,594.0,295.0,653.0,836.0
24.251,583.0,286.0,642.0,838.0
24.258,571.0,278.0,630.0,839.0
24.265,561.0,272.0,616.0,840.0
24.271,548.0,267.0,599.0,841.0
24.277,538.0,262.0,583.0,840.0
24.284,524.0,256.0,567.0,841.0
24.290,512.0,253.0,551.0,840.0
24.296,500.0,248.0,533.0,839.0
24.302,491.0,246.0,515.0,837.0
24.310,477.0,242.0,496.0,837.0
24.316,468.0,240.0,479.0,834.0
24.322,454.0,238.0,463.0,829.0
24.328,444.0,236.0,445.0,821.0
24.335,431.0,236.0,428.0,815.0
24.341,424.0,237.0,412.0,804.0
24.348,415.0,236.0,395.0,793.0
24.354,405.0,236.0,380.0,779.0
24.361,392.0,237.0,366.0,764.0
24.367,383.0,239.0,351.0,748.0
24.373,376.0,241.0,339.0,731.0
24.379,368.0,243.0,327.0,711.0
24.385,359.0,246.0,317.0,691.0
24.393,348.0,249.0,306.0,670.0
24.399,342.0,252.0,298.0,647.0
24.405,335.0,257.0,289.0,625.0
24.411,330.0,263.0,283.0,601.0
24.418,324.0,268.0,276.0,576.0
24.424,318.0,275.0,271.0,548.0
24.430,312.0,282.0,264.0,521.0
24.437,308.0,290.0,260.0,493.0
24.444,304.0,298.0,257.0,466.0
24.450,302.0,306.0,254.0,438.0
24.456,299.0,316.0,252.0,413.0
24.462,296.0,326.0,250.0,390.0
24.469,294.0,335.0,251.0,367.0
24.476,292.0,346.0,252.0,346.0
24.482,291.0,358.0,253.0,326.0
24.488,291.0,369.0,254.0,307.0
24.495,291.0,382.0,257.0,291.0
24.501,291.0,392.0,260.0,273.0
24.507,293.0,404.0,266.0,259.0
24.513,293.0,417.0,271.0,245.0
24.521,296.0,429.0,278.0,234.0
24.527,298.0,441.0,284.0,223.0
24.533,303.0,453.0,293.0,216.0
24.539,306.0,466.0,301.0,210.0
24.546,309.0,478.0,312.0,206.0
24.552,315.0,491.0,322.0,205.0
24.558,321.0,504.0,337.0,202.0
24.565,327.0,517.0,349.0,200.0
24.571,334.0,528.0,362.0,199.0
24.578,341.0,542.0,382.0,199.0
24.584,351.0,552.0,399.0,198.0
24.590,360.0,563.0,413.0,199.0
24.596,372.0,573.0,430.0,199.0
24.604,384.0,584.0,451.0,199.0
24.610,394.0,595.0,474.0,200.0
24.616,408.0,604.0,498.0,201.0
24.622,420.0,614.0,517.0,201.0
24.629,435.0,623.0,535.0,205.0
24.635,450.0,630.0,552.0,209.0
24.641,463.0,637.0,567.0,215.0
24.648,479.0,644.0,581.0,226.0
24.655,494.0,651.0,598.0,234.0
24.661,510.0,656.0,618.0,246.0
24.667,527.0,661.0,634.0,261.0
24.673,544.0,665.0,648.0,278.0
24.680,561.0,669.0,663.0,294.0
24.686,580.0,671.0,676.0,312.0
24.693,594.0,674.0,687.0,332.0
24.699,613.0,676.0,698.0,353.0
24.706,627.0,676.0,707.0,373.0
24.712,641.0,676.0,715.0,393.0
24.718,657.0,677.0,722.0,415.0
24.724,672.0,675.0,728.0,437.0
24.732,687.0,674.0,734.0,461.0
24.738,695.0,672.0,737.0,491.0
24.744,708.0,670.0,743.0,518.0
24.750,721.0,665.0,748.0,546.0
24.757,731.0,663.0,754.0,572.0
24.763,739.0,658.0,758.0,598.0
24.769,748.0,654.0,758.0,622.0
24.776,757.0,648.0,759.0,647.0
24.782,764.0,643.0,757.0,671.0
24.789,769.0,636.0,758.0,687.0
24.795,776.0,630.0,758.0,705.0
24.801,781.0,622.0,756.0,720.0
24.807,785.0,613.0,753.0,733.0
24.814,789.0,605.0,748.0,746.0
24.821,792.0,597.0,741.0,759.0
24.827,793.0,589.0,730.0,772.0
24.833,795.0,579.0,726.0,782.0
24.840,796.0,570.0,719.0,790.0
24.846,798.0,560.0,709.0,799.0
24.852,797.0,549.0,694.0,807.0
24.859,796.0,539.0,675.0,814.0
24.866,795.0,529.0,659.0,818.0
24.872,793.0,518.0,642.0,821.0
24.878,792.0,506.0,625.0,824.0
24.884,788.0,496.0,609.0,825.0
24.891,784.0,485.0,593.0,827.0
24.897,779.0,474.0,584.0,825.0
24.904,775.0,461.0,586.0,820.0
24.910,769.0,450.0,568.0,820.0
24.917,762.0,440.0,546.0,817.0
24.923,754.0,430.0,526.0,814.0
24.929,747.0,419.0,504.0,810.0
24.935,738.0,408.0,482.0,807.0
24.942,727.0,399.0,455.0,802.0
24.949,717.0,390.0,422.0,800.0
24.955,705.0,379.0,405.0,794.0
24.961,693.0,369.0,392.0,785.0
24.968,680.0,361.0,377.0,777.0
24.974,666.0,353.0,362.0,768.0
24.980,650.0,345.0,352.0,754.0
24.987,634.0,337.0,340.0,739.0
24.994,617.0,330.0,334.0,716.0
25.000,603.0,324.0,320.0,698.0
25.006,583.0,318.0,304.0,684.0
25.012,564.0,313.0,294.0,661.0
25.018,548.0,307.0,284.0,641.0
25.025,534.0,305.0,272.0,630.0
25.032,514.0,300.0,262.0,618.0
25.038,494.0,298.0,255.0,597.0
25.044,477.0,294.0,249.0,578.0
25.051,459.0,293.0,246.0,558.0
25.057,440.0,291.0,242.0,538.0
25.063,422.0,290.0,240.0,515.0
25.069,404.0,289.0,236.0,496.0
25.077,388.0,289.0,233.0,471.0
25.083,375.0,289.0,232.0,445.0
25.089,358.0,291.0,229.0,422.0
25.095,345.0,293.0,229.0,398.0
25.102,330.0,295.0,229.0,378.0
25.108,319.0,297.0,229.0,363.0
25.115,307.0,301.0,230.0,348.0
25.121,301.0,305.0,230.0,337.0
25.128,290.0,310.0,231.0,324.0
25.134,279.0,315.0,234.0,311.0
25.140,273.0,320.0,238.0,296.0
25.146,267.0,327.0,242.0,285.0
25.153,258.0,334.0,247.0,273.0
25.160,253.0,341.0,252.0,263.0
25.166,248.0,349.0,260.0,253.0
25.172,243.0,358.0,267.0,244.0
25.179,239.0,368.0,275.0,237.0
25.185,236.0,377.0,284.0,231.0
25.191,234.0,389.0,294.0,228.0
25.197,233.0,398.0,305.0,222.0
25.204,232.0,411.0,317.0,221.0
25.211,230.0,421.0,328.0,220.0
25.217,230.0,435.0,343.0,219.0
25.223,231.0,446.0,359.0,216.0
25.229,231.0,460.0,374.0,216.0
25.236,232.0,472.0,392.0,215.0
25.243,234.0,487.0,411.0,215.0
25.249,236.0,501.0,420.0,219.0
25.255,240.0,514.0,429.0,223.0
25.262,244.0,527.0,447.0,229.0
25.268,247.0,542.0,468.0,236.0
25.274,253.0,556.0,490.0,242.0
25.280,259.0,570.0,517.0,247.0
25.288,264.0,584.0,537.0,254.0
25.294,273.0,598.0,558.0,261.0
25.300,281.0,611.0,572.0,273.0
25.306,291.0,624.0,586.0,284.0
25.313,297.0,637.0,599.0,297.0
25.319,308.0,650.0,614.0,309.0
25.325,321.0,661.0,626.0,323.0
25.332,335.0,673.0,638.0,339.0
25.339,344.0,684.0,651.0,355.0
25.345,358.0,693.0,662.0,376.0
25.351,373.0,702.0,674.0,398.0
25.357,385.0,710.0,684.0,420.0
25.364,397.0,718.0,693.0,443.0
25.371,417.0,725.0,700.0,467.0
25.377,430.0,730.0,706.0,491.0
25.383,446.0,735.0,712.0,513.0
25.390,457.0,741.0,718.0,536.0
25.396,474.0,745.0,723.0,559.0
25.402,491.0,747.0,725.0,581.0
25.408,504.0,751.0,728.0,604.0
25.415,519.0,753.0,730.0,625.0
25.422,533.0,755.0,731.0,646.0
25.428,552.0,756.0,732.0,669.0
25.434,563.0,756.0,732.0,691.0
25.440,577.0,756.0,731.0,711.0
25.447,591.0,755.0,731.0,727.0
25.453,602.0,754.0,729.0,744.0
25.460,613.0,753.0,726.0,759.0
25.466,624.0,749.0,721.0,774.0
25.473,636.0,746.0,716.0,787.0
25.479,644.0,741.0,708.0,798.0
25.485,655.0,737.0,699.0,810.0
25.491,665.0,732.0,687.0,820.0
25.499,673.0,724.0,678.0,828.0
25.505,679.0,718.0,667.0,833.0
25.511,685.0,709.0,658.0,835.0
25.517,691.0,701.0,648.0,837.0
25.524,697.0,691.0,636.0,839.0
25.530,703.0,680.0,622.0,840.0
25.536,707.0,668.0,605.0,841.0
25.543,709.0,657.0,589.0,841.0
25.550,712.0,642.0,571.0,841.0
25.556,715.0,632.0,555.0,841.0
25.562,716.0,617.0,538.0,841.0
25.568,717.0,603.0,519.0,839.0
25.575,717.0,590.0,501.0,837.0
25.581,717.0,573.0,483.0,835.0
25.588,715.0,562.0,467.0,831.0
25.594,715.0,545.0,450.0,825.0
25.600,714.0,531.0,433.0,817.0
25.607,711.0,515.0,417.0,805.0
25.613,709.0,501.0,398.0,795.0
25.619,706.0,484.0,382.0,781.0
25.626,702.0,470.0,366.0,765.0
25.633,699.0,455.0,351.0,747.0
25.639,692.0,441.0,337.0,728.0
25.645,688.0,427.0,325.0,707.0
25.651,683.0,414.0,314.0,686.0
25.658,678.0,401.0,304.0,663.0
25.664,669.0,388.0,294.0,638.0
25.671,664.0,375.0,286.0,614.0
25.677,656.0,361.0,280.0,589.0
25.684,648.0,350.0,275.0,563.0
25.690,639.0,338.0,268.0,538.0
25.696,630.0,328.0,263.0,512.0
25.702,621.0,317.0,259.0,488.0
25.709,612.0,309.0,257.0,462.0
25.716,602.0,301.0,254.0,436.0
25.722,590.0,292.0,252.0,411.0
25.728,579.0,284.0,251.0,388.0
25.735,569.0,278.0,251.0,366.0
25.741,556.0,273.0,251.0,344.0
25.747,545.0,266.0,252.0,325.0
25.754,531.0,260.0,254.0,306.0
25.761,520.0,255.0,257.0,287.0
25.767,508.0,250.0,261.0,270.0
25.773,498.0,247.0,267.0,256.0
25.779,484.0,244.0,271.0,242.0
25.786,473.0,242.0,280.0,231.0
25.792,460.0,239.0,288.0,219.0
25.799,449.0,237.0,299.0,212.0
25.805,437.0,236.0,307.0,207.0
25.811,427.0,236.0,318.0,205.0
25.818,418.0,236.0,327.0,203.0
25.824,410.0,236.0,341.0,201.0
25.830,397.0,237.0,351.0,200.0
25.836,385.0,238.0,363.0,199.0
25.844,377.0,240.0,380.0,199.0
25.850,368.0,242.0,397.0,198.0
25.856,361.0,246.0,411.0,200.0
25.862,351.0,248.0,428.0,198.0
25.869,344.0,251.0,450.0,200.0
25.875,336.0,255.0,470.0,201.0
25.882,331.0,262.0,495.0,202.0
25.888,326.0,266.0,518.0,202.0
25.895,320.0,274.0,536.0,205.0
25.901,315.0,280.0,553.0,210.0
25.907,309.0,289.0,569.0,217.0
25.913,304.0,295.0,583.0,224.0
25.920,303.0,305.0,599.0,234.0
25.927,299.0,315.0,611.0,246.0
25.933,297.0,325.0,624.0,260.0
25.939,294.0,334.0,639.0,276.0
25.946,293.0,347.0,655.0,292.0
25.952,291.0,358.0,672.0,311.0
25.958,292.0,368.0,686.0,329.0
25.964,290.0,381.0,697.0,352.0
25.972,292.0,392.0,707.0,374.0
25.978,293.0,404.0,716.0,397.0
25.984,295.0,416.0,724.0,419.0
25.990,296.0,428.0,730.0,443.0
25.996,298.0,442.0,736.0,466.0
26.003,302.0,451.0,741.0,487.0
26.010,306.0,464.0,745.0,510.0
26.016,309.0,475.0,748.0,534.0
26.022,314.0,487.0,751.0,558.0
26.029,319.0,499.0,752.0,583.0
26.035,325.0,511.0,756.0,606.0
26.041,331.0,523.0,760.0,628.0
26.047,337.0,534.0,760.0,649.0
26.055,345.0,546.0,760.0,671.0
26.061,354.0,557.0,758.0,691.0
26.067,365.0,566.0,755.0,708.0
26.073,374.0,576.0,754.0,723.0
26.080,386.0,586.0,750.0,737.0
26.086,395.0,597.0,745.0,751.0
26.092,407.0,607.0,735.0,765.0
26.099,423.0,614.0,729.0,777.0
26.106,437.0,622.0,722.0,786.0
26.112,451.0,631.0,714.0,795.0
26.118,464.0,638.0,704.0,803.0
26.124,480.0,644.0,682.0,811.0
26.131,497.0,650.0,668.0,816.0
26.138,514.0,655.0,650.0,819.0
26.144,528.0,661.0,634.0,823.0
26.150,543.0,666.0,617.0,825.0
26.157,561.0,669.0,605.0,826.0
26.163,579.0,671.0,594.0,825.0
26.169,593.0,674.0,583.0,824.0
26.175,612.0,676.0,578.0,821.0
26.183,627.0,676.0,559.0,819.0
26.189,640.0,676.0,539.0,817.0
26.195,661.0,675.0,520.0,813.0
26.201,674.0,676.0,500.0,808.0
26.207,685.0,674.0,479.0,804.0
26.214,697.0,672.0,454.0,800.0
26.220,710.0,669.0,429.0,796.0
26.227,722.0,666.0,404.0,791.0
26.233,731.0,662.0,389.0,783.0
26.240,741.0,658.0,379.0,769.0
26.246,751.0,652.0,364.0,759.0
26.252,759.0,646.0,356.0,742.0
26.258,766.0,640.0,353.0,718.0
26.266,772.0,634.0,336.0,703.0
26.272,778.0,627.0,319.0,686.0
26.278,783.0,620.0,307.0,665.0
26.284,787.0,610.0,296.0,645.0
26.291,790.0,602.0,284.0,630.0
26.297,793.0,594.0,272.0,621.0
26.303,794.0,584.0,261.0,615.0
26.310,796.0,574.0,255.0,596.0
26.317,797.0,564.0,249.0,576.0
26.323,797.0,555.0,244.0,554.0
26.329,797.0,544.0,240.0,534.0
26.335,795.0,533.0,237.0,511.0
26.342,795.0,522.0,235.0,490.0
26.348,792.0,513.0,231.0,466.0
26.355,790.0,501.0,229.0,443.0
26.361,785.0,490.0,228.0,422.0
26.368,783.0,480.0,228.0,401.0
26.374,778.0,469.0,229.0,382.0
26.380,773.0,459.0,228.0,364.0
26.386,766.0,448.0,229.0,350.0
26.394,760.0,437.0,230.0,335.0
26.400,753.0,428.0,232.0,320.0
26.406,746.0,417.0,235.0,307.0
26.412,738.0,408.0,239.0,294.0
26.418,727.0,398.0,244.0,280.0
26.425,718.0,388.0,248.0,270.0
26.431,705.0,379.0,253.0,260.0
26.438,694.0,370.0,260.0,253.0
26.444,682.0,362.0,267.0,245.0
26.451,668.0,353.0,277.0,238.0
26.457,651.0,344.0,289.0,230.0
26.463,635.0,337.0,300.0,224.0
26.469,620.0,331.0,310.0,221.0
26.476,604.0,325.0,324.0,221.0
26.483,583.0,318.0,330.0,220.0
26.489,566.0,313.0,343.0,219.0
26.495,549.0,309.0,356.0,218.0
26.502,535.0,306.0,374.0,217.0
26.508,517.0,301.0,394.0,216.0
26.514,494.0,296.0,414.0,216.0
26.520,477.0,295.0,431.0,217.0
26.528,461.0,292.0,444.0,224.0
26.534,441.0,291.0,456.0,230.0
26.540,424.0,290.0,474.0,237.0
26.546,409.0,289.0,490.0,245.0
26.553,391.0,289.0,516.0,250.0
26.559,375.0,291.0,541.0,256.0
26.566,361.0,291.0,561.0,264.0
26.572,349.0,293.0,576.0,274.0
26.579,332.0,295.0,591.0,287.0
26.585,320.0,296.0,604.0,300.0
26.591,308.0,301.0,616.0,314.0
26.597,299.0,305.0,629.0,329.0
26.603,289.0,310.0,642.0,343.0
26.611,279.0,316.0,654.0,364.0
26.617,272.0,321.0,665.0,387.0
26.623,265.0,330.0,678.0,409.0
26.629,258.0,336.0,688.0,433.0
26.636,253.0,343.0,697.0,456.0
26.642,247.0,352.0,704.0,481.0
26.648,243.0,362.0,710.0,505.0
26.655,239.0,371.0,717.0,530.0
26.662,237.0,381.0,719.0,552.0
26.668,234.0,393.0,724.0,575.0
26.674,231.0,404.0,727.0,596.0
26.680,230.0,416.0,730.0,619.0
26.687,230.0,428.0,730.0,640.0
26.694,230.0,441.0,731.0,663.0
26.700,230.0,454.0,731.0,684.0
26.706,231.0,467.0,732.0,703.0
26.713,233.0,482.0,731.0,722.0
26.719,236.0,496.0,730.0,739.0
26.725,240.0,511.0,727.0,756.0
26.731,242.0,524.0,723.0,770.0
26.739,246.0,540.0,717.0,784.0
26.745,252.0,554.0,711.0,796.0
26.751,258.0,567.0,703.0,807.0
26.757,264.0,580.0,692.0,817.0
26.764,269.0,597.0,680.0,826.0
26.770,279.0,611.0,669.0,832.0
26.776,290.0,623.0,659.0,835.0
26.783,298.0,636.0,649.0,837.0
26.789,305.0,648.0,638.0,838.0
26.796,318.0,660.0,624.0,838.0
26.802,331.0,671.0,610.0,840.0
26.808,341.0,682.0,592.0,841.0
26.814,355.0,690.0,578.0,839.0
26.822,370.0,699.0,562.0,840.0
26.828,381.0,708.0,545.0,840.0
26.834,392.0,716.0,526.0,840.0
26.840,409.0,722.0,508.0,838.0
26.847,426.0,728.0,490.0,836.0
26.853,439.0,734.0,473.0,832.0
26.859,453.0,738.0,456.0,826.0
26.866,473.0,744.0,439.0,819.0
26.873,488.0,747.0,421.0,811.0
26.879,499.0,750.0,404.0,799.0
26.885,512.0,752.0,387.0,785.0
26.891,529.0,754.0,371.0,771.0
26.898,547.0,756.0,356.0,754.0
26.904,560.0,756.0,343.0,736.0
26.911,572.0,757.0,330.0,716.0
26.917,587.0,756.0,318.0,695.0
26.924,598.0,755.0,308.0,673.0
26.930,611.0,753.0,298.0,650.0
26.936,621.0,750.0,290.0,626.0
26.942,634.0,747.0,283.0,602.0
26.950,643.0,744.0,276.0,577.0
26.956,653.0,739.0,270.0,550.0
26.962,660.0,732.0,265.0,524.0
26.968,671.0,726.0,260.0,495.0
26.974,681.0,719.0,257.0,468.0
26.981,686.0,710.0,254.0,441.0
26.987,692.0,701.0,253.0,415.0
26.994,697.0,691.0,251.0,391.0
27.000,703.0,679.0,251.0,369.0
27.007,706.0,668.0,251.0,348.0
27.013,707.0,656.0,252.0,329.0
27.019,712.0,642.0,254.0,309.0
27.025,713.0,629.0,257.0,292.0
27.032,715.0,616.0,260.0,274.0
27.039,715.0,602.0,264.0,259.0
27.045,716.0,589.0,272.0,245.0
27.051,716.0,571.0,279.0,232.0
27.058,716.0,558.0,287.0,222.0
27.064,715.0,541.0,295.0,215.0
27.070,713.0,529.0,304.0,210.0
27.077,711.0,513.0,316.0,205.0
27.084,710.0,498.0,328.0,203.0
27.090,705.0,485.0,340.0,201.0
27.096,702.0,471.0,350.0,200.0
27.102,697.0,458.0,361.0,200.0
27.109,693.0,443.0,377.0,199.0
27.115,687.0,428.0,397.0,198.0
27.122,682.0,415.0,415.0,198.0
27.128,675.0,401.0,435.0,199.0
27.135,668.0,388.0,455.0,199.0
27.141,663.0,373.0,471.0,201.0
27.147,655.0,363.0,493.0,201.0
27.153,648.0,350.0,515.0,203.0
27.159,638.0,338.0,534.0,205.0
27.167,630.0,327.0,551.0,208.0
27.173,622.0,318.0,567.0,214.0
27.179,613.0,310.0,581.0,223.0
27.185,605.0,301.0,591.0,236.0
27.192,593.0,293.0,605.0,248.0
27.198,583.0,285.0,622.0,262.0
27.205,572.0,277.0,637.0,279.0
27.211,561.0,273.0,655.0,295.0
27.218,549.0,267.0,670.0,313.0
27.224,538.0,262.0,685.0,330.0
27.230,526.0,256.0,696.0,351.0
27.236,515.0,252.0,707.0,372.0
27.243,502.0,248.0,715.0,395.0
27.250,491.0,245.0,723.0,417.0
27.256,480.0,242.0,729.0,440.0
27.262,468.0,241.0,735.0,461.0
27.269,456.0,239.0,741.0,484.0
27.275,442.0,237.0,743.0,507.0
27.281,433.0,237.0,746.0,535.0
27.287,424.0,236.0,750.0,560.0
27.295,413.0,236.0,754.0,584.0
27.301,402.0,236.0,758.0,608.0
27.307,389.0,238.0,760.0,632.0
27.313,381.0,239.0,760.0,655.0
27.320,375.0,242.0,760.0,676.0
27.326,365.0,244.0,757.0,696.0
27.333,354.0,247.0,755.0,712.0
27.339,347.0,250.0,753.0,727.0
27.346,340.0,255.0,750.0,739.0
27.352,332.0,260.0,748.0,751.0
27.358,327.0,265.0,741.0,763.0
27.364,320.0,272.0,731.0,776.0
27.370,314.0,278.0,717.0,787.0
27.378,310.0,287.0,716.0,794.0
27.384,306.0,294.0,706.0,801.0
27.390,303.0,303.0,691.0,809.0
27.396,300.0,313.0,679.0,814.0
27.403,298.0,324.0,658.0,819.0
27.409,294.0,335.0,633.0,823.0
27.415,293.0,346.0,616.0,825.0
27.422,292.0,358.0,603.0,826.0
27.429,292.0,368.0,591.0,826.0
27.435,292.0,381.0,578.0,826.0
27.441,292.0,391.0,569.0,825.0
27.447,294.0,403.0,564.0,820.0
27.454,294.0,416.0,544.0,817.0
27.461,298.0,428.0,520.0,816.0
27.467,299.0,441.0,497.0,812.0
27.473,305.0,451.0,477.0,808.0
27.480,306.0,466.0,451.0,804.0
27.486,310.0,476.0,423.0,800.0
27.492,315.0,489.0,405.0,793.0
27.498,321.0,502.0,391.0,785.0
27.506,326.0,513.0,376.0,775.0
27.512,333.0,525.0,365.0,763.0
27.518,339.0,536.0,356.0,746.0
27.524,347.0,548.0,354.0,722.0
27.531,356.0,560.0,339.0,707.0
27.537,367.0,569.0,324.0,689.0
27.543,377.0,579.0,312.0,669.0
27.550,389.0,589.0,304.0,648.0
27.557,398.0,599.0,294.0,628.0
27.563,409.0,609.0,281.0,611.0
27.569,425.0,616.0,267.0,601.0
27.575,437.0,625.0,257.0,591.0
27.581,451.0,632.0,250.0,579.0
27.589,464.0,638.0,247.0,560.0
27.595,480.0,644.0,245.0,538.0
27.601,494.0,651.0,243.0,518.0
27.607,509.0,656.0,239.0,497.0
27.614,525.0,660.0,235.0,474.0
27.620,541.0,665.0,232.0,449.0
27.626,557.0,668.0,231.0,425.0
27.633,575.0,670.0,229.0,405.0
27.640,589.0,674.0,229.0,387.0
27.646,608.0,675.0,229.0,370.0
27.652,623.0,676.0,231.0,356.0
27.658,635.0,677.0,230.0,345.0
27.665,651.0,677.0,231.0,330.0
27.671,668.0,676.0,233.0,317.0
27.678,684.0,675.0,237.0,302.0
27.684,691.0,673.0,240.0,290.0
27.691,704.0,670.0,244.0,278.0
27.697,717.0,668.0,249.0,269.0
27.703,727.0,665.0,254.0,260.0
27.709,735.0,660.0,262.0,251.0
27.717,746.0,656.0,271.0,242.0
27.723,754.0,650.0,278.0,236.0
27.729,762.0,646.0,288.0,232.0
27.735,768.0,638.0,300.0,226.0
27.742,775.0,631.0,313.0,222.0
27.748,780.0,624.0,328.0,219.0
27.754,784.0,616.0,337.0,218.0
27.761,788.0,608.0,351.0,217.0
27.767,791.0,599.0,367.0,217.0
27.774,794.0,590.0,385.0,214.0
27.780,794.0,581.0,401.0,216.0
27.786,795.0,571.0,417.0,217.0
27.792,797.0,561.0,430.0,219.0
27.799,797.0,550.0,440.0,224.0
27.806,796.0,539.0,455.0,230.0
27.812,795.0,528.0,478.0,235.0
27.818,793.0,517.0,501.0,243.0
27.825,790.0,506.0,527.0,247.0
27.831,788.0,494.0,548.0,256.0
27.837,783.0,483.0,566.0,267.0
27.843,779.0,472.0,581.0,280.0
27.851,774.0,460.0,595.0,293.0
27.857,768.0,448.0,609.0,306.0
27.863,760.0,437.0,623.0,319.0
27.869,752.0,427.0,636.0,332.0
27.876,746.0,417.0,644.0,349.0
27.882,736.0,406.0,651.0,371.0
27.889,723.0,396.0,666.0,390.0
27.895,714.0,385.0,678.0,410.0
27.902,702.0,376.0,688.0,435.0
27.908,689.0,367.0,698.0,461.0
27.914,676.0,359.0,706.0,486.0
27.920,665.0,352.0,713.0,512.0
27.927,651.0,344.0,718.0,536.0
27.934,632.0,336.0,721.0,561.0
27.940,618.0,330.0,726.0,583.0
27.946,603.0,323.0,728.0,605.0
27.952,583.0,317.0,731.0,626.0
27.959,566.0,313.0,732.0,645.0
27.965,549.0,308.0,732.0,667.0
27.971,532.0,304.0,731.0,686.0
27.978,514.0,300.0,731.0,707.0
27.985,496.0,297.0,728.0,727.0
27.991,479.0,295.0,726.0,745.0
27.997,461.0,293.0,723.0,761.0
28.003,442.0,290.0,722.0,774.0
28.010,426.0,290.0,717.0,786.0
28.017,412.0,289.0,710.0,798.0
28.023,395.0,289.0,701.0,809.0
28.029,378.0,289.0,688.0,821.0
28.036,364.0,290.0,674.0,831.0
28.042,352.0,292.0,663.0,834.0
28.048,334.0,294.0,653.0,836.0
28.054,322.0,297.0,644.0,838.0
28.062,312.0,300.0,633.0,839.0
28.068,302.0,304.0,619.0,840.0
28.074,292.0,308.0,601.0,841.0
28.080,281.0,314.0,583.0,841.0
28.087,274.0,320.0,569.0,842.0
28.093,267.0,326.0,555.0,841.0
28.099,259.0,333.0,541.0,839.0
28.106,253.0,341.0,523.0,838.0
28.113,248.0,350.0,504.0,838.0
28.119,243.0,359.0,486.0,835.0
28.125,239.0,370.0,469.0,832.0
28.131,237.0,380.0,453.0,825.0
28.138,234.0,392.0,434.0,817.0
28.145,232.0,403.0,416.0,808.0
28.151,231.0,415.0,398.0,796.0
28.157,230.0,427.0,383.0,782.0
28.163,230.0,441.0,368.0,766.0
28.170,232.0,456.0,355.0,751.0
28.176,232.0,468.0,340.0,733.0
28.182,233.0,482.0,328.0,714.0
28.189,236.0,498.0,317.0,693.0
28.196,239.0,513.0,307.0,671.0
28.202,242.0,527.0,298.0,647.0
28.208,247.0,542.0,289.0,624.0
28.214,253.0,557.0,283.0,598.0
28.221,258.0,572.0,276.0,570.0
28.227,264.0,587.0,268.0,542.0
28.234,272.0,602.0,263.0,510.0
28.240,282.0,615.0,258.0,482.0
28.247,292.0,627.0,257.0,453.0
28.253,296.0,640.0,253.0,426.0
28.259,309.0,653.0,251.0,402.0
28.265,322.0,665.0,251.0,377.0
28.273,335.0,675.0,252.0,355.0
28.279,346.0,685.0,252.0,336.0
28.285,358.0,695.0,253.0,317.0
28.291,373.0,704.0,254.0,300.0
28.298,388.0,711.0,258.0,285.0
28.304,400.0,719.0,263.0,267.0
28.310,418.0,726.0,267.0,253.0
28.317,432.0,732.0,272.0,240.0
28.324,446.0,736.0,281.0,229.0
28.330,455.0,740.0,289.0,219.0
28.336,473.0,744.0,298.0,212.0
28.342,492.0,748.0,309.0,207.0
28.348,503.0,750.0,320.0,204.0
28.355,517.0,753.0,332.0,203.0
28.362,534.0,755.0,345.0,200.0
28.368,549.0,756.0,359.0,200.0
28.374,561.0,756.0,368.0,199.0
28.381,577.0,757.0,385.0,199.0
28.387,589.0,756.0,405.0,198.0
28.393,601.0,755.0,423.0,198.0
28.400,610.0,753.0,439.0,199.0
28.407,622.0,750.0,461.0,200.0
28.413,636.0,747.0,481.0,201.0
28.419,648.0,744.0,502.0,202.0
28.425,655.0,738.0,523.0,203.0
28.432,664.0,733.0,541.0,206.0
28.438,672.0,726.0,557.0,210.0
28.445,679.0,719.0,572.0,217.0
28.451,686.0,712.0,587.0,226.0
28.458,691.0,701.0,598.0,238.0
28.464,698.0,693.0,615.0,251.0
28.470,701.0,682.0,633.0,264.0
28.476,705.0,671.0,652.0,281.0
28.483,708.0,658.0,666.0,300.0
28.490,712.0,645.0,680.0,320.0
28.496,714.0,631.0,692.0,341.0
28.502,715.0,616.0,703.0,363.0
28.509,717.0,601.0,711.0,387.0
28.515,717.0,586.0,720.0,410.0
28.521,718.0,569.0,728.0,433.0
28.528,715.0,555.0,733.0,456.0
28.534,716.0,539.0,738.0,478.0
28.541,713.0,524.0,743.0,500.0
28.547,711.0,510.0,746.0,525.0
28.553,709.0,493.0,748.0,549.0
28.559,705.0,479.0,748.0,576.0
28.566,700.0,463.0,750.0,600.0
28.573,697.0,448.0,754.0,622.0
28.579,690.0,435.0,757.0,644.0
28.585,685.0,420.0,759.0,665.0
28.592,679.0,406.0,760.0,686.0
28.598,672.0,394.0,757.0,705.0
28.604,664.0,380.0,754.0,723.0
28.610,656.0,368.0,748.0,738.0
28.618,650.0,355.0,744.0,753.0
28.624,639.0,346.0,739.0,763.0
28.630,632.0,332.0,733.0,774.0
28.636,621.0,322.0,722.0,785.0
28.643,613.0,312.0,716.0,793.0
28.649,603.0,304.0,707.0,801.0
28.656,594.0,294.0,693.0,809.0
28.662,582.0,286.0,677.0,815.0
28.669,571.0,279.0,654.0,820.0
28.675,561.0,273.0,629.0,824.0
28.681,549.0,269.0,614.0,826.0
28.687,539.0,262.0,601.0,826.0
28.694,523.0,257.0,587.0,827.0
28.701,514.0,254.0,571.0,825.0
28.707,503.0,249.0,560.0,824.0
28.713,493.0,246.0,550.0,822.0
28.719,480.0,243.0,543.0,817.0
28.726,470.0,240.0,526.0,814.0
28.732,458.0,239.0,500.0,812.0
28.738,447.0,238.0,475.0,810.0
28.745,437.0,237.0,448.0,806.0
28.752,429.0,237.0,423.0,801.0
28.758,419.0,237.0,407.0,794.0
28.764,409.0,237.0,392.0,786.0
28.770,398.0,237.0,378.0,777.0
28.777,387.0,238.0,365.0,768.0
28.784,380.0,240.0,355.0,755.0
28.790,371.0,242.0,344.0,738.0
28.796,362.0,244.0,340.0,712.0
28.803,353.0,247.0,326.0,693.0
28.809,346.0,250.0,311.0,676.0
28.815,340.0,255.0,300.0,654.0
28.821,332.0,260.0,290.0,633.0
28.829,325.0,265.0,277.0,620.0
28.835,320.0,271.0,264.0,614.0
28.841,316.0,278.0,257.0,602.0
28.847,311.0,286.0,251.0,583.0
28.854,306.0,293.0,246.0,563.0
28.860,303.0,303.0,241.0,542.0
28.866,301.0,312.0,238.0,518.0
28.873,297.0,322.0,235.0,493.0
28.880,293.0,333.0,233.0,470.0
28.886,293.0,344.0,232.0,443.0
28.892,291.0,357.0,231.0,421.0
28.898,291.0,369.0,230.0,403.0
28.905,292.0,381.0,231.0,385.0
28.912,292.0,393.0,230.0,365.0
28.918,293.0,405.0,230.0,353.0
28.924,294.0,419.0,230.0,340.0
28.930,297.0,430.0,232.0,328.0
28.937,299.0,443.0,233.0,315.0
28.943,302.0,456.0,235.0,304.0
28.949,306.0,468.0,240.0,290.0
28.956,310.0,481.0,244.0,280.0
28.963,316.0,491.0,249.0,269.0
28.969,321.0,505.0,254.0,261.0
28.975,327.0,517.0,261.0,252.0
28.981,335.0,528.0,269.0,243.0
28.988,343.0,541.0,278.0,236.0
28.994,352.0,550.0,287.0,231.0
29.001,362.0,561.0,296.0,227.0
29.007,372.0,572.0,306.0,223.0
29.014,384.0,581.0,321.0,220.0
29.020,393.0,592.0,334.0,218.0
29.026,406.0,601.0,348.0,216.0
29.032,415.0,612.0,364.0,215.0
29.040,432.0,619.0,379.0,215.0
29.046,445.0,628.0,395.0,215.0
29.052,459.0,635.0,411.0,216.0
29.058,474.0,641.0,423.0,219.0
29.065,488.0,648.0,440.0,222.0
29.071,504.0,654.0,460.0,227.0
29.077,520.0,659.0,479.0,230.0
29.084,535.0,663.0,499.0,237.0
29.091,552.0,667.0,519.0,244.0
29.097,567.0,670.0,536.0,252.0
29.103,584.0,672.0,553.0,261.0
29.109,599.0,674.0,570.0,271.0
29.116,618.0,675.0,586.0,282.0
29.122,631.0,676.0,600.0,295.0
29.129,643.0,677.0,612.0,308.0
29.135,662.0,676.0,625.0,322.0
29.141,675.0,675.0,636.0,336.0
29.148,686.0,674.0,648.0,353.0
29.154,698.0,672.0,659.0,374.0
29.160,710.0,669.0,671.0,396.0
29.166,721.0,666.0,682.0,418.0
29.174,730.0,662.0,693.0,443.0
29.180,740.0,658.0,701.0,468.0
29.186,750.0,654.0,708.0,493.0
29.192,759.0,648.0,714.0,517.0
29.199,764.0,641.0,718.0,541.0
29.205,771.0,635.0,723.0,564.0
29.212,778.0,627.0,726.0,586.0
29.218,782.0,621.0,728.0,609.0
29.225,784.0,611.0,729.0,631.0
29.231,790.0,603.0,732.0,652.0
29.237,793.0,594.0,731.0,675.0
29.243,794.0,585.0,731.0,696.0
29.250,795.0,575.0,731.0,715.0
29.257,797.0,565.0,729.0,733.0
29.263,796.0,556.0,727.0,750.0
29.269,797.0,544.0,724.0,764.0
29.276,795.0,534.0,720.0,779.0
29.282,794.0,523.0,714.0,791.0
29.288,792.0,512.0,707.0,803.0
29.294,789.0,500.0,697.0,813.0
29.302,786.0,489.0,685.0,823.0
29.308,781.0,478.0,671.0,831.0
29.314,777.0,466.0,660.0,835.0
29.320,770.0,454.0,651.0,837.0
29.327,764.0,443.0,642.0,838.0
29.333,756.0,432.0,630.0,837.0
29.340,749.0,421.0,614.0,840.0
29.346,739.0,410.0,594.0,841.0
29.352,728.0,399.0,578.0,842.0
29.359,718.0,388.0,561.0,841.0
29.365,706.0,379.0,545.0,840.0
29.371,691.0,369.0,527.0,839.0
29.377,678.0,360.0,508.0,838.0
29.385,666.0,352.0,490.0,836.0
29.391,652.0,344.0,473.0,832.0
29.397,632.0,336.0,456.0,827.0
29.403,616.0,329.0,438.0,819.0
29.410,600.0,322.0,421.0,811.0
29.416,581.0,316.0,405.0,800.0
29.422,563.0,312.0,388.0,787.0
29.429,546.0,308.0,373.0,772.0
29.436,530.0,304.0,359.0,756.0
29.442,510.0,299.0,345.0,739.0
29.448,490.0,296.0,332.0,720.0
29.454,473.0,295.0,320.0,699.0
29.461,454.0,292.0,310.0,678.0
29.468,435.0,289.0,301.0,656.0
29.474,419.0,289.0,293.0,633.0
29.480,407.0,289.0,286.0,609.0
29.487,388.0,289.0,278.0,584.0
29.493,372.0,290.0,272.0,557.0
29.499,361.0,291.0,267.0,528.0
29.505,348.0,293.0,261.0,499.0
29.513,331.0,295.0,257.0,470.0
29.519,321.0,297.0,254.0,443.0
29.525,311.0,301.0,252.0,417.0
29.531,300.0,304.0,251.0,392.0
29.537,291.0,308.0,251.0,370.0
29.544,282.0,313.0,250.0,349.0
29.550,274.0,319.0,252.0,329.0
29.557,267.0,326.0,253.0,311.0
29.563,260.0,331.0,257.0,293.0
29.570,254.0,339.0,259.0,277.0
29.576,249.0,347.0,263.0,261.0
29.582,245.0,356.0,269.0,247.0
29.588,241.0,365.0,278.0,235.0
29.596,238.0,374.0,284.0,225.0
29.602,235.0,387.0,291.0,218.0
29.608,232.0,397.0,300.0,211.0
29.614,232.0,409.0,311.0,206.0
29.621,230.0,419.0,324.0,203.0
29.627,231.0,433.0,334.0,202.0
29.633,229.0,446.0,344.0,201.0
29.640,231.0,459.0,358.0,200.0
29.647,232.0,472.0,377.0,199.0
29.653,235.0,487.0,396.0,198.0
29.659,238.0,502.0,410.0,199.0
29.665,240.0,517.0,430.0,199.0
29.672,244.0,532.0,449.0,201.0
29.678,251.0,547.0,474.0,201.0
29.685,256.0,562.0,499.0,201.0
29.691,262.0,577.0,520.0,203.0
29.698,268.0,593.0,539.0,206.0
29.704,277.0,607.0,554.0,210.0
29.710,288.0,621.0,570.0,217.0
29.716,297.0,632.0,586.0,225.0
29.723,304.0,647.0,602.0,234.0
29.730,316.0,659.0,616.0,245.0
29.736,330.0,670.0,630.0,257.0
29.742,341.0,681.0,641.0,273.0
29.748,353.0,691.0,660.0,290.0
29.755,366.0,701.0,673.0,310.0
29.761,378.0,708.0,685.0,331.0
29.768,394.0,716.0,698.0,353.0
29.774,410.0,722.0,708.0,376.0
29.781,425.0,729.0,717.0,399.0
29.787,441.0,733.0,724.0,422.0
29.793,454.0,739.0,731.0,447.0
29.799,472.0,743.0,737.0,469.0
29.806,485.0,747.0,742.0,493.0
29.813,502.0,750.0,746.0,515.0
29.819,510.0,752.0,748.0,542.0
29.825,526.0,754.0,750.0,566.0
29.832,544.0,755.0,754.0,590.0
29.838,558.0,756.0,754.0,615.0
29.844,568.0,756.0,758.0,636.0
29.851,578.0,756.0,760.0,658.0
29.858,597.0,755.0,761.0,678.0
29.864,609.0,753.0,760.0,698.0
29.870,618.0,751.0,755.0,716.0
29.876,632.0,748.0,750.0,732.0
29.883,641.0,745.0,747.0,745.0
29.889,651.0,739.0,743.0,758.0
29.896,661.0,734.0,735.0,770.0
29.902,671.0,729.0,727.0,780.0
29.909,677.0,722.0,721.0,789.0
29.915,684.0,714.0,711.0,798.0
29.921,688.0,706.0,699.0,806.0
29.927,694.0,695.0,684.0,811.0
29.933,700.0,687.0,663.0,817.0
29.941,703.0,675.0,645.0,821.0
29.947,708.0,663.0,626.0,824.0
29.953,710.0,651.0,612.0,826.0
29.959,713.0,639.0,601.0,826.0
29.966,715.0,625.0,590.0,825.0
29.972,716.0,613.0,586.0,822.0
29.979,718.0,597.0,572.0,821.0
29.985,718.0,583.0,550.0,818.0
29.992,717.0,569.0,531.0,814.0
29.998,716.0,554.0,510.0,812.0
30.004,715.0,539.0,490.0,807.0
30.010,714.0,523.0,460.0,806.0
30.017,710.0,508.0,431.0,803.0
30.024,707.0,492.0,413.0,795.0
30.030,704.0,476.0,397.0,789.0
30.036,700.0,462.0,379.0,779.0
30.043,696.0,446.0,364.0,769.0
30.049,690.0,431.0,350.0,758.0
30.055,684.0,419.0,338.0,743.0
30.061,678.0,405.0,330.0,724.0
30.069,671.0,392.0,320.0,703.0
30.075,664.0,376.0,306.0,686.0
30.081,656.0,365.0,295.0,665.0
30.087,649.0,352.0,285.0,646.0
30.094,637.0,340.0,273.0,633.0
30.100,629.0,330.0,263.0,622.0
30.107,620.0,320.0,258.0,602.0
30.113,612.0,312.0,251.0,583.0
30.120,602.0,302.0,246.0,563.0
30.126,591.0,292.0,242.0,545.0
30.132,581.0,284.0,241.0,523.0
30.138,568.0,278.0,236.0,502.0
30.144,558.0,273.0,234.0,478.0
30.152,546.0,266.0,232.0,453.0
30.158,535.0,260.0,229.0,430.0
30.164,520.0,257.0,229.0,407.0
30.170,510.0,253.0,229.0,384.0
30.177,499.0,248.0,229.0,368.0
30.183,490.0,245.0,229.0,353.0
30.189,476.0,242.0,230.0,340.0
30.196,467.0,241.0,231.0,329.0
30.203,455.0,239.0,232.0,317.0
30.209,444.0,238.0,236.0,304.0
30.215,432.0,236.0,240.0,290.0
30.221,425.0,236.0,244.0,279.0
30.228,414.0,236.0,250.0,268.0
30.235,404.0,237.0,257.0,258.0
30.241,391.0,237.0,262.0,249.0
30.247,383.0,239.0,271.0,242.0
30.254,375.0,240.0,279.0,235.0
30.260,367.0,243.0,288.0,230.0
30.266,358.0,245.0,298.0,225.0
30.272,348.0,249.0,309.0,223.0
30.280,343.0,252.0,320.0,220.0
30.286,337.0,257.0,335.0,217.0
30.292,331.0,262.0,343.0,219.0
30.298,325.0,267.0,361.0,216.0
30.305,320.0,273.0,378.0,216.0
30.311,315.0,280.0,395.0,215.0
30.317,309.0,287.0,413.0,216.0
30.324,306.0,294.0,427.0,218.0
30.331,303.0,303.0,438.0,223.0
30.337,301.0,310.0,450.0,229.0
30.343,298.0,321.0,472.0,234.0
30.349,294.0,331.0,494.0,240.0
30.355,293.0,343.0,517.0,249.0
30.363,292.0,353.0,539.0,255.0
30.369,292.0,363.0,560.0,263.0
30.375,291.0,375.0,576.0,274.0
30.381,291.0,386.0,591.0,287.0
30.388,293.0,399.0,603.0,300.0
30.394,293.0,411.0,615.0,313.0
30.400,295.0,423.0,629.0,326.0
30.407,297.0,435.0,641.0,341.0
30.414,301.0,445.0,650.0,358.0
30.420,304.0,459.0,660.0,379.0
30.426,308.0,472.0,672.0,397.0
30.432,312.0,484.0,683.0,420.0
30.439,318.0,497.0,693.0,443.0
30.445,323.0,510.0,700.0,468.0
30.452,330.0,522.0,707.0,493.0
30.458,337.0,534.0,713.0,516.0
30.465,346.0,546.0,718.0,539.0
30.471,354.0,557.0,722.0,562.0
30.477,366.0,568.0,726.0,584.0
30.483,377.0,578.0,727.0,606.0
30.491,388.0,589.0,730.0,627.0
30.497,400.0,599.0,732.0,648.0
30.503,412.0,609.0,732.0,669.0
30.509,429.0,618.0,732.0,692.0
30.516,441.0,627.0,731.0,711.0
30.522,455.0,634.0,730.0,729.0
30.528,471.0,640.0,728.0,744.0
30.535,485.0,647.0,725.0,760.0
30.541,503.0,653.0,720.0,774.0
30.548,519.0,658.0,716.0,787.0
30.554,535.0,662.0,708.0,799.0
30.560,556.0,667.0,700.0,811.0
30.566,571.0,670.0,687.0,821.0
30.573,586.0,673.0,676.0,830.0
30.580,605.0,674.0,666.0,833.0
30.586,620.0,676.0,658.0,836.0
30.592,635.0,676.0,648.0,837.0
30.599,650.0,677.0,636.0,839.0
30.605,668.0,676.0,621.0,840.0
30.611,680.0,674.0,603.0,841.0
30.618,693.0,673.0,584.0,841.0
30.625,702.0,671.0,566.0,842.0
30.631,714.0,668.0,549.0,841.0
30.637,729.0,664.0,533.0,840.0
30.643,735.0,660.0,516.0,838.0
30.650,744.0,655.0,497.0,835.0
30.656,753.0,650.0,479.0,834.0
30.663,761.0,645.0,462.0,829.0
30.669,766.0,638.0,446.0,822.0
30.676,774.0,632.0,427.0,813.0
30.682,779.0,626.0,409.0,803.0
30.688,783.0,618.0,391.0,789.0
30.694,786.0,608.0,375.0,774.0
30.701,790.0,600.0,360.0,757.0
30.708,793.0,592.0,345.0,739.0
30.714,795.0,582.0,331.0,719.0
30.720,796.0,572.0,319.0,698.0
30.726,797.0,564.0,309.0,675.0
30.733,797.0,553.0,299.0,651.0
30.739,797.0,543.0,291.0,626.0
30.746,796.0,532.0,283.0,603.0
30.752,793.0,522.0,277.0,578.0
30.759,792.0,510.0,271.0,554.0
30.765,789.0,498.0,266.0,529.0
30.771,786.0,488.0,261.0,505.0
30.777,779.0,477.0,259.0,480.0
30.784,777.0,465.0,256.0,454.0
30.791,770.0,453.0,253.0,428.0
30.797,763.0,443.0,252.0,404.0
30.803,757.0,433.0,251.0,381.0
30.810,750.0,423.0,251.0,360.0
30.816,741.0,412.0,252.0,338.0
30.822,730.0,401.0,254.0,318.0
30.828,720.0,391.0,256.0,297.0
30.836,709.0,383.0,260.0,278.0
30.842,695.0,372.0,264.0,262.0
30.848,682.0,363.0,270.0,248.0
30.854,670.0,355.0,277.0,234.0
30.861,656.0,348.0,285.0,224.0
30.867,637.0,339.0,296.0,213.0
30.874,622.0,332.0,305.0,208.0
30.880,606.0,325.0,314.0,206.0
30.887,587.0,319.0,325.0,203.0
30.893,571.0,314.0,338.0,201.0
30.899,553.0,309.0,348.0,201.0
30.905,535.0,304.0,364.0,199.0
30.912,516.0,301.0,382.0,199.0
30.919,496.0,298.0,397.0,198.0
30.925,479.0,296.0,405.0,200.0
30.931,461.0,292.0,420.0,199.0
30.937,441.0,292.0,443.0,199.0
30.944,423.0,290.0,467.0,200.0
30.950,408.0,289.0,493.0,201.0
30.956,392.0,289.0,513.0,202.0
30.963,376.0,289.0,534.0,205.0
30.970,360.0,290.0,552.0,209.0
30.976,347.0,293.0,570.0,216.0
30.982,331.0,295.0,587.0,224.0
30.988,321.0,297.0,601.0,235.0
30.995,310.0,301.0,615.0,248.0
31.002,300.0,304.0,629.0,260.0
31.008,289.0,309.0,641.0,275.0
31.014,280.0,315.0,654.0,290.0
31.021,273.0,320.0,671.0,307.0
31.027,266.0,327.0,684.0,325.0
31.033,258.0,334.0,695.0,347.0
31.039,252.0,341.0,705.0,368.0
31.047,248.0,351.0,714.0,390.0
31.053,244.0,359.0,721.0,413.0
31.059,239.0,369.0,728.0,436.0
31.065,236.0,378.0,734.0,458.0
31.072,234.0,390.0,739.0,485.0
31.078,232.0,400.0,744.0,512.0
31.084,231.0,412.0,749.0,537.0
31.091,230.0,424.0,754.0,563.0
31.098,229.0,437.0,757.0,588.0
31.104,230.0,450.0,758.0,612.0
31.110,231.0,462.0,759.0,636.0
31.116,232.0,477.0,760.0,656.0
31.122,235.0,490.0,760.0,676.0
31.130,238.0,504.0,760.0,693.0
31.136,241.0,518.0,756.0,711.0
31.142,244.0,533.0,751.0,728.0
31.148,250.0,547.0,748.0,740.0
31.155,256.0,561.0,742.0,755.0
31.161,261.0,574.0,735.0,767.0
31.167,267.0,591.0,728.0,780.0
31.174,276.0,604.0,721.0,790.0
31.181,286.0,617.0,710.0,798.0
31.187,295.0,629.0,697.0,806.0
31.193,301.0,642.0,684.0,811.0
31.199,311.0,655.0,665.0,817.0
31.206,328.0,666.0,646.0,821.0
31.212,339.0,677.0,625.0,824.0
31.219,347.0,687.0,608.0,825.0
31.225,361.0,697.0,597.0,826.0
31.232,379.0,706.0,584.0,826.0
31.238,391.0,714.0,581.0,823.0
31.244,407.0,721.0,573.0,820.0
31.250,427.0,728.0,552.0,818.0
31.258,439.0,734.0,532.0,815.0
31.264,451.0,738.0,512.0,811.0
31.270,473.0,743.0,493.0,808.0
31.276,486.0,747.0,472.0,802.0
31.283,501.0,749.0,446.0,799.0
31.289,510.0,752.0,420.0,795.0
31.295,526.0,754.0,399.0,790.0
31.302,545.0,755.0,384.0,782.0
31.309,558.0,756.0,375.0,767.0
31.315,569.0,756.0,362.0,757.0
31.321,583.0,755.0,355.0,740.0
31.327,595.0,755.0,350.0,717.0
31.333,607.0,753.0,334.0,701.0
31.340,619.0,751.0,318.0,684.0
31.347,631.0,748.0,306.0,664.0
31.353,640.0,744.0,295.0,645.0
31.359,651.0,740.0,284.0,630.0
31.366,658.0,734.0,270.0,621.0
31.372,668.0,728.0,260.0,614.0
31.378,676.0,722.0,254.0,595.0
31.384,683.0,714.0,250.0,575.0
31.392,688.0,705.0,243.0,555.0
31.398,695.0,696.0,240.0,534.0
31.404,700.0,686.0,236.0,512.0
31.410,704.0,674.0,233.0,491.0
31.417,708.0,663.0,231.0,468.0
31.423,710.0,650.0,229.0,442.0
31.430,714.0,639.0,227.0,421.0
31.436,713.0,625.0,227.0,400.0
31.443,716.0,612.0,228.0,381.0
31.449,717.0,597.0,228.0,364.0
31.455,717.0,585.0,228.0,350.0
31.461,717.0,568.0,229.0,337.0
31.468,716.0,555.0,231.0,323.0
31.475,715.0,540.0,235.0,309.0
31.481,714.0,526.0,237.0,297.0
31.487,710.0,513.0,241.0,286.0
31.494,709.0,498.0,248.0,272.0
31.500,705.0,483.0,253.0,265.0
31.506,702.0,467.0,258.0,255.0
31.512,698.0,452.0,266.0,245.0
31.519,692.0,440.0,275.0,238.0
31.526,687.0,425.0,285.0,232.0
31.532,681.0,413.0,297.0,227.0
31.538,676.0,400.0,307.0,223.0
31.544,669.0,387.0,323.0,220.0
31.551,663.0,374.0,335.0,218.0
31.558,654.0,362.0,352.0,216.0
31.564,646.0,352.0,365.0,215.0
31.570,637.0,340.0,380.0,216.0
31.577,628.0,329.0,394.0,216.0
31.583,619.0,318.0,410.0,217.0
31.589,610.0,310.0,425.0,219.0
31.595,599.0,300.0,441.0,222.0
31.603,589.0,291.0,453.0,227.0
31.609,578.0,284.0,470.0,235.0
31.615,568.0,277.0,489.0,242.0
31.621,556.0,270.0,509.0,250.0
31.628,546.0,264.0,533.0,257.0
31.634,531.0,259.0,556.0,264.0
31.640,521.0,256.0,574.0,274.0
31.647,509.0,251.0,589.0,285.0
31.654,498.0,246.0,602.0,298.0
31.660,485.0,244.0,614.0,312.0
31.666,474.0,242.0,627.0,326.0
31.672,461.0,239.0,637.0,340.0
31.679,449.0,238.0,650.0,358.0
31.686,438.0,236.0,661.0,379.0
31.692,429.0,236.0,673.0,400.0
31.698,419.0,236.0,685.0,423.0
31.705,410.0,237.0,694.0,447.0
31.711,399.0,237.0,701.0,471.0
31.717,388.0,238.0,709.0,495.0
31.723,379.0,240.0,714.0,520.0
31.730,370.0,244.0,719.0,542.0
31.737,362.0,245.0,722.0,565.0
31.743,353.0,247.0,725.0,587.0
31.749,344.0,251.0,727.0,608.0
31.755,337.0,255.0,729.0,628.0
31.762,332.0,260.0,730.0,650.0
31.768,327.0,266.0,729.0,672.0
31.775,321.0,272.0,732.0,692.0
31.781,317.0,279.0,732.0,709.0
31.788,310.0,287.0,731.0,728.0
31.794,305.0,294.0,728.0,745.0
31.800,302.0,304.0,725.0,762.0
31.806,300.0,313.0,719.0,777.0
31.814,297.0,324.0,713.0,790.0
31.820,294.0,334.0,707.0,801.0
31.826,293.0,346.0,698.0,811.0
31.832,291.0,357.0,689.0,820.0
31.839,292.0,368.0,679.0,826.0
31.845,290.0,381.0,671.0,831.0
31.851,292.0,392.0,661.0,834.0
31.858,293.0,403.0,650.0,837.0
31.865,294.0,416.0,636.0,838.0
31.871,296.0,427.0,623.0,839.0
31.877,297.0,440.0,607.0,840.0
31.883,302.0,451.0,591.0,841.0
31.890,304.0,464.0,576.0,842.0
31.896,309.0,476.0,559.0,841.0
31.903,313.0,487.0,543.0,840.0
31.909,318.0,499.0,524.0,840.0
31.915,324.0,511.0,506.0,838.0
31.922,332.0,522.0,489.0,836.0
31.928,338.0,533.0,471.0,832.0
31.934,349.0,544.0,454.0,825.0
31.941,356.0,556.0,437.0,819.0
31.948,367.0,566.0,419.0,809.0
31.954,377.0,577.0,402.0,797.0
31.960,388.0,588.0,384.0,783.0
31.966,397.0,598.0,369.0,767.0
31.973,409.0,608.0,354.0,751.0
31.979,426.0,616.0,341.0,733.0
31.986,437.0,625.0,328.0,712.0
31.992,452.0,632.0,316.0,690.0
31.999,466.0,639.0,306.0,669.0
32.005,479.0,646.0,297.0,646.0
32.011,499.0,651.0,289.0,621.0
32.017,516.0,657.0,282.0,597.0
32.024,527.0,662.0,276.0,572.0
32.031,548.0,666.0,269.0,545.0
32.037,564.0,670.0,264.0,518.0
32.043,582.0,672.0,259.0,489.0
32.050,599.0,674.0,257.0,460.0
32.056,618.0,676.0,254.0,434.0
32.062,632.0,676.0,252.0,408.0
32.069,644.0,676.0,252.0,385.0
32.076,664.0,676.0,251.0,362.0
32.082,681.0,674.0,251.0,341.0
32.088,691.0,673.0,253.0,322.0
32.094,701.0,671.0,254.0,304.0
32.101,715.0,668.0,257.0,287.0
32.107,727.0,663.0,261.0,270.0
32.114,735.0,660.0,266.0,255.0
32.120,745.0,655.0,273.0,241.0
32.126,755.0,649.0,281.0,229.0
32.133,762.0,644.0,289.0,220.0
32.139,768.0,637.0,300.0,211.0
32.145,776.0,631.0,310.0,207.0
32.151,780.0,623.0,321.0,204.0
32.159,784.0,614.0,334.0,202.0
32.165,790.0,606.0,348.0,201.0
32.171,792.0,597.0,359.0,200.0
32.177,794.0,589.0,371.0,200.0
32.184,795.0,577.0,387.0,199.0
32.190,797.0,568.0,406.0,198.0
32.197,797.0,558.0,426.0,197.0
32.203,797.0,547.0,442.0,198.0
32.210,796.0,536.0,463.0,199.0
32.216,795.0,526.0,483.0,200.0
32.222,792.0,515.0,502.0,201.0
32.228,790.0,503.0,523.0,203.0
32.235,787.0,493.0,541.0,206.0
32.242,782.0,482.0,559.0,211.0
32.248,779.0,473.0,573.0,219.0
32.254,775.0,461.0,588.0,229.0
32.261,767.0,450.0,600.0,243.0
32.267,761.0,440.0,618.0,258.0
32.273,755.0,429.0,636.0,272.0
32.279,747.0,419.0,650.0,290.0
32.287,738.0,408.0,666.0,307.0
32.293,726.0,398.0,682.0,323.0
32.299,717.0,388.0,693.0,344.0
32.305,705.0,379.0,704.0,367.0
32.311,691.0,370.0,712.0,387.0
32.318,679.0,361.0,720.0,409.0
32.325,668.0,354.0,728.0,431.0
32.331,654.0,346.0,733.0,454.0
32.337,636.0,338.0,737.0,477.0
32.344,620.0,331.0,741.0,506.0
32.350,604.0,324.0,746.0,532.0
32.356,584.0,318.0,751.0,558.0
32.362,565.0,313.0,756.0,584.0
32.370,551.0,309.0,758.0,611.0
32.376,534.0,304.0,759.0,635.0
32.382,514.0,301.0,760.0,659.0
32.388,493.0,297.0,760.0,680.0
32.395,476.0,295.0,758.0,700.0
32.401,460.0,292.0,756.0,715.0
32.407,440.0,291.0,754.0,730.0
32.414,421.0,290.0,751.0,743.0
32.421,407.0,290.0,744.0,756.0
32.427,388.0,289.0,739.0,767.0
32.433,374.0,290.0,729.0,778.0
32.439,359.0,291.0,719.0,789.0
32.446,346.0,293.0,712.0,797.0
32.453,330.0,296.0,703.0,804.0
32.459,318.0,298.0,687.0,810.0
32.465,308.0,301.0,671.0,816.0
32.472,298.0,305.0,647.0,822.0
32.478,287.0,311.0,623.0,824.0
32.484,278.0,316.0,607.0,826.0
32.490,270.0,321.0,597.0,826.0
32.498,263.0,330.0,586.0,825.0
32.504,256.0,338.0,568.0,826.0
32.510,251.0,346.0,560.0,824.0
32.516,246.0,354.0,555.0,819.0
32.522,240.0,363.0,538.0,816.0
32.529,238.0,374.0,512.0,814.0
32.535,235.0,385.0,487.0,809.0
32.542,233.0,396.0,461.0,806.0
32.548,233.0,407.0,435.0,802.0
32.555,230.0,417.0,413.0,796.0
32.561,230.0,430.0,397.0,788.0
32.567,230.0,443.0,382.0,779.0
32.573,231.0,457.0,371.0,768.0
32.581,232.0,469.0,361.0,753.0
32.587,233.0,483.0,353.0,733.0
32.593,235.0,498.0,343.0,711.0
32.599,239.0,513.0,328.0,695.0
32.606,244.0,527.0,315.0,677.0
32.612,247.0,542.0,305.0,657.0
32.618,253.0,556.0,298.0,634.0
32.625,261.0,570.0,286.0,616.0
32.632,264.0,585.0,272.0,605.0
32.638,272.0,599.0,259.0,601.0
32.644,283.0,613.0,253.0,586.0
32.650,292.0,625.0,248.0,567.0
32.657,297.0,637.0,242.0,547.0
32.663,305.0,650.0,241.0,526.0
32.670,318.0,661.0,237.0,504.0
32.676,333.0,672.0,236.0,483.0
32.683,342.0,683.0,234.0,455.0
32.689,355.0,692.0,231.0,430.0
32.695,368.0,701.0,230.0,415.0
32.701,381.0,708.0,228.0,393.0
32.709,393.0,715.0,229.0,375.0
32.715,411.0,722.0,229.0,360.0
32.721,425.0,729.0,229.0,346.0
32.727,439.0,734.0,229.0,335.0
32.733,452.0,739.0,232.0,319.0
32.740,468.0,742.0,236.0,305.0
32.746,485.0,747.0,239.0,292.0
32.753,500.0,750.0,244.0,281.0
32.759,510.0,752.0,250.0,271.0
32.766,527.0,753.0,254.0,262.0
32.772,546.0,754.0,259.0,253.0
32.778,559.0,756.0,268.0,245.0
32.784,571.0,756.0,276.0,238.0
32.791,585.0,756.0,286.0,232.0
32.798,597.0,755.0,297.0,227.0
32.804,609.0,753.0,309.0,224.0
32.810,619.0,751.0,323.0,220.0
32.817,633.0,748.0,335.0,219.0
32.823,642.0,745.0,351.0,216.0
32.829,652.0,740.0,365.0,215.0
32.835,662.0,734.0,381.0,215.0
32.843,672.0,729.0,396.0,216.0
32.849,678.0,721.0,413.0,215.0
32.855,684.0,713.0,426.0,218.0
32.861,689.0,703.0,437.0,222.0
32.868,695.0,693.0,450.0,228.0
32.874,700.0,683.0,472.0,233.0
32.881,705.0,671.0,496.0,239.0
32.887,708.0,659.0,520.0,246.0
32.894,710.0,647.0,539.0,255.0
32.900,713.0,635.0,559.0,264.0
32.906,715.0,621.0,576.0,276.0
32.912,715.0,608.0,591.0,288.0
32.919,717.0,593.0,604.0,301.0
32.926,716.0,578.0,617.0,314.0
32.932,715.0,564.0,630.0,326.0
32.938,714.0,548.0,639.0,342.0
32.944,713.0,535.0,649.0,362.0
32.951,712.0,517.0,661.0,382.0
32.957,709.0,505.0,675.0,402.0
32.963,705.0,488.0,685.0,427.0
32.970,703.0,473.0,694.0,452.0
32.977,699.0,458.0,702.0,476.0
32.983,694.0,445.0,709.0,500.0
32.989,690.0,432.0,715.0,524.0
32.995,684.0,418.0,720.0,548.0
33.002,678.0,405.0,724.0,569.0
33.009,672.0,392.0,728.0,591.0
33.015,666.0,379.0,729.0,612.0
33.021,658.0,369.0,731.0,633.0
33.028,653.0,354.0,731.0,655.0
33.034,643.0,345.0,731.0,679.0
33.040,633.0,332.0,731.0,700.0
33.046,625.0,322.0,731.0,717.0
33.054,617.0,314.0,730.0,735.0
33.060,607.0,306.0,726.0,752.0
33.066,598.0,297.0,724.0,767.0
33.072,587.0,288.0,718.0,781.0
33.079,577.0,282.0,711.0,794.0
33.085,567.0,275.0,703.0,807.0
33.091,554.0,270.0,692.0,818.0
33.098,543.0,264.0,681.0,826.0
33.105,530.0,259.0,671.0,831.0
33.111,520.0,255.0,661.0,834.0
33.117,507.0,250.0,652.0,837.0
33.123,498.0,246.0,640.0,838.0
33.129,483.0,244.0,626.0,839.0
33.137,474.0,242.0,612.0,841.0
33.143,461.0,240.0,596.0,841.0
33.149,449.0,237.0,581.0,841.0
33.155,435.0,236.0,569.0,841.0
33.162,428.0,236.0,554.0,839.0
33.168,417.0,238.0,537.0,839.0
33.174,405.0,236.0,520.0,839.0
33.181,394.0,237.0,502.0,838.0
33.188,384.0,238.0,485.0,834.0
33.194,376.0,241.0,468.0,829.0
33.200,367.0,243.0,450.0,825.0
33.206,359.0,246.0,431.0,817.0
33.213,349.0,248.0,414.0,806.0
33.219,342.0,253.0,397.0,793.0
33.226,334.0,258.0,381.0,780.0
33.232,328.0,264.0,365.0,764.0
33.239,322.0,270.0,351.0,748.0
33.245,318.0,277.0,339.0,730.0
33.251,312.0,284.0,326.0,710.0
33.257,306.0,292.0,315.0,689.0
33.265,303.0,301.0,306.0,667.0
33.271,302.0,310.0,297.0,644.0
33.277,299.0,320.0,290.0,621.0
33.283,295.0,331.0,282.0,598.0
33.290,294.0,343.0,275.0,574.0
33.296,293.0,352.0,270.0,547.0
33.302,294.0,363.0,265.0,520.0
33.309,292.0,377.0,260.0,492.0
33.316,293.0,388.0,256.0,464.0
33.322,294.0,400.0,254.0,437.0
33.328,295.0,413.0,252.0,412.0
33.334,296.0,425.0,251.0,388.0
33.340,299.0,438.0,252.0,366.0
33.347,302.0,450.0,252.0,345.0
33.354,305.0,466.0,252.0,325.0
33.360,310.0,476.0,254.0,307.0
33.366,313.0,487.0,256.0,290.0
33.373,318.0,499.0,262.0,272.0
33.379,325.0,512.0,265.0,259.0
33.385,332.0,523.0,271.0,245.0
33.392,338.0,534.0,278.0,233.0
33.399,346.0,546.0,288.0,221.0
33.405,355.0,557.0,296.0,214.0
33.411,365.0,568.0,304.0,209.0
33.417,376.0,577.0,314.0,206.0
33.424,387.0,588.0,325.0,203.0
33.430,397.0,597.0,337.0,202.0
33.437,409.0,607.0,351.0,200.0
33.443,423.0,615.0,362.0,200.0
33.450,437.0,624.0,380.0,199.0
33.456,453.0,631.0,399.0,198.0
33.462,465.0,638.0,417.0,198.0
33.468,480.0,645.0,433.0,199.0
33.475,495.0,651.0,454.0,201.0
33.482,512.0,656.0,473.0,201.0
33.488,527.0,661.0,496.0,201.0
33.494,544.0,665.0,518.0,203.0
33.501,558.0,669.0,536.0,205.0
33.507,578.0,671.0,553.0,209.0
33.513,591.0,673.0,569.0,215.0
33.520,611.0,675.0,584.0,224.0
33.526,625.0,676.0,596.0,235.0
33.533,638.0,677.0,612.0,248.0
33.539,657.0,676.0,630.0,258.0
33.545,672.0,676.0,648.0,274.0
33.551,684.0,674.0,662.0,293.0
33.558,694.0,673.0,676.0,313.0
33.565,708.0,670.0,689.0,333.0
33.571,720.0,667.0,699.0,355.0
33.577,729.0,663.0,709.0,377.0
33.584,738.0,658.0,717.0,400.0
33.590,750.0,654.0,724.0,423.0
33.596,757.0,648.0,730.0,445.0
33.602,764.0,642.0,737.0,468.0
33.610,770.0,634.0,740.0,493.0
33.616,778.0,629.0,743.0,519.0
33.622,781.0,621.0,746.0,547.0
33.628,785.0,611.0,750.0,572.0
33.635,789.0,603.0,753.0,598.0
33.641,792.0,594.0,756.0,621.0
33.648,794.0,585.0,759.0,642.0
33.654,794.0,575.0,761.0,663.0
33.661,796.0,565.0,760.0,683.0
33.667,797.0,555.0,758.0,701.0
33.673,797.0,544.0,756.0,718.0
33.679,796.0,534.0,750.0,734.0
33.686,793.0,522.0,747.0,747.0
33.693,792.0,511.0,740.0,761.0
33.699,790.0,500.0,730.0,774.0
33.705,787.0,489.0,722.0,784.0
33.712,782.0,478.0,716.0,792.0
33.718,775.0,466.0,708.0,800.0
33.724,771.0,454.0,694.0,807.0
33.730,764.0,442.0,679.0,813.0
33.738,756.0,433.0,654.0,819.0
33.744,749.0,422.0,633.0,823.0
33.750,741.0,411.0,621.0,825.0
33.756,730.0,401.0,609.0,825.0
33.762,720.0,391.0,595.0,826.0
33.769,709.0,382.0,582.0,826.0
33.776,696.0,371.0,569.0,822.0
33.782,684.0,363.0,549.0,823.0
33.788,672.0,355.0,534.0,820.0
33.795,659.0,348.0,519.0,815.0
33.801,641.0,341.0,496.0,811.0
33.807,625.0,333.0,474.0,808.0
33.813,612.0,327.0,446.0,804.0
33.821,595.0,322.0,421.0,800.0
33.827,577.0,316.0,405.0,792.0
33.833,559.0,311.0,391.0,786.0
33.839,543.0,307.0,376.0,776.0
33.846,525.0,302.0,364.0,766.0
33.852,508.0,299.0,350.0,754.0
33.858,490.0,296.0,344.0,733.0
33.865,471.0,294.0,335.0,710.0
33.872,453.0,292.0,322.0,690.0
33.878,438.0,291.0,308.0,670.0
33.884,421.0,289.0,296.0,649.0
33.890,407.0,289.0,284.0,630.0
33.897,388.0,289.0,271.0,617.0
33.904,374.0,289.0,260.0,610.0
33.910,360.0,290.0,254.0,592.0
33.916,348.0,292.0,249.0,573.0
33.923,332.0,295.0,244.0,554.0
33.929,319.0,297.0,241.0,531.0
33.935,309.0,301.0,237.0,507.0
33.941,301.0,304.0,235.0,488.0
33.949,290.0,309.0,233.0,460.0
33.955,279.0,315.0,232.0,432.0
33.961,272.0,319.0,231.0,413.0
33.967,267.0,327.0,230.0,395.0
33.973,258.0,334.0,230.0,374.0
33.980,254.0,342.0,230.0,356.0
33.986,248.0,351.0,231.0,346.0
33.993,242.0,359.0,231.0,334.0
33.999,239.0,370.0,231.0,320.0
34.006,236.0,381.0,235.0,307.0
34.012,233.0,393.0,237.0,296.0
34.018,231.0,404.0,242.0,284.0
34.024,230.0,414.0,247.0,274.0
34.032,230.0,427.0,252.0,264.0
34.038,231.0,442.0,258.0,255.0
34.044,230.0,455.0,266.0,246.0
34.050,232.0,467.0,274.0,238.0
34.057,234.0,481.0,283.0,233.0
34.063,236.0,496.0,293.0,228.0
34.069,238.0,510.0,303.0,225.0
34.076,242.0,525.0,316.0,222.0
34.083,246.0,539.0,329.0,219.0
34.089,253.0,553.0,344.0,217.0
34.095,256.0,568.0,358.0,216.0
34.101,263.0,583.0,370.0,216.0
34.108,269.0,596.0,385.0,215.0
34.114,277.0,611.0,403.0,215.0
34.121,287.0,623.0,420.0,216.0
34.127,296.0,636.0,433.0,221.0
34.134,304.0,648.0,448.0,226.0
34.140,316.0,660.0,469.0,233.0
34.146,331.0,671.0,491.0,237.0
34.152,342.0,682.0,511.0,244.0
34.158,354.0,691.0,534.0,250.0
34.166,368.0,701.0,552.0,260.0
34.172,382.0,709.0,568.0,270.0
34.178,393.0,716.0,582.0,282.0
34.184,407.0,722.0,596.0,293.0
34.191,426.0,729.0,609.0,306.0
34.197,439.0,733.0,623.0,318.0
34.204,452.0,739.0,634.0,332.0
34.210,470.0,743.0,643.0,349.0
34.217,484.0,746.0,656.0,368.0
34.223,497.0,749.0,669.0,389.0
34.229,507.0,751.0,680.0,412.0
34.235,526.0,753.0,690.0,436.0
34.242,541.0,755.0,699.0,460.0
34.249,554.0,755.0,705.0,485.0
34.255,567.0,756.0,711.0,509.0
34.261,581.0,756.0,715.0,533.0
34.268,594.0,755.0,721.0,555.0
34.274,607.0,753.0,725.0,577.0
34.280,616.0,752.0,728.0,599.0
34.286,628.0,749.0,730.0,621.0
34.294,640.0,746.0,731.0,643.0
34.300,648.0,741.0,732.0,665.0
34.306,657.0,736.0,732.0,686.0
34.312,666.0,730.0,731.0,706.0
34.319,676.0,724.0,731.0,725.0
34.325,683.0,716.0,728.0,742.0
34.332,687.0,708.0,725.0,759.0
34.338,693.0,697.0,722.0,771.0
34.345,701.0,688.0,716.0,786.0
34.351,705.0,678.0,708.0,799.0
34.357,708.0,665.0,701.0,809.0
34.363,711.0,651.0,689.0,819.0
34.369,714.0,639.0,677.0,828.0
34.377,714.0,626.0,665.0,833.0
34.383,716.0,612.0,654.0,836.0
34.389,718.0,596.0,645.0,838.0
34.395,717.0,580.0,634.0,838.0
34.402,718.0,565.0,621.0,840.0
34.408,716.0,550.0,603.0,841.0
34.414,714.0,536.0,586.0,842.0
34.421,713.0,521.0,571.0,842.0
34.428,710.0,505.0,555.0,840.0
34.434,707.0,490.0,537.0,840.0
34.440,703.0,474.0,518.0,839.0
34.446,699.0,459.0,500.0,837.0
34.453,695.0,444.0,483.0,834.0
34.460,690.0,430.0,466.0,830.0
34.466,683.0,417.0,448.0,824.0
34.472,677.0,403.0,431.0,816.0
34.479,669.0,390.0,415.0,806.0
34.485,663.0,376.0,399.0,796.0
34.491,655.0,365.0,382.0,782.0
34.497,647.0,354.0,367.0,768.0
34.505,638.0,343.0,353.0,751.0
34.511,630.0,329.0,341.0,733.0
34.517,619.0,319.0,328.0,714.0
34.523,612.0,311.0,317.0,694.0
34.530,602.0,301.0,307.0,673.0
34.536,591.0,292.0,298.0,650.0
34.542,580.0,283.0,290.0,627.0
34.549,569.0,277.0,284.0,603.0
34.556,557.0,272.0,276.0,576.0
34.562,547.0,266.0,270.0,549.0
34.568,535.0,260.0,264.0,519.0
34.574,522.0,257.0,260.0,491.0
34.580,511.0,252.0,256.0,463.0
34.588,500.0,249.0,254.0,438.0
34.594,491.0,244.0,252.0,412.0
34.600,478.0,242.0,252.0,388.0
34.606,468.0,240.0,251.0,366.0
34.613,455.0,239.0,251.0,345.0
34.619,447.0,237.0,254.0,326.0
34.625,436.0,237.0,254.0,307.0
34.632,427.0,236.0,257.0,289.0
34.639,418.0,236.0,260.0,274.0
34.645,408.0,237.0,264.0,258.0
34.651,396.0,237.0,270.0,246.0
34.657,388.0,238.0,278.0,233.0
34.664,380.0,240.0,285.0,224.0
34.670,372.0,243.0,292.0,216.0
34.677,362.0,245.0,300.0,211.0
34.683,352.0,248.0,312.0,207.0
34.690,345.0,251.0,323.0,203.0
34.696,337.0,256.0,335.0,202.0
34.702,330.0,261.0,344.0,201.0
34.708,324.0,266.0,358.0,200.0
34.716,319.0,273.0,376.0,198.0
34.722,312.0,280.0,396.0,198.0
34.728,308.0,288.0,411.0,198.0
34.734,305.0,297.0,428.0,200.0
34.741,302.0,304.0,444.0,200.0
34.747,300.0,315.0,471.0,200.0
34.753,296.0,325.0,495.0,201.0
34.760,293.0,335.0,516.0,202.0
34.767,292.0,348.0,533.0,205.0
34.773,291.0,360.0,549.0,209.0
34.779,291.0,372.0,566.0,215.0
34.785,291.0,382.0,581.0,222.0
34.791,292.0,396.0,596.0,230.0
34.798,293.0,409.0,612.0,241.0
34.805,295.0,422.0,627.0,255.0
34.811,297.0,434.0,642.0,269.0
34.817,302.0,445.0,657.0,286.0
34.824,304.0,460.0,671.0,305.0
34.830,309.0,473.0,683.0,325.0
34.836,313.0,485.0,694.0,345.0
34.843,319.0,497.0,705.0,366.0
34.850,324.0,511.0,713.0,388.0
34.856,331.0,524.0,720.0,410.0
34.862,339.0,534.0,727.0,431.0
34.868,350.0,546.0,732.0,454.0
34.875,357.0,557.0,738.0,476.0
34.881,369.0,567.0,740.0,503.0
34.888,378.0,577.0,743.0,530.0
34.894,391.0,588.0,746.0,557.0
34.901,401.0,598.0,752.0,580.0
34.907,413.0,607.0,757.0,605.0
34.913,425.0,617.0,760.0,629.0
34.919,439.0,625.0,759.0,653.0
34.926,455.0,633.0,760.0,675.0
34.933,468.0,639.0,759.0,694.0
34.939,483.0,646.0,757.0,711.0
34.945,498.0,652.0,755.0,726.0
34.952,514.0,657.0,751.0,740.0
34.958,531.0,662.0,746.0,753.0
34.964,546.0,665.0,737.0,766.0
34.971,562.0,668.0,729.0,776.0
34.977,580.0,671.0,722.0,786.0
34.984,593.0,674.0,714.0,795.0
34.990,614.0,675.0,705.0,802.0
34.996,628.0,676.0,688.0,809.0
35.002,639.0,677.0,666.0,817.0
35.009,655.0,676.0,647.0,821.0
35.016,672.0,676.0,632.0,823.0
35.022,686.0,674.0,617.0,826.0
35.028,693.0,671.0,602.0,825.0
35.035,707.0,671.0,588.0,826.0
35.041,719.0,667.0,581.0,824.0
35.047,728.0,663.0,579.0,821.0
35.053,738.0,659.0,561.0,819.0
35.061,747.0,654.0,538.0,817.0
35.067,756.0,649.0,517.0,813.0
35.073,763.0,644.0,496.0,808.0
35.079,768.0,637.0,467.0,805.0
35.086,776.0,631.0,436.0,802.0
35.092,781.0,624.0,412.0,796.0
35.099,783.0,615.0,397.0,789.0
35.105,789.0,607.0,382.0,781.0
35.112,792.0,598.0,369.0,771.0
35.118,794.0,589.0,354.0,761.0
35.124,795.0,580.0,345.0,745.0
35.130,796.0,570.0,337.0,724.0
35.137,797.0,561.0,323.0,706.0
35.144,797.0,550.0,309.0,690.0
35.150,797.0,539.0,298.0,667.0
35.156,796.0,529.0,288.0,646.0
35.163,793.0,518.0,277.0,632.0
35.169,791.0,506.0,265.0,623.0
35.175,788.0,495.0,258.0,605.0
35.181,784.0,485.0,252.0,586.0
35.188,779.0,474.0,246.0,567.0
35.195,775.0,462.0,243.0,548.0
35.201,768.0,451.0,241.0,525.0
35.207,762.0,439.0,237.0,503.0
35.213,755.0,429.0,233.0,480.0
35.220,746.0,419.0,231.0,454.0
35.227,738.0,407.0,229.0,430.0
35.233,727.0,397.0,229.0,405.0
35.239,717.0,387.0,230.0,384.0
35.246,704.0,378.0,228.0,368.0
35.252,690.0,369.0,229.0,353.0
35.258,678.0,360.0,230.0,339.0
35.264,665.0,352.0,232.0,328.0
35.272,651.0,344.0,233.0,315.0
35.278,632.0,337.0,237.0,301.0
35.284,616.0,330.0,243.0,285.0
35.290,601.0,323.0,248.0,273.0
35.297,582.0,317.0,251.0,264.0
35.303,564.0,312.0,257.0,255.0
35.309,547.0,307.0,265.0,247.0
35.316,532.0,304.0,273.0,239.0
35.323,514.0,300.0,284.0,232.0
35.329,493.0,297.0,294.0,227.0
35.335,478.0,294.0,303.0,223.0
35.341,459.0,293.0,314.0,222.0
35.348,441.0,291.0,324.0,220.0
35.355,424.0,290.0,338.0,217.0
35.361,408.0,289.0,350.0,218.0
35.367,391.0,289.0,368.0,217.0
35.374,377.0,290.0,387.0,215.0
35.380,363.0,290.0,402.0,217.0
35.386,351.0,292.0,419.0,218.0
35.392,333.0,294.0,436.0,220.0
35.399,323.0,297.0,450.0,225.0
35.406,312.0,299.0,467.0,232.0
35.412,305.0,303.0,487.0,238.0
35.418,295.0,307.0,504.0,246.0
35.424,284.0,312.0,527.0,254.0
35.431,276.0,317.0,551.0,261.0
35.437,269.0,323.0,569.0,269.0
35.444,263.0,330.0,585.0,281.0
35.450,256.0,337.0,597.0,293.0
35.457,251.0,345.0,609.0,308.0
35.463,247.0,352.0,623.0,320.0
35.469,242.0,361.0,636.0,334.0
35.475,238.0,371.0,646.0,351.0
35.483,236.0,382.0,657.0,371.0
35.489,233.0,393.0,670.0,391.0
35.495,232.0,404.0,679.0,413.0
35.501,231.0,415.0,689.0,436.0
35.508,230.0,428.0,698.0,460.0
35.514,230.0,442.0,705.0,484.0
35.520,231.0,456.0,711.0,508.0
35.527,232.0,467.0,717.0,531.0
35.534,234.0,483.0,721.0,554.0
35.540,236.0,497.0,725.0,576.0
35.546,239.0,512.0,727.0,598.0
35.552,243.0,527.0,730.0,620.0
35.559,249.0,543.0,731.0,642.0
35.565,254.0,558.0,731.0,664.0
35.572,260.0,572.0,731.0,686.0
35.578,266.0,587.0,731.0,707.0
35.584,274.0,602.0,730.0,725.0
35.591,284.0,616.0,729.0,742.0
35.597,293.0,629.0,726.0,758.0
35.603,300.0,642.0,722.0,773.0
35.610,312.0,654.0,716.0,785.0
35.617,326.0,667.0,709.0,799.0
35.623,337.0,678.0,701.0,810.0
35.629,348.0,688.0,689.0,820.0
35.635,362.0,698.0,677.0,828.0
35.642,375.0,706.0,667.0,833.0
35.648,391.0,714.0,657.0,836.0
35.655,403.0,720.0,647.0,837.0
35.661,421.0,727.0,634.0,839.0
35.668,432.0,733.0,620.0,840.0
35.674,450.0,738.0,603.0,841.0
35.680,463.0,742.0,587.0,842.0
35.686,479.0,745.0,572.0,840.0
35.693,496.0,749.0,556.0,841.0
35.700,507.0,751.0,540.0,840.0
35.706,522.0,753.0,521.0,839.0
35.712,538.0,754.0,503.0,837.0
35.719,556.0,756.0,486.0,835.0
35.725,567.0,756.0,469.0,831.0
35.731,580.0,756.0,452.0,824.0
35.738,594.0,755.0,433.0,817.0
35.745,606.0,754.0,415.0,806.0
35.751,615.0,752.0,397.0,793.0
35.757,626.0,749.0,381.0,780.0
35.763,638.0,746.0,365.0,764.0
35.769,647.0,742.0,351.0,748.0
35.776,656.0,735.0,337.0,727.0
35.783,666.0,731.0,324.0,709.0
35.789,673.0,725.0,314.0,687.0
35.795,680.0,718.0,304.0,664.0
35.802,685.0,710.0,295.0,640.0
35.808,692.0,701.0,287.0,616.0
35.814,697.0,690.0,280.0,592.0
35.820,702.0,680.0,274.0,568.0
35.828,706.0,668.0,269.0,542.0
35.834,710.0,657.0,265.0,516.0
35.840,713.0,644.0,259.0,490.0
35.846,715.0,631.0,256.0,464.0
35.853,716.0,617.0,254.0,437.0
35.859,718.0,603.0,253.0,413.0
35.866,718.0,590.0,251.0,389.0
35.872,718.0,573.0,251.0,367.0
35.879,715.0,560.0,251.0,347.0
35.885,715.0,544.0,253.0,327.0
35.891,714.0,528.0,255.0,306.0
35.897,712.0,514.0,257.0,287.0
35.904,709.0,499.0,261.0,270.0
35.911,706.0,482.0,266.0,255.0
35.917,702.0,468.0,272.0,241.0
35.923,698.0,451.0,281.0,228.0
35.930,691.0,438.0,291.0,217.0
35.936,687.0,423.0,300.0,212.0
35.942,680.0,410.0,310.0,206.0
35.948,675.0,396.0,321.0,205.0
35.956,668.0,382.0,330.0,203.0
35.962,659.0,370.0,344.0,201.0
35.968,651.0,357.0,358.0,200.0
35.974,643.0,345.0,370.0,199.0
35.980,633.0,332.0,387.0,198.0
35.987,623.0,323.0,402.0,198.0
35.994,616.0,314.0,411.0,199.0
36.000,607.0,305.0,430.0,200.0
36.006,597.0,296.0,453.0,199.0
36.013,586.0,287.0,478.0,200.0
36.019,574.0,280.0,500.0,201.0
36.025,563.0,277.0,521.0,204.0
36.031,552.0,270.0,540.0,206.0
36.039,540.0,263.0,557.0,211.0
36.045,525.0,258.0,572.0,218.0
36.051,513.0,254.0,588.0,227.0
36.057,502.0,249.0,602.0,237.0
36.064,494.0,246.0,615.0,249.0
36.070,481.0,243.0,630.0,262.0
36.076,470.0,241.0,644.0,278.0
36.083,456.0,238.0,661.0,295.0
36.090,445.0,237.0,673.0,314.0
36.096,434.0,236.0,688.0,332.0
36.102,425.0,236.0,698.0,354.0
36.108,416.0,236.0,708.0,376.0
36.115,406.0,237.0,716.0,399.0
36.122,395.0,237.0,723.0,419.0
36.128,384.0,238.0,730.0,442.0
36.134,376.0,240.0,736.0,463.0
36.141,369.0,243.0,739.0,487.0
36.147,360.0,245.0,743.0,513.0
36.153,350.0,248.0,748.0,538.0
36.159,343.0,251.0,754.0,563.0
36.166,336.0,256.0,756.0,588.0
36.173,330.0,262.0,759.0,614.0
36.179,326.0,266.0,759.0,636.0
36.185,320.0,273.0,760.0,659.0
36.191,316.0,281.0,759.0,679.0
36.198,310.0,288.0,758.0,696.0
36.204,306.0,294.0,757.0,712.0
36.211,304.0,304.0,754.0,727.0
36.217,300.0,313.0,751.0,739.0
36.224,297.0,324.0,747.0,750.0
36.230,294.0,333.0,738.0,765.0
36.236,293.0,345.0,727.0,776.0
36.242,291.0,356.0,723.0,786.0
36.250,291.0,366.0,715.0,794.0
36.256,290.0,379.0,705.0,803.0
36.262,292.0,388.0,685.0,810.0
36.268,293.0,401.0,666.0,817.0
36.275,293.0,414.0,646.0,821.0
36.281,295.0,425.0,631.0,823.0
36.287,298.0,440.0,617.0,825.0
36.294,301.0,451.0,604.0,825.0
36.301,306.0,463.0,590.0,826.0
36.307,308.0,476.0,580.0,825.0
36.313,314.0,486.0,580.0,821.0
36.319,319.0,500.0,561.0,820.0
36.326,325.0,512.0,539.0,818.0
36.332,333.0,524.0,521.0,815.0
36.339,338.0,537.0,502.0,809.0
36.345,349.0,548.0,481.0,804.0
36.351,357.0,561.0,458.0,801.0
36.358,369.0,570.0,434.0,795.0
36.364,380.0,580.0,409.0,792.0
36.370,390.0,592.0,392.0,783.0
36.376,404.0,602.0,378.0,772.0
36.384,415.0,611.0,365.0,761.0
36.390,433.0,619.0,357.0,746.0
36.396,445.0,627.0,350.0,723.0
36.402,459.0,635.0,339.0,704.0
36.409,475.0,641.0,322.0,690.0
36.415,490.0,648.0,310.0,670.0
36.422,506.0,654.0,300.0,650.0
36.428,522.0,658.0,287.0,633.0
36.435,537.0,664.0,275.0,622.0
36.441,556.0,665.0,262.0,615.0
36.447,572.0,670.0,256.0,599.0
36.453,588.0,673.0,250.0,578.0
36.460,603.0,674.0,246.0,556.0
36.467,619.0,675.0,244.0,533.0
36.473,635.0,676.0,241.0,513.0
36.479,649.0,676.0,238.0,494.0
36.486,667.0,676.0,235.0,471.0
36.492,677.0,674.0,231.0,448.0
36.498,691.0,673.0,227.0,427.0
36.504,702.0,672.0,228.0,404.0
36.512,714.0,668.0,229.0,383.0
36.518,726.0,665.0,229.0,367.0
36.524,733.0,661.0,229.0,354.0
36.530,742.0,656.0,230.0,341.0
36.536,752.0,652.0,232.0,325.0
36.543,761.0,646.0,235.0,311.0
36.550,765.0,640.0,238.0,297.0
36.556,772.0,632.0,241.0,286.0
36.562,778.0,627.0,246.0,274.0
36.569,784.0,620.0,253.0,265.0
36.575,786.0,612.0,258.0,256.0
36.581,790.0,603.0,266.0,248.0
36.587,793.0,595.0,275.0,239.0
36.595,794.0,585.0,285.0,232.0
36.601,796.0,576.0,296.0,227.0
36.607,797.0,567.0,307.0,223.0
36.613,797.0,558.0,322.0,220.0
36.620,796.0,546.0,334.0,218.0
36.626,796.0,536.0,349.0,217.0
36.632,795.0,526.0,363.0,216.0
36.639,792.0,514.0,378.0,215.0
36.646,790.0,503.0,393.0,216.0
36.652,785.0,493.0,410.0,217.0
36.658,783.0,482.0,426.0,219.0
36.664,778.0,471.0,441.0,222.0
36.671,773.0,460.0,454.0,229.0
36.678,767.0,448.0,472.0,235.0
36.684,759.0,438.0,488.0,245.0
36.690,754.0,428.0,511.0,250.0
36.697,746.0,418.0,536.0,256.0
36.703,737.0,407.0,557.0,264.0
36.709,725.0,398.0,576.0,274.0
36.715,715.0,387.0,591.0,286.0
36.723,704.0,378.0,604.0,299.0
36.729,692.0,368.0,616.0,313.0
36.735,679.0,360.0,629.0,327.0
36.741,663.0,350.0,641.0,344.0
36.747,645.0,342.0,653.0,363.0
36.754,629.0,335.0,665.0,385.0
36.760,615.0,328.0,678.0,407.0
36.767,597.0,322.0,688.0,433.0
36.773,576.0,315.0,695.0,457.0
36.780,556.0,310.0,704.0,482.0
36.786,542.0,306.0,711.0,507.0
36.792,528.0,303.0,717.0,530.0
36.798,505.0,299.0,721.0,554.0
36.806,486.0,295.0,725.0,577.0
36.812,469.0,293.0,728.0,599.0
36.818,450.0,291.0,730.0,620.0
36.824,433.0,290.0,731.0,641.0
36.831,414.0,289.0,732.0,661.0
36.837,399.0,289.0,732.0,683.0
36.843,381.0,289.0,731.0,704.0
36.850,367.0,290.0,730.0,721.0
36.857,354.0,292.0,729.0,738.0
36.863,339.0,295.0,725.0,755.0
36.869,325.0,296.0,723.0,769.0
36.875,313.0,299.0,719.0,781.0
36.882,304.0,303.0,713.0,793.0
36.888,293.0,308.0,706.0,804.0
36.895,285.0,312.0,695.0,814.0
36.901,274.0,318.0,684.0,824.0
36.908,267.0,324.0,670.0,829.0
36.914,261.0,332.0,660.0,835.0
36.920,255.0,340.0,651.0,837.0
36.926,250.0,346.0,642.0,837.0
36.934,245.0,356.0,631.0,839.0
36.940,240.0,365.0,617.0,840.0
36.946,238.0,376.0,596.0,841.0
36.952,236.0,387.0,577.0,842.0
36.958,234.0,397.0,559.0,841.0
36.965,231.0,408.0,543.0,840.0
36.971,230.0,419.0,527.0,838.0
36.978,231.0,433.0,509.0,838.0
36.984,230.0,445.0,488.0,836.0
36.991,231.0,457.0,471.0,832.0
36.997,232.0,471.0,455.0,825.0
37.003,233.0,485.0,437.0,818.0
37.009,237.0,499.0,420.0,810.0
37.016,240.0,513.0,402.0,798.0
37.023,243.0,527.0,386.0,785.0
37.029,247.0,543.0,371.0,770.0
37.035,253.0,557.0,356.0,754.0
37.042,260.0,571.0,343.0,737.0
37.048,266.0,585.0,331.0,717.0
37.054,274.0,600.0,320.0,697.0
37.061,282.0,614.0,309.0,675.0
37.068,292.0,627.0,300.0,652.0
37.074,300.0,639.0,291.0,628.0
37.080,310.0,652.0,283.0,602.0
37.086,324.0,663.0,275.0,575.0
37.093,336.0,675.0,270.0,545.0
37.099,348.0,686.0,263.0,516.0
37.106,362.0,695.0,259.0,487.0
37.112,377.0,704.0,256.0,457.0
37.119,388.0,712.0,254.0,430.0
37.125,400.0,719.0,252.0,404.0
37.131,421.0,727.0,251.0,381.0
37.137,434.0,732.0,251.0,357.0
37.143,448.0,737.0,253.0,337.0
37.151,467.0,743.0,253.0,318.0
37.157,482.0,747.0,255.0,301.0
37.163,497.0,749.0,258.0,284.0
37.169,507.0,751.0,262.0,270.0
37.176,524.0,753.0,266.0,256.0
37.182,541.0,755.0,272.0,243.0
37.189,556.0,756.0,278.0,233.0
37.195,567.0,756.0,286.0,223.0
37.202,582.0,756.0,295.0,215.0
37.208,594.0,754.0,304.0,209.0
37.214,607.0,754.0,315.0,206.0
37.220,619.0,751.0,325.0,203.0
37.227,631.0,748.0,337.0,201.0
37.234,641.0,744.0,348.0,200.0
37.240,651.0,739.0,363.0,200.0
37.246,658.0,734.0,383.0,198.0
37.253,667.0,728.0,401.0,198.0
37.259,677.0,722.0,417.0,198.0
37.265,684.0,713.0,432.0,199.0
37.271,689.0,704.0,455.0,200.0
37.279,695.0,694.0,473.0,201.0
37.285,701.0,685.0,502.0,201.0
37.291,705.0,673.0,521.0,203.0
37.297,708.0,660.0,539.0,206.0
37.304,711.0,649.0,555.0,210.0
37.310,714.0,638.0,570.0,219.0
37.317,715.0,623.0,584.0,226.0
37.323,717.0,609.0,600.0,235.0
37.330,719.0,594.0,616.0,247.0
37.336,717.0,582.0,631.0,262.0
37.342,717.0,565.0,645.0,280.0
37.348,716.0,551.0,660.0,300.0
37.354,715.0,537.0,676.0,316.0
37.362,714.0,522.0,690.0,337.0
37.368,710.0,508.0,699.0,358.0
37.374,709.0,493.0,710.0,381.0
37.380,704.0,479.0,718.0,403.0
37.387,702.0,464.0,726.0,426.0
37.393,696.0,452.0,732.0,449.0
37.399,689.0,438.0,737.0,472.0
37.406,685.0,421.0,742.0,495.0
37.413,680.0,408.0,745.0,519.0
37.419,673.0,395.0,747.0,547.0
37.425,666.0,380.0,750.0,573.0
37.431,659.0,368.0,753.0,598.0
37.438,653.0,354.0,756.0,623.0
37.445,642.0,343.0,760.0,644.0
37.451,634.0,331.0,761.0,665.0
37.457,624.0,321.0,760.0,686.0
37.464,614.0,312.0,756.0,705.0
37.470,607.0,303.0,752.0,723.0
37.476,596.0,294.0,748.0,738.0
37.482,582.0,286.0,746.0,750.0
37.490,572.0,279.0,741.0,761.0
37.496,563.0,272.0,735.0,773.0
37.502,548.0,267.0,724.0,784.0
37.508,538.0,261.0,710.0,794.0
37.515,525.0,258.0,698.0,802.0
37.521,513.0,253.0,686.0,809.0
37.527,501.0,248.0,675.0,814.0
37.534,490.0,245.0,658.0,819.0
37.540,478.0,242.0,636.0,823.0
37.547,466.0,241.0,619.0,825.0
37.553,453.0,239.0,606.0,826.0
37.559,440.0,237.0,592.0,827.0
37.565,429.0,236.0,583.0,826.0
37.573,420.0,237.0,577.0,823.0
37.579,410.0,236.0,569.0,820.0
37.585,400.0,237.0,550.0,818.0
37.591,387.0,238.0,529.0,815.0
37.598,377.0,239.0,509.0,812.0
37.604,370.0,242.0,489.0,808.0
37.610,362.0,245.0,464.0,804.0
37.617,353.0,247.0,431.0,803.0
37.624,345.0,251.0,413.0,797.0
37.630,338.0,255.0,399.0,787.0
37.636,331.0,261.0,382.0,779.0
37.642,326.0,266.0,372.0,765.0
37.649,321.0,273.0,359.0,752.0
37.655,315.0,280.0,350.0,734.0
37.662,310.0,288.0,344.0,711.0
37.668,306.0,295.0,329.0,696.0
37.675,303.0,304.0,317.0,679.0
37.681,300.0,313.0,307.0,659.0
37.687,297.0,323.0,299.0,637.0
37.693,293.0,333.0,288.0,620.0
37.701,293.0,345.0,274.0,607.0
37.707,291.0,357.0,262.0,603.0
37.713,292.0,367.0,254.0,591.0
37.719,290.0,380.0,248.0,572.0
37.726,292.0,390.0,244.0,552.0
37.732,293.0,402.0,240.0,532.0
37.738,294.0,414.0,237.0,509.0
37.745,295.0,425.0,233.0,488.0
37.751,297.0,438.0,232.0,462.0
37.758,303.0,447.0,232.0,437.0
37.764,304.0,461.0,231.0,417.0
37.770,308.0,471.0,229.0,401.0
37.776,312.0,484.0,229.0,384.0
37.783,317.0,495.0,229.0,368.0
37.790,322.0,508.0,230.0,353.0
37.796,329.0,519.0,229.0,340.0
37.802,336.0,530.0,231.0,326.0
37.809,343.0,543.0,233.0,312.0
37.815,352.0,553.0,238.0,299.0
37.821,361.0,562.0,242.0,287.0
37.827,370.0,573.0,246.0,276.0
37.835,380.0,583.0,253.0,266.0
37.841,390.0,594.0,256.0,258.0
37.847,403.0,603.0,263.0,251.0
37.853,414.0,612.0,271.0,241.0
37.860,431.0,621.0,282.0,235.0
37.866,442.0,628.0,289.0,230.0
37.873,455.0,636.0,301.0,226.0
37.879,473.0,642.0,312.0,222.0
37.886,487.0,648.0,329.0,219.0
37.892,503.0,653.0,341.0,216.0
37.898,520.0,659.0,353.0,217.0
37.904,534.0,664.0,370.0,216.0
37.911,554.0,668.0,386.0,216.0
37.918,570.0,670.0,403.0,215.0
37.924,586.0,672.0,419.0,217.0
37.930,607.0,675.0,433.0,220.0
37.936,622.0,676.0,446.0,225.0
37.943,635.0,676.0,464.0,229.0
37.949,651.0,676.0,487.0,234.0
37.955,669.0,676.0,508.0,242.0
37.962,684.0,675.0,528.0,251.0
37.969,692.0,672.0,548.0,258.0
37.975,706.0,670.0,568.0,268.0
37.981,719.0,667.0,583.0,280.0
37.987,728.0,663.0,597.0,294.0
37.994,737.0,659.0,611.0,307.0
38.001,746.0,654.0,623.0,321.0
38.007,755.0,648.0,636.0,335.0
38.013,764.0,642.0,647.0,351.0
38.020,768.0,636.0,654.0,372.0
38.026,775.0,629.0,665.0,393.0
38.032,782.0,622.0,679.0,414.0
38.038,786.0,613.0,689.0,439.0
38.046,790.0,605.0,699.0,465.0
38.052,793.0,595.0,707.0,490.0
38.058,795.0,588.0,713.0,516.0
38.064,796.0,576.0,719.0,541.0
38.071,798.0,567.0,724.0,566.0
38.077,798.0,558.0,727.0,589.0
38.083,797.0,546.0,729.0,611.0
38.090,796.0,535.0,732.0,633.0
38.097,794.0,525.0,732.0,653.0
38.103,792.0,514.0,733.0,672.0
38.109,790.0,503.0,732.0,691.0
38.115,786.0,491.0,730.0,712.0
38.122,782.0,480.0,727.0,732.0
38.129,778.0,469.0,725.0,750.0
38.135,773.0,458.0,722.0,766.0
38.141,766.0,447.0,720.0,777.0
38.147,759.0,437.0,716.0,789.0
38.154,752.0,426.0,710.0,800.0
38.160,747.0,416.0,702.0,810.0
38.166,737.0,406.0,691.0,820.0
38.173,725.0,397.0,675.0,828.0
38.180,715.0,386.0,660.0,835.0
38.186,703.0,377.0,650.0,838.0
38.192,690.0,367.0,641.0,838.0
38.198,677.0,359.0,631.0,837.0
38.205,665.0,351.0,618.0,840.0
38.211,647.0,343.0,600.0,841.0
38.218,630.0,335.0,582.0,842.0
38.224,616.0,329.0,565.0,841.0
38.231,598.0,322.0,551.0,840.0
38.237,578.0,317.0,534.0,840.0
38.243,561.0,311.0,518.0,839.0
38.249,545.0,307.0,498.0,837.0
38.257,526.0,303.0,481.0,834.0
38.263,505.0,299.0,464.0,830.0
38.269,484.0,296.0,447.0,824.0
38.275,471.0,293.0,429.0,815.0
38.282,451.0,292.0,412.0,804.0
38.288,432.0,291.0,393.0,790.0
38.294,414.0,289.0,377.0,777.0
38.301,400.0,289.0,362.0,761.0
38.308,381.0,289.0,348.0,742.0
38.314,367.0,290.0,335.0,724.0
38.320,354.0,292.0,322.0,703.0
38.326,336.0,293.0,311.0,682.0
38.332,323.0,296.0,302.0,658.0
38.339,313.0,299.0,294.0,634.0
38.346,304.0,303.0,285.0,610.0
38.352,293.0,308.0,279.0,585.0
38.358,283.0,312.0,272.0,560.0
38.365,276.0,319.0,268.0,533.0
38.371,268.0,326.0,263.0,506.0
38.377,260.0,333.0,258.0,479.0
38.384,254.0,342.0,255.0,452.0
38.391,248.0,348.0,253.0,427.0
38.397,245.0,358.0,253.0,402.0
38.403,240.0,368.0,251.0,379.0
38.409,237.0,379.0,251.0,358.0
38.416,235.0,389.0,251.0,336.0
38.422,233.0,400.0,253.0,317.0
38.429,230.0,413.0,256.0,297.0
38.435,230.0,424.0,259.0,280.0
38.442,230.0,438.0,263.0,263.0
38.448,230.0,451.0,269.0,249.0
38.454,231.0,463.0,275.0,237.0
38.460,232.0,478.0,283.0,226.0
38.467,235.0,492.0,291.0,217.0
38.474,238.0,507.0,299.0,213.0
38.480,242.0,520.0,309.0,207.0
38.486,246.0,535.0,321.0,203.0
38.493,250.0,550.0,333.0,202.0
38.499,256.0,565.0,344.0,201.0
38.505,262.0,579.0,357.0,200.0
38.512,268.0,594.0,376.0,199.0
38.519,277.0,607.0,396.0,198.0
38.525,287.0,620.0,414.0,198.0
38.531,294.0,632.0,430.0,199.0
38.537,302.0,645.0,448.0,200.0
38.543,315.0,657.0,469.0,200.0
38.550,328.0,669.0,491.0,201.0
38.557,338.0,679.0,514.0,202.0
38.563,351.0,690.0,532.0,205.0
38.569,366.0,699.0,550.0,208.0
38.576,379.0,707.0,566.0,214.0
38.582,390.0,714.0,581.0,222.0
38.588,407.0,722.0,596.0,231.0
38.594,425.0,728.0,609.0,242.0
38.602,439.0,733.0,625.0,255.0
38.608,450.0,738.0,639.0,270.0
38.614,466.0,742.0,657.0,286.0
38.620,483.0,747.0,670.0,307.0
38.627,499.0,749.0,683.0,326.0
38.633,510.0,752.0,696.0,349.0
38.640,526.0,752.0,706.0,371.0
38.646,545.0,755.0,715.0,395.0
38.653,559.0,756.0,723.0,419.0
38.659,571.0,756.0,730.0,443.0
38.665,586.0,756.0,736.0,465.0
38.671,597.0,755.0,741.0,488.0
38.678,609.0,753.0,745.0,512.0
38.685,619.0,751.0,747.0,538.0
38.691,633.0,748.0,748.0,564.0
38.697,643.0,744.0,751.0,589.0
38.704,653.0,738.0,752.0,613.0
38.710,661.0,734.0,756.0,634.0
38.716,672.0,727.0,759.0,655.0
38.722,679.0,720.0,760.0,675.0
38.729,686.0,712.0,760.0,694.0
38.736,691.0,703.0,755.0,714.0
38.742,696.0,694.0,752.0,730.0
38.748,702.0,683.0,748.0,743.0
38.754,705.0,671.0,744.0,756.0
38.761,707.0,658.0,736.0,768.0
38.768,711.0,646.0,726.0,780.0
38.774,714.0,633.0,719.0,789.0
38.780,715.0,618.0,712.0,797.0
38.787,717.0,605.0,703.0,804.0
38.793,717.0,591.0,683.0,812.0
38.799,717.0,574.0,662.0,818.0
38.805,715.0,561.0,638.0,822.0
38.813,715.0,543.0,625.0,824.0
38.819,713.0,530.0,612.0,825.0
38.825,711.0,515.0,600.0,824.0
38.831,710.0,500.0,586.0,826.0
38.838,706.0,485.0,571.0,825.0
38.844,703.0,470.0,559.0,823.0
38.850,698.0,455.0,539.0,819.0
38.857,694.0,441.0,524.0,817.0
38.864,687.0,428.0,505.0,813.0
38.870,683.0,414.0,485.0,809.0
38.876,677.0,402.0,459.0,806.0
38.882,669.0,390.0,430.0,803.0
38.889,663.0,376.0,413.0,797.0
38.896,655.0,364.0,398.0,789.0
38.902,649.0,353.0,383.0,781.0
38.908,638.0,342.0,369.0,771.0
38.914,630.0,329.0,354.0,760.0
38.921,619.0,320.0,344.0,742.0
38.927,612.0,311.0,336.0,719.0
38.933,603.0,302.0,327.0,697.0
38.940,593.0,293.0,315.0,676.0
38.947,581.0,285.0,301.0,658.0
38.953,571.0,278.0,289.0,640.0
38.959,561.0,272.0,278.0,622.0
38.965,549.0,267.0,267.0,613.0
38.972,537.0,261.0,258.0,604.0
38.978,525.0,257.0,251.0,585.0
38.985,514.0,252.0,246.0,565.0
38.991,503.0,248.0,243.0,544.0
38.998,491.0,245.0,239.0,520.0
39.004,479.0,243.0,235.0,497.0
39.010,468.0,240.0,233.0,475.0
39.016,455.0,238.0,233.0,448.0
39.024,443.0,237.0,232.0,423.0
39.030,433.0,237.0,230.0,407.0
39.036,424.0,237.0,230.0,388.0
39.042,413.0,236.0,229.0,366.0
39.049,401.0,235.0,231.0,354.0
39.055,390.0,236.0,230.0,342.0
39.061,381.0,238.0,231.0,329.0
39.068,374.0,241.0,232.0,317.0
39.075,365.0,243.0,236.0,305.0
39.081,356.0,247.0,239.0,294.0
39.087,346.0,250.0,242.0,283.0
39.093,341.0,255.0,248.0,273.0
39.100,334.0,259.0,252.0,264.0
39.106,328.0,264.0,259.0,255.0
39.113,321.0,270.0,266.0,245.0
39.119,318.0,277.0,275.0,238.0
39.125,311.0,284.0,283.0,233.0
39.132,307.0,292.0,293.0,229.0
39.138,303.0,301.0,303.0,224.0
39.144,301.0,310.0,317.0,221.0
39.150,298.0,321.0,330.0,218.0
39.158,295.0,333.0,343.0,217.0
39.164,294.0,342.0,358.0,216.0
39.170,293.0,355.0,375.0,215.0
39.176,292.0,365.0,388.0,215.0
39.183,291.0,377.0,406.0,216.0
39.189,292.0,387.0,422.0,217.0
39.196,294.0,400.0,435.0,219.0
39.202,295.0,412.0,447.0,224.0
39.209,296.0,423.0,465.0,228.0
39.215,297.0,436.0,485.0,234.0
39.221,301.0,449.0,507.0,240.0
39.227,305.0,462.0,528.0,248.0
39.234,309.0,474.0,546.0,257.0
39.241,312.0,485.0,563.0,267.0
39.247,318.0,497.0,579.0,279.0
39.253,324.0,509.0,594.0,290.0
39.260,331.0,521.0,608.0,303.0
39.266,336.0,532.0,620.0,316.0
39.272,344.0,545.0,632.0,330.0
39.278,354.0,555.0,643.0,345.0
39.286,363.0,565.0,652.0,364.0
39.292,374.0,575.0,664.0,384.0
39.298,384.0,586.0,676.0,405.0
39.304,395.0,597.0,686.0,431.0
39.310,408.0,605.0,697.0,454.0
39.317,420.0,614.0,704.0,479.0
39.324,435.0,622.0,711.0,504.0
39.330,449.0,630.0,716.0,529.0
39.336,462.0,637.0,721.0,553.0
39.343,478.0,643.0,724.0,575.0
39.349,491.0,650.0,728.0,597.0
39.355,507.0,654.0,730.0,618.0
39.361,524.0,660.0,731.0,640.0
39.369,539.0,664.0,731.0,662.0
39.375,555.0,668.0,732.0,682.0
39.381,574.0,671.0,730.0,703.0
39.387,588.0,673.0,730.0,721.0
39.394,608.0,675.0,728.0,740.0
39.400,623.0,676.0,725.0,756.0
39.406,635.0,677.0,723.0,769.0
39.413,652.0,676.0,719.0,782.0
39.420,670.0,676.0,713.0,794.0
39.426,682.0,675.0,705.0,805.0
39.432,692.0,673.0,696.0,815.0
39.438,704.0,670.0,683.0,825.0
39.445,718.0,668.0,669.0,832.0
39.452,728.0,664.0,659.0,835.0
39.458,736.0,660.0,651.0,837.0
39.464,747.0,654.0,641.0,838.0
39.471,757.0,650.0,629.0,839.0
39.477,763.0,643.0,610.0,840.0
39.483,768.0,634.0,588.0,841.0
39.489,777.0,630.0,569.0,842.0
39.496,782.0,622.0,551.0,841.0
39.503,786.0,613.0,535.0,840.0
39.509,789.0,605.0,517.0,838.0
39.515,793.0,596.0,497.0,836.0
39.521,795.0,586.0,478.0,834.0
39.528,796.0,575.0,461.0,828.0
39.534,797.0,566.0,444.0,822.0
39.541,798.0,555.0,427.0,812.0
39.547,797.0,545.0,410.0,804.0
39.554,796.0,533.0,396.0,793.0
39.560,794.0,522.0,381.0,780.0
39.566,792.0,511.0,367.0,765.0
39.572,789.0,499.0,353.0,751.0
39.580,784.0,488.0,341.0,734.0
39.586,781.0,476.0,330.0,716.0
39.592,776.0,464.0,318.0,696.0
39.598,771.0,453.0,309.0,675.0
39.605,762.0,441.0,299.0,653.0
39.611,754.0,430.0,291.0,628.0
39.617,748.0,419.0,283.0,600.0
39.624,738.0,409.0,276.0,572.0
39.631,727.0,399.0,268.0,542.0
39.637,716.0,389.0,263.0,513.0
39.643,705.0,378.0,259.0,483.0
39.649,692.0,369.0,256.0,454.0
39.656,678.0,361.0,253.0,427.0
39.662,668.0,353.0,252.0,402.0
39.669,654.0,345.0,250.0,378.0
39.675,635.0,337.0,251.0,356.0
39.682,619.0,330.0,252.0,336.0
39.688,606.0,325.0,253.0,317.0
39.694,586.0,319.0,255.0,299.0
39.700,567.0,313.0,258.0,284.0
39.707,552.0,308.0,261.0,268.0
39.714,537.0,306.0,268.0,253.0
39.720,518.0,302.0,273.0,239.0
39.726,499.0,298.0,280.0,229.0
39.732,483.0,295.0,287.0,221.0
39.739,465.0,293.0,298.0,213.0
39.745,445.0,291.0,307.0,207.0
39.752,431.0,291.0,321.0,205.0
39.758,414.0,289.0,331.0,202.0
39.765,400.0,289.0,345.0,201.0
39.771,380.0,289.0,356.0,200.0
39.777,367.0,291.0,368.0,200.0
39.783,356.0,291.0,384.0,198.0
39.790,339.0,293.0,404.0,198.0
39.797,326.0,296.0,420.0,199.0
39.803,315.0,298.0,439.0,199.0
39.809,304.0,303.0,464.0,200.0
39.816,294.0,307.0,485.0,201.0
39.822,284.0,311.0,510.0,202.0
39.828,275.0,317.0,532.0,204.0
39.835,268.0,324.0,550.0,208.0
39.842,261.0,333.0,567.0,216.0
39.848,255.0,339.0,583.0,223.0
39.854,249.0,347.0,600.0,233.0
39.860,245.0,357.0,614.0,243.0
39.867,240.0,367.0,628.0,255.0
39.873,237.0,377.0,641.0,268.0
39.880,235.0,388.0,653.0,282.0
39.886,232.0,399.0,667.0,299.0
39.892,231.0,412.0,680.0,318.0
39.899,230.0,424.0,691.0,338.0
39.905,230.0,438.0,701.0,360.0
39.911,230.0,450.0,711.0,382.0
39.917,231.0,465.0,717.0,404.0
39.925,232.0,479.0,726.0,427.0
39.931,235.0,495.0,732.0,451.0
39.937,238.0,508.0,737.0,475.0
39.943,241.0,523.0,742.0,502.0
39.950,246.0,537.0,745.0,530.0
39.956,251.0,552.0,750.0,556.0
39.963,257.0,566.0,754.0,581.0
39.969,264.0,581.0,757.0,607.0
39.976,268.0,596.0,759.0,630.0
39.982,277.0,610.0,758.0,655.0
39.988,289.0,624.0,758.0,675.0
39.994,297.0,636.0,758.0,693.0
40.001,305.0,649.0,757.0,710.0
40.008,317.0,661.0,754.0,725.0
40.014,332.0,671.0,751.0,739.0
40.020,343.0,682.0,745.0,752.0
40.027,356.0,692.0,733.0,768.0
40.033,371.0,702.0,726.0,778.0
40.039,384.0,709.0,721.0,787.0
40.045,394.0,717.0,716.0,794.0
40.053,411.0,723.0,705.0,803.0
40.059,430.0,729.0,683.0,811.0
40.065,442.0,735.0,665.0,816.0
40.071,453.0,739.0,649.0,819.0
40.077,473.0,744.0,636.0,823.0
40.084,486.0,747.0,621.0,825.0
40.091,501.0,750.0,605.0,826.0
40.097,511.0,751.0,590.0,825.0
40.103,526.0,753.0,585.0,824.0
40.110,543.0,756.0,577.0,821.0
40.116,555.0,756.0,558.0,819.0
40.122,569.0,755.0,537.0,817.0
40.128,581.0,756.0,517.0,813.0
40.136,596.0,755.0,498.0,808.0
40.142,608.0,754.0,472.0,807.0
40.148,619.0,751.0,441.0,804.0
40.154,633.0,749.0,420.0,799.0
40.161,643.0,745.0,402.0,791.0
40.167,652.0,740.0,384.0,782.0
40.173,662.0,735.0,369.0,772.0
40.180,672.0,729.0,355.0,761.0
40.187,679.0,722.0,342.0,749.0
40.193,683.0,714.0,332.0,733.0
40.199,688.0,706.0,323.0,713.0
40.205,695.0,696.0,312.0,695.0
40.212,703.0,686.0,301.0,674.0
40.219,705.0,674.0,291.0,654.0
40.225,709.0,662.0,278.0,641.0
40.231,711.0,649.0,267.0,631.0
40.238,713.0,637.0,259.0,611.0
40.244,715.0,622.0,253.0,591.0
40.250,716.0,607.0,248.0,572.0
40.256,717.0,593.0,243.0,552.0
40.264,718.0,577.0,240.0,531.0
40.270,715.0,564.0,237.0,510.0
40.276,715.0,547.0,234.0,486.0
40.282,714.0,531.0,231.0,461.0
40.288,712.0,516.0,229.0,436.0
40.295,709.0,501.0,229.0,411.0
40.301,706.0,485.0,230.0,389.0
40.308,703.0,469.0,229.0,371.0
40.314,698.0,455.0,229.0,356.0
40.321,692.0,440.0,229.0,343.0
40.327,687.0,426.0,229.0,331.0
40.333,680.0,414.0,233.0,318.0
40.339,675.0,399.0,235.0,304.0
40.347,667.0,387.0,240.0,291.0
40.353,661.0,372.0,244.0,279.0
40.359,652.0,361.0,250.0,268.0
40.365,646.0,348.0,255.0,260.0
40.372,635.0,337.0,262.0,250.0
40.378,627.0,326.0,270.0,241.0
40.384,617.0,318.0,279.0,235.0
40.391,610.0,309.0,289.0,229.0
40.398,600.0,300.0,300.0,224.0
40.404,589.0,292.0,311.0,222.0
40.410,577.0,283.0,322.0,220.0
40.416,567.0,276.0,337.0,219.0
40.423,557.0,271.0,346.0,218.0
40.429,546.0,266.0,364.0,217.0
40.436,533.0,261.0,381.0,217.0
40.442,521.0,256.0,397.0,216.0
40.449,511.0,252.0,416.0,216.0
40.455,500.0,249.0,429.0,219.0
40.461,491.0,245.0,440.0,224.0
40.467,478.0,243.0,451.0,230.0
40.475,466.0,240.0,474.0,235.0
40.481,457.0,239.0,496.0,243.0
40.487,447.0,239.0,516.0,252.0
40.493,434.0,237.0,541.0,257.0
40.499,427.0,237.0,561.0,265.0
40.506,417.0,236.0,576.0,276.0
40.512,408.0,236.0,591.0,286.0
40.519,396.0,237.0,603.0,300.0
40.525,387.0,238.0,616.0,313.0
40.532,378.0,242.0,629.0,327.0
40.538,369.0,242.0,639.0,340.0
40.544,361.0,245.0,651.0,358.0
40.550,352.0,248.0,661.0,377.0
40.557,346.0,251.0,673.0,398.0
40.564,339.0,255.0,683.0,419.0
40.570,333.0,260.0,692.0,442.0
40.576,324.0,265.0,700.0,465.0
40.583,320.0,273.0,706.0,487.0
40.589,313.0,280.0,712.0,511.0
40.595,310.0,287.0,716.0,534.0
40.602,305.0,296.0,721.0,556.0
40.609,303.0,304.0,725.0,579.0
40.615,300.0,314.0,726.0,602.0
40.621,296.0,325.0,728.0,623.0
40.627,293.0,335.0,730.0,644.0
40.634,293.0,346.0,731.0,667.0
40.640,292.0,359.0,732.0,687.0
40.647,291.0,371.0,732.0,707.0
40.653,291.0,382.0,731.0,725.0
40.660,292.0,395.0,729.0,743.0
40.666,293.0,408.0,725.0,759.0
40.672,295.0,420.0,721.0,773.0
40.678,297.0,434.0,713.0,789.0
40.684,302.0,444.0,705.0,801.0
40.692,305.0,459.0,698.0,811.0
40.698,309.0,470.0,688.0,821.0
40.704,313.0,484.0,678.0,827.0
40.710,318.0,496.0,669.0,832.0
40.717,324.0,509.0,658.0,835.0
40.723,330.0,522.0,647.0,837.0
40.730,338.0,534.0,634.0,839.0
40.736,348.0,545.0,620.0,840.0
40.743,357.0,557.0,604.0,841.0
40.749,368.0,566.0,589.0,840.0
40.755,379.0,577.0,575.0,841.0
40.761,390.0,588.0,559.0,841.0
40.768,400.0,599.0,541.0,840.0
40.775,412.0,608.0,522.0,840.0
40.781,426.0,617.0,504.0,838.0
40.787,439.0,625.0,486.0,835.0
40.794,455.0,631.0,469.0,829.0
40.800,467.0,640.0,452.0,825.0
40.806,481.0,646.0,433.0,817.0
40.812,497.0,651.0,416.0,806.0
40.820,515.0,657.0,397.0,793.0
40.826,529.0,661.0,380.0,780.0
40.832,547.0,665.0,365.0,764.0
40.838,566.0,669.0,351.0,747.0
40.845,580.0,671.0,337.0,728.0
40.851,596.0,674.0,324.0,708.0
40.858,616.0,677.0,314.0,686.0
40.864,629.0,676.0,305.0,663.0
40.871,641.0,676.0,296.0,640.0
40.877,660.0,675.0,287.0,614.0
40.883,674.0,676.0,280.0,590.0
40.889,685.0,674.0,274.0,566.0
40.895,696.0,671.0,268.0,540.0
40.903,708.0,669.0,263.0,515.0
40.909,720.0,667.0,259.0,488.0
40.915,729.0,663.0,256.0,462.0
40.921,739.0,658.0,254.0,436.0
40.928,749.0,654.0,253.0,411.0
40.934,757.0,648.0,252.0,388.0
40.940,763.0,642.0,251.0,366.0
40.947,770.0,636.0,251.0,345.0
40.954,777.0,629.0,252.0,325.0
40.960,783.0,622.0,255.0,306.0
40.966,785.0,612.0,258.0,286.0
40.972,789.0,604.0,262.0,268.0
40.979,793.0,596.0,268.0,253.0
40.986,794.0,586.0,272.0,241.0
40.992,796.0,575.0,280.0,229.0
40.998,796.0,566.0,289.0,219.0
41.005,798.0,557.0,300.0,211.0
41.011,797.0,545.0,311.0,206.0
41.017,796.0,534.0,322.0,204.0
41.023,794.0,523.0,331.0,202.0
41.031,792.0,513.0,344.0,201.0
41.037,789.0,501.0,358.0,201.0
41.043,786.0,489.0,373.0,199.0
41.049,782.0,478.0,389.0,199.0
41.056,777.0,467.0,406.0,198.0
41.062,772.0,456.0,419.0,199.0
41.068,763.0,444.0,434.0,199.0
41.075,756.0,433.0,457.0,200.0
41.081,750.0,423.0,482.0,200.0
41.088,741.0,412.0,502.0,202.0
41.094,730.0,401.0,526.0,204.0
41.100,718.0,391.0,544.0,207.0
41.106,709.0,381.0,562.0,212.0
41.114,695.0,371.0,577.0,220.0
41.120,682.0,362.0,591.0,230.0
41.126,668.0,354.0,604.0,243.0
41.132,655.0,346.0,618.0,255.0
41.139,637.0,338.0,636.0,269.0
41.145,621.0,331.0,652.0,284.0
41.151,606.0,324.0,667.0,303.0
41.158,586.0,319.0,681.0,323.0
41.165,570.0,313.0,693.0,344.0
41.171,551.0,308.0,703.0,364.0
41.177,534.0,305.0,713.0,387.0
41.183,515.0,301.0,721.0,410.0
41.190,496.0,298.0,727.0,433.0
41.196,478.0,294.0,733.0,456.0
41.203,461.0,292.0,738.0,479.0
41.209,441.0,291.0,742.0,505.0
41.216,425.0,290.0,747.0,530.0
41.222,410.0,290.0,752.0,556.0
41.228,396.0,289.0,756.0,581.0
41.234,378.0,290.0,759.0,608.0
41.242,365.0,291.0,760.0,632.0
41.248,353.0,292.0,760.0,655.0
41.254,336.0,293.0,758.0,675.0
41.260,325.0,296.0,759.0,694.0
41.267,313.0,298.0,758.0,710.0
41.273,306.0,302.0,755.0,726.0
41.279,295.0,307.0,751.0,740.0
41.286,286.0,311.0,745.0,751.0
41.292,277.0,316.0,739.0,765.0
41.299,270.0,323.0,730.0,776.0
41.305,263.0,330.0,724.0,786.0
41.311,257.0,337.0,715.0,795.0
41.317,253.0,343.0,705.0,802.0
41.324,247.0,352.0,687.0,810.0
41.331,242.0,361.0,667.0,817.0
41.337,238.0,371.0,645.0,821.0
41.343,237.0,381.0,629.0,824.0
41.350,234.0,392.0,617.0,825.0
41.356,232.0,404.0,605.0,824.0
41.362,230.0,415.0,591.0,826.0
41.368,230.0,428.0,582.0,825.0
41.376,230.0,442.0,580.0,822.0
41.382,230.0,454.0,560.0,820.0
41.388,232.0,467.0,541.0,817.0
41.394,234.0,483.0,522.0,814.0
41.401,236.0,498.0,502.0,809.0
41.407,239.0,512.0,482.0,805.0
41.414,243.0,527.0,460.0,800.0
41.420,246.0,542.0,434.0,795.0
41.427,253.0,559.0,408.0,792.0
41.433,259.0,572.0,392.0,784.0
41.439,265.0,587.0,379.0,771.0
41.445,274.0,601.0,366.0,760.0
41.452,283.0,616.0,355.0,745.0
41.459,294.0,628.0,349.0,723.0
41.465,300.0,641.0,337.0,704.0
41.471,310.0,653.0,322.0,688.0
41.477,324.0,666.0,309.0,668.0
41.484,335.0,677.0,299.0,649.0
41.490,345.0,687.0,287.0,632.0
41.496,359.0,697.0,274.0,621.0
41.503,374.0,705.0,261.0,615.0
41.510,388.0,713.0,255.0,597.0
41.516,402.0,721.0,250.0,577.0
41.522,420.0,726.0,244.0,557.0
41.528,432.0,732.0,242.0,535.0
41.535,449.0,738.0,239.0,512.0
41.542,463.0,742.0,235.0,494.0
41.548,480.0,745.0,234.0,470.0
41.554,495.0,749.0,231.0,447.0
41.561,506.0,752.0,227.0,426.0
41.567,519.0,753.0,227.0,403.0
41.573,536.0,755.0,228.0,383.0
41.579,552.0,756.0,228.0,365.0
41.587,564.0,756.0,229.0,349.0
41.593,577.0,756.0,229.0,337.0
41.599,590.0,755.0,231.0,322.0
41.605,602.0,754.0,234.0,309.0
41.612,614.0,752.0,238.0,296.0
41.618,624.0,750.0,242.0,286.0
41.624,636.0,747.0,247.0,273.0
41.631,646.0,743.0,252.0,265.0
41.638,654.0,738.0,257.0,255.0
41.644,662.0,733.0,266.0,246.0
41.650,672.0,726.0,275.0,237.0
41.656,680.0,718.0,285.0,232.0
41.663,685.0,712.0,296.0,227.0
41.670,689.0,702.0,307.0,223.0
41.676,696.0,693.0,322.0,220.0
41.682,702.0,682.0,336.0,217.0
41.688,704.0,671.0,350.0,216.0
41.695,708.0,660.0,363.0,215.0
41.701,712.0,647.0,376.0,217.0
41.707,714.0,635.0,391.0,216.0
41.714,715.0,621.0,407.0,217.0
41.721,717.0,608.0,421.0,219.0
41.727,717.0,594.0,437.0,224.0
41.733,718.0,578.0,452.0,228.0
41.739,718.0,564.0,470.0,234.0
41.746,716.0,548.0,488.0,241.0
41.752,715.0,534.0,507.0,248.0
41.759,712.0,519.0,530.0,256.0
41.765,710.0,504.0,554.0,263.0
41.772,707.0,488.0,572.0,272.0
41.778,703.0,474.0,588.0,284.0
41.784,699.0,459.0,601.0,298.0
41.790,693.0,444.0,612.0,312.0
41.798,689.0,428.0,627.0,324.0
41.804,682.0,415.0,639.0,340.0
41.810,675.0,401.0,650.0,360.0
41.816,669.0,387.0,662.0,381.0
41.823,662.0,375.0,675.0,403.0
41.829,654.0,362.0,687.0,427.0
41.835,646.0,352.0,696.0,452.0
41.842,636.0,340.0,703.0,477.0
41.849,626.0,327.0,710.0,502.0
41.855,618.0,319.0,716.0,526.0
41.861,608.0,309.0,720.0,549.0
41.867,597.0,299.0,723.0,572.0
41.873,587.0,290.0,728.0,593.0
41.880,575.0,281.0,729.0,615.0
41.887,566.0,274.0,732.0,635.0
41.893,553.0,269.0,732.0,656.0
41.899,543.0,263.0,731.0,678.0
41.906,528.0,259.0,730.0,699.0
41.912,517.0,254.0,730.0,717.0
41.918,505.0,250.0,730.0,733.0
41.925,496.0,247.0,728.0,749.0
41.932,484.0,244.0,725.0,764.0
41.938,472.0,241.0,720.0,778.0
41.944,460.0,239.0,714.0,791.0
41.950,448.0,238.0,706.0,803.0
41.957,437.0,237.0,697.0,813.0
41.963,427.0,237.0,686.0,823.0
41.970,419.0,236.0,675.0,829.0
41.976,409.0,236.0,667.0,833.0
41.983,397.0,237.0,658.0,835.0
41.989,385.0,239.0,648.0,835.0
41.995,378.0,239.0,636.0,838.0
42.001,371.0,243.0,621.0,840.0
42.008,361.0,245.0,605.0,840.0
42.015,351.0,247.0,590.0,841.0
42.021,344.0,251.0,574.0,841.0
42.027,337.0,255.0,558.0,841.0
42.034,332.0,260.0,541.0,840.0
42.040,327.0,266.0,524.0,839.0
42.046,321.0,272.0,505.0,838.0
42.053,317.0,279.0,488.0,835.0
42.060,311.0,286.0,470.0,832.0
42.066,307.0,293.0,454.0,826.0
42.072,303.0,302.0,435.0,818.0
42.078,300.0,311.0,418.0,808.0
42.084,298.0,322.0,401.0,797.0
42.091,295.0,331.0,385.0,784.0
42.098,293.0,343.0,370.0,769.0
42.104,291.0,354.0,355.0,753.0
42.110,292.0,365.0,342.0,735.0
42.117,291.0,377.0,330.0,717.0
42.123,291.0,388.0,319.0,696.0
42.129,293.0,400.0,309.0,674.0
42.135,293.0,413.0,299.0,652.0
42.143,295.0,425.0,291.0,629.0
42.149,297.0,438.0,284.0,605.0
42.155,302.0,449.0,278.0,579.0
42.161,304.0,462.0,271.0,551.0
42.168,307.0,475.0,265.0,523.0
42.174,313.0,485.0,261.0,493.0
42.181,319.0,498.0,257.0,466.0
42.187,324.0,511.0,254.0,437.0
42.194,331.0,521.0,253.0,412.0
42.200,338.0,535.0,252.0,389.0
42.206,350.0,545.0,251.0,366.0
42.212,358.0,559.0,252.0,345.0
42.219,368.0,569.0,253.0,325.0
42.226,381.0,581.0,254.0,307.0
42.232,392.0,593.0,257.0,289.0
42.238,403.0,602.0,261.0,274.0
42.245,415.0,611.0,264.0,259.0
42.251,433.0,621.0,271.0,246.0
42.257,444.0,629.0,277.0,234.0
42.263,459.0,637.0,285.0,225.0
42.270,474.0,643.0,293.0,215.0
42.277,488.0,649.0,302.0,210.0
42.283,508.0,655.0,312.0,206.0
42.289,523.0,660.0,324.0,205.0
42.295,540.0,665.0,336.0,202.0
42.302,559.0,668.0,347.0,201.0
42.309,575.0,671.0,360.0,200.0
42.315,591.0,673.0,380.0,199.0
42.321,610.0,675.0,400.0,198.0
42.328,625.0,676.0,415.0,198.0
42.334,639.0,676.0,430.0,199.0
42.340,654.0,675.0,453.0,200.0
42.346,670.0,675.0,471.0,201.0
42.354,686.0,674.0,499.0,201.0
42.360,696.0,672.0,519.0,203.0
42.366,706.0,668.0,537.0,205.0
42.372,719.0,667.0,553.0,210.0
42.379,731.0,663.0,569.0,216.0
42.385,738.0,659.0,581.0,226.0
42.391,748.0,654.0,597.0,236.0
42.398,757.0,648.0,615.0,247.0
42.405,764.0,643.0,632.0,261.0
42.411,768.0,636.0,648.0,279.0
42.417,776.0,630.0,661.0,299.0
42.423,781.0,622.0,676.0,317.0
42.430,784.0,613.0,689.0,336.0
42.437,789.0,607.0,700.0,358.0
42.443,792.0,598.0,710.0,381.0
42.449,793.0,588.0,718.0,402.0
42.455,795.0,579.0,726.0,425.0
42.462,797.0,570.0,732.0,448.0
42.468,797.0,561.0,737.0,471.0
42.474,797.0,549.0,741.0,496.0
42.481,796.0,539.0,743.0,523.0
42.488,795.0,529.0,747.0,550.0
42.494,793.0,518.0,751.0,576.0
42.500,791.0,508.0,756.0,601.0
42.506,788.0,496.0,759.0,624.0
42.513,784.0,485.0,761.0,648.0
42.519,780.0,475.0,761.0,670.0
42.526,775.0,463.0,759.0,691.0
42.532,768.0,451.0,757.0,708.0
42.539,762.0,440.0,755.0,724.0
42.545,755.0,430.0,752.0,738.0
42.551,748.0,419.0,749.0,749.0
42.557,738.0,408.0,742.0,763.0
42.565,726.0,399.0,731.0,775.0
42.571,717.0,389.0,719.0,786.0
42.577,706.0,378.0,708.0,795.0
42.583,692.0,369.0,700.0,802.0
42.590,679.0,361.0,687.0,810.0
42.596,667.0,353.0,677.0,814.0
42.602,652.0,345.0,657.0,820.0
42.609,635.0,337.0,633.0,824.0
42.616,619.0,331.0,617.0,825.0
42.622,602.0,324.0,603.0,827.0
42.628,583.0,317.0,591.0,827.0
42.634,564.0,312.0,582.0,825.0
42.641,548.0,309.0,578.0,819.0
42.647,531.0,304.0,563.0,819.0
42.654,511.0,300.0,540.0,817.0
42.660,493.0,296.0,521.0,814.0
42.666,474.0,294.0,502.0,809.0
42.673,456.0,292.0,474.0,806.0
42.679,437.0,291.0,447.0,803.0
42.685,420.0,290.0,420.0,798.0
42.691,405.0,289.0,402.0,792.0
42.699,386.0,289.0,388.0,784.0
42.705,372.0,290.0,378.0,771.0
42.711,358.0,292.0,362.0,762.0
42.717,345.0,292.0,354.0,743.0
42.724,330.0,295.0,350.0,720.0
42.730,318.0,298.0,335.0,703.0
42.737,307.0,302.0,321.0,687.0
42.743,296.0,306.0,309.0,666.0
42.750,288.0,310.0,302.0,645.0
42.756,278.0,316.0,291.0,626.0
42.762,271.0,322.0,279.0,611.0
42.768,264.0,329.0,265.0,604.0
42.775,258.0,336.0,256.0,592.0
42.782,251.0,342.0,249.0,575.0
42.788,247.0,352.0,245.0,553.0
42.794,242.0,361.0,240.0,533.0
42.801,238.0,370.0,239.0,513.0
42.807,237.0,379.0,236.0,491.0
42.813,234.0,392.0,234.0,465.0
42.819,232.0,403.0,232.0,438.0
42.827,230.0,413.0,229.0,421.0
42.833,230.0,424.0,229.0,402.0
42.839,230.0,436.0,229.0,382.0
42.845,230.0,449.0,229.0,367.0
42.851,230.0,462.0,229.0,352.0
42.858,233.0,476.0,229.0,341.0
42.865,234.0,489.0,231.0,326.0
42.871,238.0,503.0,235.0,312.0
42.877,240.0,517.0,238.0,299.0
42.884,244.0,533.0,242.0,288.0
42.890,249.0,547.0,247.0,276.0
42.896,256.0,561.0,253.0,266.0
42.902,261.0,574.0,257.0,257.0
42.910,267.0,589.0,264.0,248.0
42.916,276.0,603.0,272.0,241.0
42.922,285.0,616.0,281.0,235.0
42.928,293.0,628.0,291.0,229.0
42.935,299.0,640.0,303.0,224.0
42.941,309.0,654.0,314.0,221.0
42.947,324.0,666.0,328.0,219.0
42.954,337.0,676.0,342.0,217.0
42.961,348.0,686.0,357.0,216.0
42.967,362.0,696.0,370.0,216.0
42.973,375.0,705.0,385.0,216.0
42.979,388.0,713.0,403.0,215.0
42.986,404.0,721.0,418.0,217.0
42.993,423.0,726.0,429.0,222.0
42.999,437.0,733.0,442.0,227.0
43.005,449.0,737.0,464.0,233.0
43.012,465.0,742.0,489.0,238.0
43.018,482.0,746.0,512.0,244.0
43.024,500.0,749.0,535.0,251.0
43.030,510.0,752.0,556.0,260.0
43.037,527.0,754.0,570.0,271.0
43.044,544.0,756.0,584.0,284.0
43.050,559.0,756.0,598.0,297.0
43.056,570.0,756.0,612.0,309.0
43.062,584.0,755.0,626.0,321.0
43.069,596.0,755.0,636.0,335.0
43.075,608.0,752.0,645.0,353.0
43.082,620.0,749.0,656.0,374.0
43.088,632.0,747.0,670.0,395.0
43.095,640.0,744.0,680.0,418.0
43.101,652.0,739.0,691.0,445.0
43.107,661.0,734.0,700.0,469.0
43.113,670.0,727.0,707.0,491.0
43.121,677.0,721.0,713.0,516.0
43.127,683.0,712.0,718.0,539.0
43.133,689.0,705.0,722.0,561.0
43.139,696.0,695.0,726.0,583.0
43.146,701.0,685.0,729.0,604.0
43.152,706.0,673.0,730.0,625.0
43.158,709.0,661.0,732.0,645.0
43.165,712.0,648.0,732.0,669.0
43.172,715.0,636.0,731.0,692.0
43.178,714.0,622.0,730.0,712.0
43.184,715.0,609.0,729.0,729.0
43.190,717.0,593.0,728.0,745.0
43.197,717.0,580.0,726.0,760.0
43.203,717.0,566.0,721.0,775.0
43.210,715.0,551.0,716.0,789.0
43.216,714.0,537.0,707.0,802.0
43.222,712.0,521.0,697.0,813.0
43.229,710.0,507.0,685.0,823.0
43.235,707.0,491.0,674.0,830.0
43.241,704.0,476.0,665.0,834.0
43.248,700.0,461.0,655.0,836.0
43.255,696.0,445.0,645.0,837.0
43.261,690.0,432.0,632.0,839.0
43.267,685.0,418.0,615.0,840.0
43.273,680.0,406.0,599.0,842.0
43.280,673.0,392.0,585.0,841.0
43.286,667.0,378.0,571.0,841.0
43.293,659.0,367.0,557.0,840.0
43.299,652.0,354.0,539.0,839.0
43.306,641.0,342.0,521.0,840.0
43.312,632.0,333.0,503.0,837.0
43.318,624.0,320.0,486.0,835.0
43.324,615.0,312.0,469.0,829.0
43.331,604.0,303.0,452.0,825.0
43.338,592.0,293.0,434.0,818.0
43.344,581.0,285.0,417.0,807.0
43.350,572.0,278.0,399.0,795.0
43.357,560.0,272.0,383.0,783.0
43.363,547.0,267.0,368.0,768.0
43.369,534.0,261.0,354.0,751.0
43.376,522.0,256.0,341.0,733.0
43.383,511.0,252.0,328.0,714.0
43.389,499.0,247.0,317.0,693.0
43.395,487.0,245.0,307.0,672.0
43.401,476.0,241.0,298.0,648.0
43.408,464.0,240.0,291.0,625.0
43.414,451.0,239.0,282.0,601.0
43.421,438.0,237.0,276.0,576.0
43.427,429.0,237.0,270.0,547.0
43.433,418.0,236.0,264.0,521.0
43.440,409.0,236.0,259.0,491.0
43.446,398.0,237.0,256.0,463.0
43.452,386.0,238.0,254.0,436.0
43.458,377.0,239.0,252.0,411.0
43.466,369.0,242.0,251.0,387.0
43.472,361.0,245.0,252.0,364.0
43.478,351.0,248.0,251.0,344.0
43.484,344.0,251.0,252.0,325.0
43.491,337.0,256.0,254.0,306.0
43.497,331.0,261.0,257.0,290.0
43.504,325.0,267.0,260.0,274.0
43.510,319.0,275.0,264.0,261.0
43.517,314.0,280.0,270.0,246.0
43.523,310.0,289.0,278.0,234.0
43.529,304.0,296.0,284.0,224.0
43.535,302.0,305.0,292.0,216.0
43.542,299.0,314.0,300.0,211.0
43.549,298.0,325.0,310.0,207.0
43.555,293.0,334.0,321.0,204.0
43.561,293.0,346.0,334.0,202.0
43.568,293.0,356.0,346.0,201.0
43.574,292.0,368.0,358.0,200.0
43.580,291.0,380.0,376.0,199.0
43.586,293.0,393.0,397.0,198.0
43.594,293.0,405.0,416.0,198.0
43.600,293.0,419.0,431.0,200.0
43.606,297.0,429.0,449.0,199.0
43.612,300.0,443.0,470.0,200.0
43.618,302.0,454.0,490.0,201.0
43.625,305.0,468.0,512.0,203.0
43.632,309.0,479.0,531.0,204.0
43.638,315.0,490.0,547.0,207.0
43.644,319.0,504.0,564.0,213.0
43.651,326.0,513.0,578.0,220.0
43.657,332.0,526.0,591.0,231.0
43.663,339.0,538.0,605.0,243.0
43.669,348.0,548.0,623.0,256.0
43.677,356.0,559.0,639.0,270.0
43.683,368.0,569.0,659.0,288.0
43.689,378.0,580.0,672.0,307.0
43.695,388.0,591.0,685.0,329.0
43.702,400.0,600.0,696.0,350.0
43.708,411.0,610.0,707.0,373.0
43.714,429.0,618.0,716.0,395.0
43.721,442.0,627.0,724.0,420.0
43.728,456.0,635.0,730.0,442.0
43.734,472.0,640.0,736.0,464.0
43.740,487.0,648.0,741.0,487.0
43.746,503.0,655.0,744.0,510.0
43.753,520.0,658.0,746.0,536.0
43.760,535.0,663.0,747.0,562.0
43.766,554.0,667.0,750.0,587.0
43.772,571.0,670.0,753.0,611.0
43.779,586.0,672.0,756.0,632.0
43.785,606.0,674.0,759.0,653.0
43.791,623.0,675.0,759.0,674.0
43.797,636.0,677.0,760.0,693.0
43.805,651.0,676.0,755.0,713.0
43.811,671.0,677.0,753.0,728.0
43.817,683.0,675.0,748.0,743.0
43.823,693.0,672.0,744.0,755.0
43.829,706.0,670.0,735.0,769.0
43.836,720.0,667.0,724.0,781.0
43.842,729.0,663.0,716.0,790.0
43.849,738.0,659.0,710.0,798.0
43.855,748.0,653.0,701.0,805.0
43.862,757.0,648.0,685.0,810.0
43.868,764.0,643.0,664.0,818.0
43.874,768.0,635.0,638.0,823.0
43.880,777.0,629.0,621.0,825.0
43.888,782.0,620.0,608.0,826.0
43.894,786.0,612.0,594.0,827.0
43.900,788.0,604.0,579.0,827.0
43.906,792.0,594.0,567.0,826.0
43.913,794.0,585.0,560.0,823.0
43.919,795.0,576.0,546.0,819.0
43.925,797.0,566.0,529.0,815.0
43.932,797.0,557.0,507.0,814.0
43.939,797.0,545.0,485.0,809.0
43.945,796.0,534.0,458.0,804.0
43.951,795.0,524.0,427.0,802.0
43.957,792.0,513.0,410.0,795.0
43.964,791.0,502.0,397.0,786.0
43.970,787.0,491.0,378.0,778.0
43.977,782.0,480.0,364.0,768.0
43.983,778.0,470.0,353.0,755.0
43.990,772.0,458.0,344.0,737.0
43.996,766.0,447.0,340.0,710.0
44.002,760.0,437.0,326.0,690.0
44.008,753.0,427.0,308.0,674.0
44.014,746.0,417.0,298.0,650.0
44.022,736.0,406.0,287.0,630.0
44.028,726.0,396.0,275.0,617.0
44.034,716.0,387.0,262.0,610.0
44.040,703.0,377.0,255.0,598.0
44.047,690.0,368.0,250.0,578.0
44.053,678.0,360.0,244.0,557.0
44.060,667.0,352.0,242.0,533.0
44.066,649.0,344.0,237.0,509.0
44.073,633.0,337.0,233.0,487.0
44.079,617.0,330.0,233.0,460.0
44.085,601.0,323.0,233.0,433.0
44.091,582.0,317.0,230.0,414.0
44.098,564.0,312.0,229.0,395.0
44.105,548.0,308.0,229.0,375.0
44.111,530.0,303.0,230.0,357.0
44.117,510.0,300.0,231.0,346.0
44.124,491.0,296.0,231.0,333.0
44.130,473.0,294.0,232.0,321.0
44.136,455.0,292.0,235.0,308.0
44.142,438.0,291.0,238.0,297.0
44.150,419.0,289.0,244.0,282.0
44.156,406.0,289.0,247.0,272.0
44.162,387.0,290.0,252.0,264.0
44.168,374.0,290.0,257.0,255.0
44.175,359.0,291.0,265.0,247.0
44.181,345.0,293.0,273.0,240.0
44.188,329.0,295.0,283.0,233.0
44.194,318.0,298.0,292.0,228.0
44.201,308.0,301.0,303.0,224.0
44.207,299.0,305.0,314.0,222.0
44.213,289.0,310.0,326.0,219.0
44.219,278.0,315.0,337.0,219.0
44.225,272.0,322.0,351.0,219.0
44.233,265.0,328.0,366.0,216.0
44.239,259.0,336.0,388.0,215.0
44.245,251.0,344.0,403.0,215.0
44.251,246.0,353.0,420.0,217.0
44.258,241.0,361.0,435.0,219.0
44.264,239.0,372.0,447.0,224.0
44.270,236.0,382.0,468.0,228.0
44.277,233.0,393.0,490.0,234.0
44.284,231.0,405.0,507.0,242.0
44.290,231.0,416.0,530.0,248.0
44.296,230.0,428.0,549.0,257.0
44.302,230.0,442.0,566.0,268.0
44.309,230.0,455.0,580.0,279.0
44.316,231.0,468.0,594.0,291.0
44.322,233.0,482.0,608.0,304.0
44.328,236.0,496.0,621.0,316.0
44.335,239.0,511.0,633.0,330.0
44.341,242.0,525.0,643.0,346.0
44.347,246.0,540.0,652.0,366.0
44.353,252.0,554.0,666.0,385.0
44.361,258.0,568.0,678.0,407.0
44.367,263.0,582.0,687.0,432.0
44.373,270.0,598.0,697.0,456.0
44.379,279.0,612.0,704.0,481.0
44.386,293.0,624.0,710.0,506.0
44.392,298.0,636.0,716.0,530.0
44.398,305.0,649.0,721.0,554.0
44.405,319.0,662.0,725.0,577.0
44.411,333.0,672.0,728.0,599.0
44.418,343.0,683.0,730.0,620.0
44.424,357.0,693.0,732.0,642.0
44.430,370.0,702.0,732.0,665.0
44.436,383.0,710.0,731.0,687.0
44.444,394.0,717.0,731.0,707.0
44.450,415.0,724.0,731.0,725.0
44.456,430.0,730.0,729.0,742.0
44.462,443.0,735.0,725.0,759.0
44.469,457.0,740.0,722.0,772.0
44.475,477.0,744.0,717.0,785.0
44.481,491.0,748.0,710.0,798.0
44.488,501.0,750.0,701.0,810.0
44.495,515.0,752.0,689.0,820.0
44.501,533.0,754.0,675.0,828.0
44.507,551.0,755.0,666.0,833.0
44.513,563.0,755.0,657.0,835.0
44.520,576.0,756.0,647.0,837.0
44.526,590.0,756.0,635.0,839.0
44.533,601.0,754.0,619.0,840.0
44.539,614.0,753.0,604.0,841.0
44.546,625.0,750.0,588.0,842.0
44.552,638.0,748.0,572.0,841.0
44.558,646.0,742.0,556.0,841.0
44.564,656.0,737.0,538.0,840.0
44.572,665.0,732.0,519.0,839.0
44.578,673.0,724.0,499.0,838.0
44.584,682.0,717.0,482.0,833.0
44.590,686.0,709.0,465.0,830.0
44.597,693.0,698.0,447.0,823.0
44.603,699.0,688.0,430.0,816.0
44.609,704.0,675.0,414.0,805.0
44.616,707.0,664.0,398.0,795.0
44.623,709.0,651.0,382.0,782.0
44.629,712.0,639.0,368.0,768.0
44.635,714.0,625.0,354.0,751.0
44.641,716.0,613.0,341.0,735.0
44.647,716.0,598.0,329.0,716.0
44.654,716.0,584.0,319.0,696.0
44.661,717.0,567.0,308.0,674.0
44.667,716.0,553.0,299.0,652.0
44.673,714.0,537.0,291.0,627.0
44.680,713.0,524.0,283.0,601.0
44.686,709.0,509.0,276.0,575.0
44.692,708.0,493.0,270.0,546.0
44.699,704.0,478.0,264.0,518.0
44.706,701.0,463.0,260.0,489.0
44.712,696.0,449.0,256.0,461.0
44.718,690.0,436.0,254.0,436.0
44.724,686.0,421.0,252.0,410.0
44.731,679.0,409.0,252.0,387.0
44.737,673.0,395.0,250.0,364.0
44.744,666.0,383.0,251.0,344.0
44.750,659.0,370.0,253.0,323.0
44.757,654.0,357.0,255.0,304.0
44.763,643.0,349.0,257.0,286.0
44.769,635.0,336.0,261.0,270.0
44.775,624.0,325.0,265.0,255.0
44.782,616.0,315.0,272.0,242.0
44.789,607.0,306.0,280.0,230.0
44.795,598.0,297.0,288.0,220.0
44.801,586.0,288.0,295.0,214.0
44.808,576.0,281.0,305.0,209.0
44.814,566.0,274.0,316.0,204.0
44.820,554.0,270.0,327.0,203.0
44.827,544.0,264.0,341.0,201.0
44.834,530.0,259.0,351.0,201.0
44.840,520.0,254.0,364.0,199.0
44.846,507.0,250.0,385.0,198.0
44.852,497.0,246.0,403.0,198.0
44.858,483.0,244.0,418.0,200.0
44.865,473.0,241.0,434.0,199.0
44.872,460.0,239.0,456.0,200.0
44.878,447.0,237.0,476.0,201.0
44.884,436.0,237.0,503.0,202.0
44.891,426.0,236.0,523.0,203.0
44.897,418.0,236.0,541.0,206.0
44.903,407.0,236.0,557.0,211.0
44.909,394.0,237.0,572.0,218.0
44.917,384.0,238.0,587.0,226.0
44.923,378.0,240.0,601.0,236.0
44.929,369.0,243.0,618.0,245.0
44.935,357.0,245.0,632.0,259.0
44.942,348.0,249.0,644.0,275.0
44.948,340.0,253.0,661.0,291.0
44.955,334.0,258.0,674.0,310.0
44.961,328.0,264.0,687.0,330.0
44.968,322.0,271.0,698.0,350.0
44.974,316.0,278.0,707.0,372.0
44.980,310.0,285.0,715.0,394.0
44.986,306.0,293.0,723.0,416.0
44.993,303.0,302.0,729.0,438.0
45.000,300.0,312.0,734.0,458.0
45.006,297.0,322.0,738.0,483.0
45.012,294.0,333.0,741.0,511.0
45.019,293.0,344.0,744.0,538.0
45.025,292.0,357.0,750.0,563.0
45.031,292.0,367.0,755.0,587.0
45.037,292.0,380.0,758.0,612.0
45.044,292.0,390.0,760.0,635.0
45.051,295.0,402.0,760.0,659.0
45.057,295.0,416.0,759.0,680.0
45.063,297.0,427.0,758.0,697.0
45.069,299.0,440.0,757.0,714.0
45.076,305.0,451.0,753.0,729.0
45.083,306.0,466.0,750.0,742.0
45.089,311.0,477.0,745.0,754.0
45.095,315.0,490.0,737.0,766.0
45.102,321.0,501.0,728.0,778.0
45.108,328.0,514.0,721.0,786.0
45.114,334.0,526.0,713.0,795.0
45.120,340.0,537.0,702.0,803.0
45.128,349.0,549.0,686.0,811.0
45.134,357.0,561.0,663.0,817.0
45.140,369.0,570.0,646.0,822.0
45.146,379.0,580.0,630.0,823.0
45.153,391.0,591.0,612.0,826.0
45.159,402.0,600.0,601.0,825.0
45.165,412.0,610.0,588.0,826.0
45.172,428.0,618.0,577.0,825.0
45.179,442.0,627.0,577.0,822.0
45.185,455.0,634.0,559.0,818.0
45.191,468.0,640.0,536.0,817.0
45.197,485.0,646.0,515.0,813.0
45.204,500.0,652.0,495.0,809.0
45.211,514.0,657.0,465.0,805.0
45.217,531.0,662.0,434.0,803.0
45.223,548.0,666.0,414.0,797.0
45.229,564.0,669.0,398.0,790.0
45.236,582.0,671.0,383.0,781.0
45.242,596.0,673.0,370.0,769.0
45.248,614.0,676.0,354.0,761.0
45.255,630.0,677.0,342.0,746.0
45.262,642.0,676.0,334.0,726.0
45.268,661.0,676.0,320.0,708.0
45.274,674.0,676.0,308.0,690.0
45.280,686.0,674.0,299.0,667.0
45.287,698.0,672.0,288.0,648.0
45.293,711.0,669.0,276.0,635.0
45.300,722.0,666.0,265.0,626.0
45.306,731.0,662.0,258.0,606.0
45.313,741.0,657.0,252.0,587.0
45.319,752.0,652.0,247.0,567.0
45.325,760.0,648.0,246.0,543.0
45.331,766.0,641.0,245.0,521.0
45.339,772.0,634.0,240.0,500.0
45.345,778.0,628.0,235.0,478.0
45.351,782.0,619.0,232.0,453.0
45.357,786.0,610.0,230.0,429.0
45.364,789.0,603.0,228.0,402.0
45.370,793.0,594.0,229.0,376.0
45.376,794.0,584.0,229.0,365.0
45.383,796.0,574.0,229.0,354.0
45.390,797.0,564.0,230.0,341.0
45.396,797.0,553.0,231.0,327.0
45.402,796.0,542.0,233.0,313.0
45.408,794.0,531.0,238.0,299.0
45.415,794.0,520.0,241.0,287.0
45.421,791.0,510.0,247.0,275.0
45.428,789.0,499.0,250.0,266.0
45.434,785.0,488.0,259.0,256.0
45.441,781.0,476.0,266.0,246.0
45.447,777.0,465.0,274.0,239.0
45.453,770.0,453.0,283.0,232.0
45.459,763.0,442.0,293.0,227.0
45.466,755.0,431.0,304.0,223.0
45.473,748.0,420.0,315.0,221.0
45.479,739.0,410.0,327.0,220.0
45.485,728.0,400.0,341.0,218.0
45.491,717.0,390.0,356.0,217.0
45.498,707.0,380.0,371.0,218.0
45.504,694.0,370.0,392.0,215.0
45.511,681.0,362.0,408.0,216.0
45.517,669.0,354.0,421.0,219.0
45.524,657.0,347.0,436.0,221.0
45.530,639.0,339.0,449.0,228.0
45.536,623.0,332.0,467.0,233.0
45.542,610.0,326.0,490.0,240.0
45.549,591.0,320.0,510.0,247.0
45.556,573.0,315.0,532.0,256.0
45.562,554.0,310.0,555.0,261.0
45.568,541.0,306.0,572.0,271.0
45.575,525.0,303.0,587.0,283.0
45.581,505.0,299.0,599.0,297.0
45.587,488.0,296.0,612.0,310.0
45.594,471.0,294.0,625.0,322.0
45.601,451.0,292.0,637.0,338.0
45.607,437.0,290.0,649.0,355.0
45.613,418.0,290.0,662.0,375.0
45.619,401.0,289.0,673.0,397.0
45.626,383.0,289.0,683.0,420.0
45.632,370.0,290.0,692.0,443.0
45.639,358.0,292.0,700.0,467.0
45.645,342.0,293.0,707.0,492.0
45.652,328.0,295.0,712.0,515.0
45.658,315.0,298.0,718.0,538.0
45.664,307.0,302.0,722.0,560.0
45.670,298.0,306.0,726.0,583.0
45.676,286.0,311.0,727.0,605.0
45.684,275.0,316.0,730.0,626.0
45.690,270.0,323.0,732.0,647.0
45.696,262.0,330.0,732.0,668.0
45.702,256.0,338.0,731.0,690.0
45.709,250.0,345.0,730.0,711.0
45.715,245.0,354.0,730.0,729.0
45.722,239.0,365.0,728.0,745.0
45.728,237.0,375.0,725.0,761.0
45.735,235.0,388.0,721.0,775.0
45.741,233.0,398.0,717.0,787.0
45.747,231.0,411.0,711.0,799.0
45.753,230.0,423.0,701.0,809.0
45.760,230.0,437.0,690.0,819.0
45.767,230.0,451.0,676.0,829.0
45.773,232.0,464.0,664.0,834.0
45.779,233.0,478.0,654.0,836.0
45.786,235.0,493.0,644.0,838.0
45.792,238.0,507.0,633.0,839.0
45.798,241.0,522.0,619.0,840.0
45.804,245.0,538.0,601.0,840.0
45.812,251.0,552.0,584.0,841.0
45.818,256.0,567.0,567.0,841.0
45.824,263.0,581.0,552.0,842.0
45.830,268.0,596.0,536.0,840.0
45.837,279.0,610.0,518.0,839.0
45.843,288.0,623.0,498.0,837.0
45.850,296.0,636.0,480.0,834.0
45.856,306.0,648.0,464.0,829.0
45.862,318.0,660.0,446.0,822.0
45.869,332.0,672.0,427.0,814.0
45.875,343.0,682.0,409.0,802.0
45.881,356.0,692.0,392.0,790.0
45.887,370.0,702.0,376.0,775.0
45.895,384.0,709.0,360.0,759.0
45.901,395.0,717.0,347.0,741.0
45.907,411.0,724.0,334.0,722.0
45.913,429.0,730.0,322.0,703.0
45.920,443.0,734.0,312.0,682.0
45.926,454.0,739.0,302.0,659.0
45.932,470.0,743.0,293.0,635.0
45.939,485.0,747.0,285.0,611.0
45.946,500.0,750.0,279.0,587.0
45.952,512.0,752.0,273.0,560.0
45.958,530.0,754.0,267.0,533.0
45.964,546.0,756.0,262.0,505.0
45.971,557.0,756.0,258.0,477.0
45.978,573.0,756.0,256.0,450.0
45.984,588.0,756.0,253.0,424.0
45.990,598.0,755.0,252.0,400.0
45.997,609.0,754.0,250.0,378.0
46.003,620.0,751.0,252.0,356.0
46.009,632.0,748.0,252.0,337.0
46.015,643.0,744.0,253.0,319.0
46.023,652.0,738.0,255.0,300.0
46.029,661.0,734.0,260.0,280.0
46.035,672.0,728.0,264.0,264.0
46.041,679.0,721.0,269.0,249.0
46.048,683.0,714.0,273.0,239.0
46.054,690.0,704.0,282.0,227.0
46.060,697.0,695.0,291.0,218.0
46.067,703.0,684.0,303.0,209.0
46.073,706.0,671.0,313.0,206.0
46.080,709.0,661.0,322.0,204.0
46.086,712.0,647.0,331.0,203.0
46.092,714.0,633.0,343.0,202.0
46.098,715.0,619.0,356.0,200.0
46.106,717.0,603.0,373.0,199.0
46.112,717.0,589.0,391.0,198.0
46.118,718.0,573.0,407.0,198.0
46.124,714.0,561.0,417.0,199.0
46.131,715.0,543.0,437.0,200.0
46.137,713.0,527.0,460.0,200.0
46.143,711.0,513.0,486.0,201.0
46.150,708.0,497.0,510.0,202.0
46.157,705.0,481.0,529.0,205.0
46.163,701.0,465.0,547.0,207.0
46.169,696.0,450.0,563.0,213.0
46.175,690.0,436.0,576.0,223.0
46.182,685.0,422.0,594.0,232.0
46.188,679.0,409.0,606.0,242.0
46.195,673.0,395.0,621.0,255.0
46.201,665.0,381.0,636.0,272.0
46.208,658.0,370.0,654.0,289.0
46.214,651.0,356.0,669.0,308.0
46.220,642.0,345.0,684.0,326.0
46.226,634.0,332.0,695.0,349.0
46.234,624.0,322.0,706.0,371.0
46.240,616.0,313.0,715.0,395.0
46.246,607.0,305.0,723.0,418.0
46.252,597.0,295.0,730.0,441.0
46.258,584.0,288.0,736.0,463.0
46.265,574.0,281.0,740.0,485.0
46.271,563.0,276.0,744.0,507.0
46.278,553.0,269.0,748.0,529.0
46.284,540.0,263.0,750.0,553.0
46.291,525.0,258.0,749.0,580.0
46.297,515.0,254.0,751.0,603.0
46.303,505.0,249.0,755.0,625.0
46.309,495.0,246.0,759.0,645.0
46.316,483.0,244.0,761.0,667.0
46.323,472.0,241.0,761.0,688.0
46.329,460.0,240.0,757.0,708.0
46.335,449.0,238.0,754.0,725.0
46.342,440.0,237.0,750.0,740.0
46.348,429.0,236.0,745.0,752.0
46.354,420.0,236.0,741.0,764.0
46.360,410.0,236.0,734.0,775.0
46.368,399.0,237.0,725.0,785.0
46.374,387.0,237.0,717.0,792.0
46.380,380.0,239.0,709.0,799.0
46.386,372.0,242.0,696.0,807.0
46.393,362.0,245.0,684.0,813.0
46.399,355.0,247.0,665.0,817.0
46.406,346.0,251.0,638.0,823.0
46.412,340.0,256.0,619.0,824.0
46.419,332.0,260.0,609.0,825.0
46.425,325.0,264.0,597.0,826.0
46.431,320.0,272.0,589.0,825.0
46.437,316.0,279.0,581.0,822.0
46.443,309.0,287.0,568.0,821.0
46.451,304.0,294.0,548.0,819.0
46.457,303.0,304.0,529.0,815.0
46.463,300.0,314.0,511.0,812.0
46.469,296.0,325.0,491.0,807.0
46.476,293.0,336.0,471.0,802.0
46.482,292.0,347.0,440.0,799.0
46.488,292.0,359.0,420.0,794.0
46.495,290.0,372.0,402.0,785.0
46.502,291.0,384.0,383.0,778.0
46.508,293.0,395.0,375.0,765.0
46.514,292.0,408.0,362.0,752.0
46.520,295.0,421.0,354.0,734.0
46.527,297.0,435.0,344.0,713.0
46.534,301.0,446.0,329.0,698.0
46.540,304.0,460.0,314.0,680.0
46.546,309.0,472.0,304.0,659.0
46.553,313.0,483.0,293.0,641.0
46.559,318.0,496.0,281.0,626.0
46.565,324.0,510.0,268.0,619.0
46.571,330.0,521.0,259.0,609.0
46.579,339.0,533.0,254.0,589.0
46.585,347.0,544.0,248.0,566.0
46.591,356.0,556.0,241.0,547.0
46.597,368.0,565.0,238.0,525.0
46.604,377.0,576.0,235.0,503.0
46.610,389.0,585.0,231.0,481.0
46.616,398.0,597.0,229.0,458.0
46.623,410.0,606.0,228.0,434.0
46.629,424.0,614.0,227.0,414.0
46.636,438.0,623.0,227.0,393.0
46.642,452.0,631.0,229.0,375.0
46.648,464.0,638.0,228.0,360.0
46.654,480.0,644.0,228.0,346.0
46.662,494.0,651.0,231.0,332.0
46.668,512.0,656.0,234.0,318.0
46.674,526.0,661.0,235.0,304.0
46.680,541.0,666.0,239.0,294.0
46.687,560.0,668.0,243.0,280.0
46.693,576.0,671.0,251.0,268.0
46.699,589.0,673.0,254.0,260.0
46.706,605.0,675.0,261.0,251.0
46.713,623.0,676.0,269.0,241.0
46.719,636.0,676.0,280.0,235.0
46.725,651.0,676.0,289.0,229.0
46.731,668.0,676.0,301.0,225.0
46.738,681.0,675.0,313.0,222.0
46.744,690.0,672.0,330.0,218.0
46.751,704.0,671.0,344.0,216.0
46.757,715.0,667.0,358.0,216.0
46.764,725.0,665.0,372.0,216.0
46.770,735.0,661.0,387.0,217.0
46.776,744.0,656.0,401.0,217.0
46.782,754.0,650.0,417.0,219.0
46.790,762.0,646.0,434.0,220.0
46.796,766.0,639.0,448.0,225.0
46.802,773.0,633.0,464.0,231.0
46.808,779.0,625.0,482.0,239.0
46.814,783.0,617.0,501.0,246.0
46.821,787.0,609.0,523.0,255.0
46.827,790.0,600.0,547.0,260.0
46.834,793.0,592.0,569.0,269.0
46.840,795.0,581.0,585.0,280.0
46.847,797.0,572.0,599.0,293.0
46.853,797.0,562.0,611.0,308.0
46.859,797.0,552.0,623.0,323.0
46.865,797.0,541.0,636.0,336.0
46.872,796.0,530.0,647.0,352.0
46.879,793.0,519.0,657.0,373.0
46.885,791.0,508.0,670.0,394.0
46.891,789.0,496.0,683.0,417.0
46.898,784.0,485.0,692.0,443.0
46.904,780.0,474.0,701.0,468.0
46.910,775.0,462.0,708.0,493.0
46.917,769.0,451.0,713.0,520.0
46.924,761.0,440.0,718.0,544.0
46.930,754.0,429.0,723.0,567.0
46.936,748.0,419.0,727.0,590.0
46.942,739.0,409.0,730.0,612.0
46.949,728.0,398.0,731.0,633.0
46.955,718.0,388.0,732.0,654.0
46.962,705.0,378.0,732.0,674.0
46.968,692.0,369.0,732.0,695.0
46.975,680.0,360.0,731.0,714.0
46.981,664.0,351.0,729.0,732.0
46.987,647.0,342.0,726.0,748.0
46.993,630.0,336.0,724.0,763.0
47.000,614.0,328.0,720.0,775.0
47.007,597.0,322.0,716.0,788.0
47.013,578.0,315.0,708.0,800.0
47.019,558.0,310.0,700.0,810.0
47.025,541.0,306.0,688.0,821.0
47.032,528.0,303.0,675.0,829.0
47.038,509.0,299.0,663.0,834.0
47.045,486.0,295.0,655.0,836.0
47.051,469.0,293.0,645.0,837.0
47.058,451.0,291.0,636.0,838.0
47.064,434.0,290.0,621.0,839.0
47.070,417.0,290.0,602.0,842.0
47.076,403.0,289.0,584.0,841.0
47.083,385.0,288.0,567.0,841.0
47.090,369.0,290.0,551.0,841.0
47.096,357.0,292.0,534.0,839.0
47.102,345.0,293.0,516.0,839.0
47.109,330.0,295.0,497.0,837.0
47.115,318.0,298.0,479.0,834.0
47.121,308.0,303.0,463.0,827.0
47.127,297.0,305.0,446.0,823.0
47.135,289.0,310.0,429.0,815.0
47.141,280.0,314.0,413.0,805.0
47.147,272.0,320.0,395.0,792.0
47.153,264.0,328.0,378.0,777.0
47.160,258.0,334.0,363.0,762.0
47.166,254.0,341.0,348.0,743.0
47.173,248.0,350.0,334.0,724.0
47.179,243.0,360.0,322.0,702.0
47.186,238.0,369.0,312.0,681.0
47.192,236.0,378.0,302.0,658.0
47.198,234.0,391.0,293.0,634.0
47.204,232.0,401.0,286.0,612.0
47.210,230.0,412.0,278.0,588.0
47.218,230.0,425.0,273.0,564.0
47.224,231.0,438.0,267.0,536.0
47.230,231.0,451.0,264.0,508.0
47.236,230.0,465.0,258.0,480.0
47.243,233.0,479.0,256.0,453.0
47.249,235.0,493.0,253.0,426.0
47.255,238.0,509.0,252.0,401.0
47.262,242.0,524.0,251.0,378.0
47.269,247.0,539.0,251.0,356.0
47.275,252.0,554.0,252.0,336.0
47.281,259.0,569.0,253.0,317.0
47.287,265.0,583.0,255.0,297.0
47.294,271.0,598.0,259.0,280.0
47.301,282.0,614.0,264.0,264.0
47.307,292.0,627.0,269.0,250.0
47.313,299.0,640.0,275.0,237.0
47.320,309.0,653.0,283.0,225.0
47.326,323.0,665.0,291.0,217.0
47.332,335.0,677.0,301.0,212.0
47.338,346.0,687.0,311.0,206.0
47.346,362.0,696.0,323.0,204.0
47.352,374.0,704.0,336.0,202.0
47.358,386.0,712.0,346.0,201.0
47.364,400.0,720.0,359.0,200.0
47.371,419.0,726.0,371.0,200.0
47.377,431.0,732.0,392.0,198.0
47.383,448.0,737.0,410.0,198.0
47.390,463.0,743.0,430.0,199.0
47.396,479.0,746.0,447.0,199.0
47.403,495.0,748.0,467.0,200.0
47.409,505.0,751.0,489.0,201.0
47.415,521.0,753.0,510.0,202.0
47.421,538.0,754.0,531.0,205.0
47.429,555.0,756.0,548.0,207.0
47.435,565.0,756.0,565.0,213.0
47.441,578.0,755.0,579.0,222.0
47.447,591.0,756.0,591.0,232.0
47.454,604.0,754.0,605.0,244.0
47.460,615.0,752.0,621.0,257.0
47.466,625.0,749.0,635.0,272.0
47.473,638.0,746.0,648.0,293.0
47.480,648.0,742.0,665.0,310.0
47.486,655.0,737.0,682.0,327.0
47.492,664.0,731.0,695.0,346.0
47.498,674.0,725.0,705.0,368.0
47.505,682.0,717.0,714.0,392.0
47.511,687.0,710.0,723.0,416.0
47.518,693.0,700.0,730.0,439.0
47.524,699.0,690.0,735.0,463.0
47.531,702.0,679.0,740.0,485.0
47.537,707.0,668.0,744.0,507.0
47.543,710.0,656.0,747.0,533.0
47.549,713.0,643.0,749.0,559.0
47.557,714.0,630.0,753.0,585.0
47.563,715.0,616.0,757.0,609.0
47.569,717.0,602.0,760.0,632.0
47.575,718.0,589.0,761.0,655.0
47.581,718.0,571.0,760.0,676.0
47.588,716.0,558.0,758.0,696.0
47.594,715.0,542.0,755.0,714.0
47.601,714.0,528.0,753.0,728.0
47.607,711.0,515.0,750.0,742.0
47.614,709.0,498.0,745.0,755.0
47.620,706.0,483.0,737.0,768.0
47.626,702.0,469.0,726.0,780.0
47.632,697.0,456.0,718.0,789.0
47.639,691.0,441.0,714.0,796.0
47.646,686.0,424.0,704.0,804.0
47.652,680.0,410.0,687.0,810.0
47.658,673.0,397.0,669.0,815.0
47.665,666.0,381.0,648.0,821.0
47.671,658.0,369.0,627.0,824.0
47.677,652.0,356.0,612.0,826.0
47.683,642.0,343.0,601.0,825.0
47.691,633.0,330.0,589.0,826.0
47.697,622.0,321.0,576.0,826.0
47.703,614.0,313.0,572.0,820.0
47.709,607.0,302.0,555.0,819.0
47.716,595.0,294.0,533.0,818.0
47.722,582.0,285.0,510.0,816.0
47.729,571.0,278.0,489.0,811.0
47.735,561.0,272.0,467.0,806.0
47.742,548.0,267.0,438.0,803.0
47.748,538.0,261.0,416.0,797.0
47.754,523.0,257.0,400.0,790.0
47.760,511.0,252.0,385.0,782.0
47.767,499.0,248.0,373.0,769.0
47.774,491.0,245.0,359.0,757.0
47.780,478.0,243.0,352.0,739.0
47.786,467.0,241.0,347.0,716.0
47.792,454.0,239.0,332.0,699.0
47.799,442.0,237.0,319.0,683.0
47.805,430.0,237.0,308.0,663.0
47.811,423.0,237.0,301.0,643.0
47.818,412.0,236.0,291.0,624.0
47.825,403.0,237.0,277.0,611.0
47.831,389.0,237.0,264.0,605.0
47.837,381.0,238.0,255.0,592.0
47.843,373.0,241.0,249.0,576.0
47.850,366.0,243.0,245.0,555.0
47.857,357.0,246.0,240.0,536.0
47.863,346.0,249.0,238.0,512.0
47.869,340.0,253.0,234.0,493.0
47.876,334.0,258.0,233.0,468.0
47.882,328.0,264.0,233.0,442.0
47.888,322.0,268.0,230.0,422.0
47.894,317.0,275.0,229.0,406.0
47.902,312.0,281.0,228.0,388.0
47.908,308.0,289.0,229.0,372.0
47.914,305.0,297.0,230.0,357.0
47.920,302.0,306.0,229.0,344.0
47.927,300.0,315.0,230.0,331.0
47.933,297.0,325.0,233.0,317.0
47.939,294.0,335.0,237.0,304.0
47.946,292.0,345.0,240.0,292.0
47.953,291.0,358.0,243.0,282.0
47.959,291.0,368.0,249.0,270.0
47.965,291.0,379.0,255.0,261.0
47.971,291.0,389.0,262.0,252.0
47.977,292.0,402.0,270.0,243.0
47.985,294.0,415.0,277.0,237.0
47.991,295.0,425.0,287.0,232.0
47.997,298.0,439.0,299.0,227.0
48.003,303.0,449.0,309.0,224.0
48.010,305.0,463.0,325.0,219.0
48.016,309.0,476.0,335.0,219.0
48.022,314.0,486.0,350.0,217.0
48.029,321.0,499.0,365.0,216.0
48.036,324.0,513.0,382.0,215.0
48.042,332.0,524.0,397.0,216.0
48.048,338.0,537.0,415.0,215.0
48.054,348.0,548.0,427.0,218.0
48.061,357.0,560.0,439.0,223.0
48.067,368.0,569.0,451.0,229.0
48.074,378.0,581.0,472.0,235.0
48.080,388.0,592.0,497.0,241.0
48.087,402.0,601.0,523.0,246.0
48.093,414.0,611.0,545.0,255.0
48.099,431.0,620.0,563.0,266.0
48.105,443.0,629.0,579.0,278.0
48.113,457.0,636.0,594.0,292.0
48.119,475.0,641.0,609.0,305.0
48.125,488.0,649.0,622.0,318.0
48.131,506.0,655.0,635.0,333.0
48.138,522.0,659.0,646.0,347.0
48.144,539.0,665.0,653.0,368.0
48.150,557.0,667.0,662.0,389.0
48.157,574.0,670.0,675.0,408.0
48.163,590.0,673.0,686.0,431.0
48.170,608.0,675.0,696.0,457.0
48.176,623.0,675.0,705.0,482.0
48.182,638.0,676.0,711.0,509.0
48.188,652.0,676.0,718.0,534.0
48.195,670.0,676.0,722.0,560.0
48.202,686.0,675.0,725.0,582.0
48.208,695.0,673.0,728.0,605.0
48.214,706.0,670.0,731.0,626.0
48.221,718.0,667.0,733.0,646.0
48.227,729.0,664.0,733.0,667.0
48.233,739.0,659.0,732.0,686.0
48.240,748.0,654.0,731.0,706.0
48.247,754.0,649.0,729.0,725.0
48.253,764.0,644.0,726.0,743.0
48.259,768.0,636.0,723.0,760.0
48.265,776.0,630.0,721.0,772.0
48.272,781.0,623.0,718.0,783.0
48.278,785.0,615.0,712.0,795.0
48.285,789.0,607.0,705.0,806.0
48.291,792.0,599.0,695.0,816.0
48.298,794.0,589.0,680.0,826.0
48.304,793.0,580.0,666.0,833.0
48.310,797.0,571.0,655.0,836.0
48.316,798.0,562.0,647.0,837.0
48.323,797.0,550.0,638.0,838.0
48.330,796.0,540.0,627.0,839.0
48.336,796.0,528.0,610.0,839.0
48.342,794.0,518.0,588.0,841.0
48.349,791.0,506.0,570.0,842.0
48.355,788.0,495.0,555.0,841.0
48.361,783.0,484.0,540.0,840.0
48.368,780.0,473.0,524.0,839.0
48.374,775.0,462.0,505.0,837.0
48.381,768.0,450.0,486.0,835.0
48.387,761.0,439.0,470.0,832.0
48.393,755.0,429.0,453.0,825.0
48.399,748.0,418.0,435.0,816.0
48.406,739.0,408.0,417.0,808.0
48.413,725.0,397.0,399.0,797.0
48.419,715.0,387.0,384.0,782.0
48.425,704.0,378.0,368.0,767.0
48.432,691.0,368.0,353.0,749.0
48.438,677.0,359.0,339.0,732.0
48.444,663.0,351.0,327.0,712.0
48.450,646.0,343.0,316.0,692.0
48.458,629.0,335.0,306.0,668.0
48.464,614.0,328.0,296.0,645.0
48.470,596.0,321.0,289.0,621.0
48.476,576.0,316.0,281.0,597.0
48.483,557.0,310.0,275.0,571.0
48.489,541.0,306.0,269.0,543.0
48.496,522.0,302.0,263.0,515.0
48.502,501.0,298.0,259.0,487.0
48.509,481.0,295.0,256.0,458.0
48.515,467.0,293.0,254.0,432.0
48.521,446.0,292.0,251.0,406.0
48.527,428.0,291.0,251.0,383.0
48.534,411.0,289.0,251.0,360.0
48.541,396.0,289.0,252.0,340.0
48.547,377.0,289.0,253.0,320.0
48.553,362.0,290.0,255.0,303.0
48.560,351.0,292.0,258.0,286.0
48.566,334.0,294.0,261.0,268.0
48.572,322.0,297.0,267.0,254.0
48.578,310.0,300.0,272.0,241.0
48.585,302.0,305.0,281.0,229.0
48.592,291.0,308.0,290.0,219.0
48.598,282.0,313.0,300.0,211.0
48.604,273.0,320.0,308.0,207.0
48.610,266.0,326.0,320.0,205.0
48.617,259.0,333.0,332.0,202.0
48.624,253.0,341.0,345.0,201.0
48.630,248.0,348.0,359.0,200.0
48.636,243.0,358.0,367.0,200.0
48.643,239.0,367.0,384.0,199.0
48.649,237.0,377.0,403.0,198.0
48.655,235.0,389.0,420.0,198.0
48.661,233.0,399.0,438.0,198.0
48.669,232.0,411.0,463.0,199.0
48.675,230.0,423.0,482.0,201.0
48.681,230.0,436.0,503.0,203.0
48.687,230.0,448.0,527.0,204.0
48.694,231.0,461.0,546.0,207.0
48.700,232.0,475.0,563.0,213.0
48.706,235.0,490.0,579.0,221.0
48.713,238.0,503.0,594.0,230.0
48.720,241.0,516.0,609.0,240.0
48.726,243.0,531.0,623.0,251.0
48.732,248.0,546.0,638.0,264.0
48.738,255.0,560.0,651.0,280.0
48.745,260.0,574.0,666.0,297.0
48.752,266.0,590.0,679.0,317.0
48.758,274.0,604.0,691.0,338.0
48.764,285.0,618.0,701.0,360.0
48.770,293.0,630.0,711.0,381.0
48.777,301.0,642.0,719.0,404.0
48.783,313.0,655.0,726.0,428.0
48.789,327.0,668.0,733.0,451.0
48.796,339.0,679.0,738.0,477.0
48.803,351.0,689.0,742.0,502.0
48.809,365.0,699.0,746.0,529.0
48.815,379.0,707.0,750.0,556.0
48.821,391.0,715.0,753.0,582.0
48.828,409.0,721.0,756.0,605.0
48.834,428.0,729.0,758.0,628.0
48.841,441.0,734.0,759.0,651.0
48.847,450.0,738.0,761.0,669.0
48.854,469.0,744.0,760.0,688.0
48.860,486.0,747.0,757.0,706.0
48.866,504.0,750.0,753.0,722.0
48.872,514.0,752.0,749.0,737.0
48.880,531.0,754.0,744.0,751.0
48.886,548.0,756.0,736.0,764.0
48.892,560.0,756.0,730.0,776.0
48.898,575.0,756.0,723.0,787.0
48.905,588.0,756.0,713.0,796.0
48.911,599.0,754.0,702.0,804.0
48.917,612.0,753.0,682.0,812.0
48.924,623.0,750.0,662.0,818.0
48.931,635.0,747.0,642.0,822.0
48.937,644.0,741.0,628.0,823.0
48.943,655.0,738.0,614.0,826.0
48.949,664.0,733.0,600.0,827.0
48.956,673.0,724.0,585.0,827.0
48.962,681.0,718.0,572.0,827.0
48.969,686.0,711.0,563.0,823.0
48.975,691.0,701.0,548.0,820.0
48.981,696.0,692.0,529.0,818.0
48.988,703.0,682.0,512.0,814.0
48.994,705.0,671.0,493.0,809.0
49.000,708.0,658.0,464.0,808.0
49.006,712.0,645.0,437.0,805.0
49.014,715.0,632.0,418.0,797.0
49.020,716.0,618.0,402.0,791.0
49.026,717.0,604.0,387.0,784.0
49.032,718.0,589.0,375.0,772.0
49.039,718.0,574.0,357.0,763.0
49.045,717.0,560.0,347.0,747.0
49.052,717.0,543.0,341.0,724.0
49.058,714.0,529.0,332.0,702.0
49.065,712.0,516.0,318.0,682.0
49.071,709.0,500.0,304.0,662.0
49.077,707.0,485.0,292.0,643.0
49.083,703.0,471.0,281.0,625.0
49.090,700.0,456.0,270.0,613.0
49.097,694.0,443.0,257.0,606.0
49.103,688.0,427.0,252.0,587.0
49.109,684.0,415.0,247.0,568.0
49.116,678.0,401.0,242.0,547.0
49.122,670.0,389.0,238.0,525.0
49.128,664.0,375.0,235.0,502.0
49.134,657.0,363.0,233.0,476.0
49.142,648.0,353.0,232.0,450.0
49.148,638.0,341.0,232.0,423.0
49.154,628.0,329.0,230.0,406.0
49.160,620.0,318.0,230.0,388.0
49.167,611.0,309.0,230.0,367.0
49.173,600.0,300.0,231.0,354.0
49.180,590.0,291.0,230.0,342.0
49.186,577.0,284.0,231.0,331.0
49.192,569.0,276.0,232.0,318.0
49.199,557.0,271.0,236.0,305.0
49.205,546.0,266.0,239.0,293.0
49.211,531.0,261.0,243.0,283.0
49.217,520.0,255.0,248.0,270.0
49.225,509.0,251.0,253.0,262.0
49.231,497.0,247.0,259.0,253.0
49.237,485.0,244.0,267.0,245.0
49.243,473.0,241.0,275.0,238.0
49.250,461.0,240.0,285.0,232.0
49.256,449.0,237.0,294.0,227.0
49.262,437.0,236.0,305.0,224.0
49.269,428.0,236.0,318.0,221.0
49.276,418.0,236.0,329.0,220.0
49.282,409.0,236.0,343.0,218.0
49.288,398.0,237.0,358.0,216.0
49.294,386.0,238.0,376.0,215.0
49.301,377.0,239.0,392.0,215.0
49.308,369.0,242.0,410.0,215.0
49.314,362.0,245.0,424.0,217.0
49.320,352.0,248.0,438.0,220.0
49.327,344.0,251.0,449.0,224.0
49.333,338.0,255.0,466.0,229.0
49.339,332.0,259.0,488.0,235.0
49.345,326.0,265.0,508.0,241.0
49.353,320.0,272.0,529.0,248.0
49.359,316.0,279.0,546.0,258.0
49.365,311.0,288.0,565.0,268.0
49.371,306.0,294.0,579.0,278.0
49.377,303.0,304.0,595.0,290.0
49.384,300.0,313.0,608.0,303.0
49.390,297.0,325.0,620.0,317.0
49.397,293.0,333.0,632.0,330.0
49.403,294.0,345.0,642.0,344.0
49.410,292.0,357.0,652.0,363.0
49.416,291.0,368.0,664.0,383.0
49.422,291.0,380.0,675.0,404.0
49.428,293.0,391.0,684.0,427.0
49.436,292.0,402.0,695.0,451.0
49.442,294.0,415.0,703.0,475.0
49.448,296.0,426.0,709.0,500.0
49.454,298.0,440.0,715.0,524.0
49.461,302.0,451.0,720.0,548.0
49.467,304.0,465.0,724.0,570.0
49.473,308.0,476.0,726.0,593.0
49.480,312.0,486.0,729.0,614.0
49.487,318.0,499.0,730.0,635.0
49.493,324.0,511.0,731.0,657.0
49.499,331.0,522.0,732.0,679.0
49.505,337.0,535.0,732.0,700.0
49.512,345.0,545.0,732.0,717.0
49.518,355.0,557.0,729.0,736.0
49.525,365.0,566.0,727.0,754.0
49.531,375.0,575.0,722.0,769.0
49.538,387.0,587.0,716.0,785.0
49.544,397.0,597.0,710.0,797.0
49.550,407.0,607.0,702.0,808.0
49.556,425.0,615.0,693.0,817.0
49.563,438.0,624.0,682.0,825.0
49.570,453.0,633.0,672.0,831.0
49.576,466.0,639.0,661.0,835.0
49.582,484.0,645.0,650.0,837.0
49.588,499.0,652.0,637.0,838.0
49.595,515.0,657.0,624.0,840.0
49.601,529.0,663.0,610.0,841.0
49.608,549.0,666.0,594.0,841.0
49.614,563.0,669.0,579.0,841.0
49.621,582.0,672.0,561.0,841.0
49.627,599.0,675.0,543.0,840.0
49.633,619.0,676.0,523.0,840.0
49.639,633.0,676.0,504.0,838.0
49.646,646.0,676.0,487.0,835.0
49.653,666.0,675.0,470.0,830.0
49.659,679.0,675.0,453.0,825.0
49.665,691.0,673.0,434.0,818.0
49.672,701.0,671.0,418.0,809.0
49.678,714.0,667.0,402.0,798.0
49.684,727.0,665.0,387.0,785.0
49.691,735.0,660.0,371.0,771.0
49.698,745.0,655.0,357.0,756.0
49.704,756.0,650.0,345.0,738.0
49.710,763.0,645.0,332.0,721.0
49.716,769.0,635.0,322.0,701.0
49.723,776.0,630.0,311.0,680.0
49.729,780.0,622.0,301.0,658.0
49.736,785.0,613.0,293.0,633.0
49.742,790.0,606.0,284.0,607.0
49.749,792.0,596.0,277.0,578.0
49.755,793.0,587.0,269.0,549.0
49.761,795.0,576.0,264.0,519.0
49.767,796.0,566.0,259.0,490.0
49.773,798.0,558.0,257.0,460.0
49.781,796.0,546.0,253.0,433.0
49.787,796.0,535.0,252.0,407.0
49.793,795.0,524.0,251.0,383.0
49.799,792.0,514.0,252.0,360.0
49.806,789.0,503.0,251.0,340.0
49.812,787.0,492.0,253.0,321.0
49.819,782.0,481.0,255.0,302.0
49.825,778.0,469.0,259.0,287.0
49.832,773.0,458.0,260.0,272.0
49.838,767.0,448.0,265.0,257.0
49.844,759.0,436.0,271.0,242.0
49.850,752.0,426.0,282.0,227.0
49.857,744.0,415.0,287.0,220.0
49.864,734.0,406.0,296.0,215.0
49.870,724.0,395.0,304.0,209.0
49.876,713.0,385.0,316.0,205.0
49.883,701.0,375.0,329.0,202.0
49.889,687.0,366.0,345.0,200.0
49.895,674.0,358.0,354.0,200.0
49.901,662.0,350.0,367.0,199.0
49.909,646.0,342.0,384.0,199.0
49.915,627.0,334.0,403.0,198.0
49.921,613.0,327.0,419.0,199.0
49.927,594.0,321.0,436.0,200.0
49.934,575.0,315.0,463.0,199.0
49.940,558.0,310.0,485.0,201.0
49.947,544.0,307.0,509.0,201.0
49.953,525.0,303.0,528.0,204.0
49.959,503.0,298.0,547.0,207.0
49.966,485.0,295.0,562.0,213.0
49.972,469.0,293.0,578.0,221.0
49.978,447.0,291.0,596.0,230.0
49.984,430.0,290.0,610.0,241.0
49.992,413.0,289.0,625.0,252.0
49.998,398.0,289.0,639.0,266.0
50.004,380.0,289.0,653.0,282.0
50.010,366.0,290.0,667.0,299.0
50.017,354.0,292.0,681.0,319.0
50.023,336.0,295.0,691.0,340.0
50.029,324.0,296.0,702.0,360.0
50.036,312.0,300.0,711.0,382.0
50.043,302.0,303.0,719.0,404.0
50.049,292.0,309.0,725.0,427.0
50.055,282.0,313.0,731.0,449.0
50.061,275.0,319.0,737.0,473.0
50.068,266.0,327.0,740.0,501.0
50.075,259.0,334.0,745.0,529.0
50.081,253.0,341.0,750.0,555.0
50.087,249.0,349.0,754.0,581.0
50.094,243.0,359.0,758.0,605.0
50.100,239.0,369.0,758.0,630.0
50.106,237.0,379.0,758.0,656.0
50.112,234.0,391.0,759.0,676.0
50.120,232.0,401.0,759.0,693.0
50.126,230.0,413.0,758.0,710.0
50.132,230.0,425.0,755.0,725.0
50.138,230.0,438.0,752.0,739.0
50.145,231.0,451.0,744.0,753.0
50.151,231.0,465.0,737.0,765.0
50.157,233.0,477.0,730.0,775.0
50.164,234.0,493.0,724.0,786.0
50.170,238.0,507.0,714.0,795.0
50.177,241.0,521.0,704.0,803.0
50.183,246.0,536.0,686.0,811.0
50.189,249.0,550.0,668.0,817.0
50.195,257.0,565.0,650.0,820.0
50.203,263.0,579.0,634.0,824.0
50.209,268.0,593.0,619.0,825.0
50.215,277.0,609.0,602.0,826.0
50.221,288.0,621.0,589.0,826.0
50.228,296.0,635.0,585.0,824.0
50.234,304.0,646.0,579.0,821.0
50.240,316.0,658.0,558.0,818.0
50.247,329.0,669.0,537.0,816.0
50.254,339.0,680.0,517.0,812.0
50.260,353.0,690.0,496.0,808.0
50.266,368.0,699.0,468.0,806.0
50.272,380.0,707.0,438.0,803.0
50.279,389.0,714.0,415.0,796.0
50.285,408.0,721.0,399.0,789.0
50.292,427.0,729.0,384.0,782.0
50.298,440.0,733.0,371.0,772.0
50.305,452.0,739.0,356.0,762.0
50.311,472.0,742.0,346.0,745.0
50.317,488.0,747.0,336.0,727.0
50.323,500.0,749.0,322.0,709.0
50.331,510.0,752.0,309.0,692.0
50.337,525.0,754.0,300.0,671.0
50.343,545.0,755.0,289.0,650.0
50.349,558.0,757.0,277.0,636.0
50.355,569.0,756.0,265.0,627.0
50.362,582.0,756.0,259.0,608.0
50.368,598.0,755.0,252.0,588.0
50.375,611.0,754.0,247.0,569.0
50.381,620.0,751.0,243.0,550.0
50.388,636.0,748.0,241.0,529.0
50.394,643.0,743.0,238.0,507.0
50.400,654.0,739.0,236.0,486.0
50.406,663.0,733.0,233.0,460.0
50.413,673.0,726.0,230.0,437.0
50.420,680.0,719.0,229.0,414.0
50.426,684.0,710.0,229.0,389.0
50.432,690.0,702.0,229.0,370.0
50.439,695.0,692.0,228.0,355.0
50.445,703.0,681.0,229.0,342.0
50.451,706.0,669.0,230.0,330.0
50.458,707.0,658.0,232.0,317.0
50.465,711.0,645.0,235.0,304.0
50.471,712.0,632.0,240.0,290.0
50.477,715.0,618.0,245.0,278.0
50.483,716.0,605.0,251.0,268.0
50.490,716.0,590.0,256.0,259.0
50.496,717.0,574.0,263.0,249.0
50.503,714.0,560.0,271.0,241.0
50.509,715.0,544.0,280.0,234.0
50.516,713.0,531.0,290.0,229.0
50.522,712.0,514.0,299.0,224.0
50.528,708.0,501.0,311.0,222.0
50.534,706.0,485.0,323.0,220.0
50.541,703.0,470.0,338.0,218.0
50.548,698.0,454.0,349.0,218.0
50.554,694.0,441.0,365.0,217.0
50.560,687.0,427.0,385.0,216.0
50.566,682.0,414.0,399.0,216.0
50.573,677.0,401.0,418.0,216.0
50.579,669.0,389.0,431.0,220.0
50.586,663.0,375.0,442.0,225.0
50.592,655.0,365.0,460.0,230.0
50.599,649.0,351.0,481.0,236.0
50.605,638.0,340.0,499.0,244.0
50.611,630.0,329.0,523.0,250.0
50.617,622.0,319.0,546.0,257.0
50.624,613.0,312.0,565.0,267.0
50.631,603.0,302.0,579.0,277.0
50.637,593.0,294.0,593.0,290.0
50.643,582.0,286.0,605.0,304.0
50.650,571.0,279.0,619.0,317.0
50.656,561.0,272.0,633.0,328.0
50.662,548.0,267.0,642.0,345.0
50.668,536.0,261.0,654.0,365.0
50.676,524.0,257.0,667.0,384.0
50.682,515.0,252.0,677.0,407.0
50.688,504.0,248.0,687.0,429.0
50.694,491.0,245.0,695.0,452.0
50.701,478.0,243.0,703.0,475.0
50.707,467.0,240.0,709.0,499.0
50.714,456.0,239.0,713.0,521.0
50.720,442.0,237.0,719.0,543.0
50.727,431.0,236.0,723.0,565.0
50.733,423.0,236.0,726.0,587.0
50.739,411.0,236.0,728.0,609.0
50.745,400.0,237.0,730.0,631.0
50.752,388.0,236.0,731.0,652.0
50.759,380.0,239.0,732.0,675.0
50.765,371.0,242.0,732.0,695.0
50.771,362.0,244.0,731.0,714.0
50.777,354.0,247.0,730.0,732.0
50.784,346.0,251.0,728.0,748.0
50.790,338.0,255.0,724.0,764.0
50.796,331.0,261.0,719.0,778.0
50.803,326.0,267.0,711.0,791.0
50.810,320.0,274.0,705.0,802.0
50.816,312.0,280.0,697.0,813.0
50.822,308.0,290.0,686.0,822.0
50.828,304.0,298.0,676.0,829.0
50.835,302.0,307.0,666.0,834.0
50.842,299.0,316.0,656.0,836.0
50.848,296.0,327.0,645.0,837.0
50.854,293.0,338.0,633.0,839.0
50.861,292.0,350.0,619.0,840.0
50.867,292.0,361.0,603.0,841.0
50.873,292.0,373.0,588.0,841.0
50.879,292.0,384.0,572.0,842.0
50.887,292.0,397.0,556.0,841.0
50.893,295.0,408.0,539.0,840.0
50.899,296.0,422.0,521.0,839.0
50.905,298.0,433.0,503.0,838.0
50.912,302.0,445.0,486.0,833.0
50.918,305.0,460.0,468.0,831.0
50.924,309.0,472.0,451.0,824.0
50.931,312.0,484.0,431.0,816.0
50.938,318.0,495.0,414.0,803.0
50.944,322.0,509.0,395.0,793.0
50.950,330.0,520.0,379.0,778.0
50.956,337.0,532.0,363.0,762.0
50.962,345.0,544.0,349.0,744.0
50.970,354.0,555.0,335.0,724.0
50.976,363.0,567.0,323.0,704.0
50.982,374.0,576.0,312.0,682.0
50.988,386.0,587.0,303.0,660.0
50.995,396.0,597.0,294.0,635.0
51.001,408.0,605.0,286.0,611.0
51.007,420.0,615.0,279.0,588.0
51.014,436.0,624.0,273.0,563.0
51.021,449.0,630.0,268.0,538.0
51.027,461.0,637.0,263.0,513.0
51.033,477.0,644.0,259.0,488.0
51.039,491.0,650.0,256.0,462.0
51.046,508.0,655.0,254.0,436.0
51.052,523.0,659.0,252.0,410.0
51.059,543.0,664.0,251.0,386.0
51.065,560.0,668.0,250.0,364.0
51.072,577.0,672.0,251.0,343.0
51.078,591.0,673.0,253.0,325.0
51.084,612.0,675.0,254.0,304.0
51.090,624.0,676.0,259.0,284.0
51.098,637.0,677.0,263.0,266.0
51.104,658.0,677.0,268.0,253.0
51.110,672.0,675.0,273.0,240.0
51.116,685.0,675.0,282.0,228.0
51.123,695.0,673.0,290.0,218.0
51.129,706.0,670.0,301.0,210.0
51.135,721.0,667.0,312.0,205.0
51.142,729.0,663.0,322.0,203.0
51.149,738.0,657.0,331.0,202.0
51.155,749.0,654.0,343.0,202.0
51.161,757.0,649.0,358.0,201.0
51.167,764.0,641.0,374.0,199.0
51.173,772.0,635.0,392.0,198.0
51.180,777.0,628.0,407.0,198.0
51.187,782.0,619.0,419.0,199.0
51.193,785.0,610.0,435.0,199.0
51.199,790.0,602.0,461.0,200.0
51.206,793.0,594.0,485.0,200.0
51.212,794.0,583.0,506.0,203.0
51.218,795.0,573.0,527.0,204.0
51.224,797.0,563.0,546.0,207.0
51.232,797.0,553.0,563.0,213.0
51.238,796.0,540.0,578.0,221.0
51.244,794.0,529.0,591.0,230.0
51.250,792.0,519.0,603.0,243.0
51.257,791.0,507.0,620.0,257.0
51.263,788.0,495.0,638.0,272.0
51.270,784.0,484.0,656.0,289.0
51.276,779.0,473.0,669.0,310.0
51.283,774.0,461.0,685.0,328.0
51.289,768.0,450.0,696.0,352.0
51.295,760.0,438.0,707.0,373.0
51.301,753.0,428.0,716.0,397.0
51.308,746.0,418.0,724.0,422.0
51.315,736.0,407.0,730.0,444.0
51.321,724.0,396.0,736.0,466.0
51.327,715.0,387.0,742.0,488.0
51.334,703.0,377.0,744.0,512.0
51.340,689.0,367.0,749.0,535.0
51.346,676.0,359.0,751.0,561.0
51.352,665.0,352.0,754.0,587.0
51.359,651.0,344.0,757.0,610.0
51.366,632.0,336.0,760.0,633.0
51.372,617.0,330.0,761.0,653.0
51.378,603.0,324.0,760.0,675.0
51.384,583.0,318.0,757.0,695.0
51.391,567.0,313.0,753.0,714.0
51.398,551.0,309.0,752.0,727.0
51.404,533.0,304.0,750.0,739.0
51.410,515.0,301.0,746.0,753.0
51.417,496.0,297.0,735.0,767.0
51.423,480.0,296.0,726.0,780.0
51.429,462.0,292.0,721.0,788.0
51.435,442.0,291.0,712.0,796.0
51.443,426.0,290.0,703.0,803.0
51.449,411.0,289.0,685.0,809.0
51.455,396.0,289.0,664.0,817.0
51.461,380.0,289.0,644.0,822.0
51.468,365.0,291.0,632.0,823.0
51.474,352.0,292.0,615.0,825.0
51.480,334.0,294.0,605.0,826.0
51.487,323.0,297.0,593.0,825.0
51.494,313.0,300.0,581.0,824.0
51.500,303.0,303.0,574.0,821.0
51.506,292.0,308.0,555.0,819.0
51.512,282.0,314.0,536.0,817.0
51.519,274.0,319.0,516.0,813.0
51.526,267.0,325.0,497.0,808.0
51.532,259.0,333.0,476.0,803.0
51.538,253.0,340.0,450.0,800.0
51.545,248.0,350.0,424.0,797.0
51.551,243.0,358.0,401.0,791.0
51.557,239.0,369.0,385.0,783.0
51.563,236.0,379.0,375.0,768.0
51.570,234.0,392.0,360.0,758.0
51.577,232.0,403.0,354.0,742.0
51.583,231.0,414.0,350.0,717.0
51.589,231.0,427.0,335.0,701.0
51.595,230.0,441.0,318.0,685.0
51.602,231.0,456.0,306.0,663.0
51.608,232.0,468.0,294.0,644.0
51.615,234.0,482.0,282.0,628.0
51.621,236.0,497.0,268.0,620.0
51.628,238.0,513.0,259.0,608.0
51.634,242.0,526.0,252.0,590.0
51.640,247.0,541.0,247.0,570.0
51.646,253.0,556.0,243.0,549.0
51.654,258.0,570.0,241.0,528.0
51.660,264.0,584.0,237.0,507.0
51.666,270.0,599.0,233.0,486.0
51.672,281.0,612.0,231.0,461.0
51.679,291.0,626.0,229.0,437.0
51.685,297.0,637.0,227.0,416.0
51.691,304.0,650.0,228.0,395.0
51.698,318.0,662.0,228.0,376.0
51.705,334.0,672.0,229.0,359.0
51.711,344.0,682.0,229.0,346.0
51.717,352.0,693.0,230.0,332.0
51.723,370.0,703.0,232.0,319.0
51.730,386.0,710.0,235.0,305.0
51.736,395.0,717.0,239.0,293.0
51.743,414.0,724.0,243.0,281.0
51.749,430.0,731.0,251.0,269.0
51.755,442.0,735.0,254.0,260.0
51.762,456.0,740.0,261.0,251.0
51.768,476.0,744.0,270.0,242.0
51.774,489.0,746.0,280.0,235.0
51.781,502.0,750.0,289.0,230.0
51.788,511.0,752.0,301.0,226.0
51.794,528.0,754.0,313.0,221.0
51.800,547.0,755.0,330.0,218.0
51.806,558.0,756.0,343.0,216.0
51.813,572.0,756.0,357.0,216.0
51.819,585.0,756.0,368.0,216.0
51.826,596.0,755.0,379.0,215.0
51.832,609.0,753.0,397.0,215.0
51.839,620.0,751.0,413.0,217.0
51.845,633.0,749.0,427.0,221.0
51.851,644.0,745.0,442.0,226.0
51.857,652.0,740.0,462.0,233.0
51.864,660.0,734.0,478.0,240.0
51.871,670.0,728.0,501.0,246.0
51.877,680.0,721.0,525.0,252.0
51.883,684.0,713.0,547.0,259.0
51.890,690.0,703.0,565.0,268.0
51.896,696.0,694.0,580.0,279.0
51.902,703.0,684.0,594.0,291.0
51.909,705.0,671.0,606.0,303.0
51.916,709.0,661.0,619.0,318.0
51.922,712.0,646.0,633.0,332.0
51.928,714.0,633.0,646.0,350.0
51.934,715.0,619.0,656.0,372.0
51.941,717.0,604.0,670.0,392.0
51.947,717.0,589.0,682.0,416.0
51.954,717.0,572.0,691.0,439.0
51.960,716.0,559.0,700.0,465.0
51.966,714.0,542.0,705.0,490.0
51.973,714.0,527.0,712.0,513.0
51.979,711.0,512.0,717.0,537.0
51.985,707.0,497.0,722.0,560.0
51.991,703.0,481.0,725.0,582.0
51.999,701.0,465.0,728.0,604.0
52.005,697.0,450.0,730.0,625.0
52.011,690.0,436.0,732.0,647.0
52.017,685.0,422.0,730.0,669.0
52.024,678.0,410.0,732.0,691.0
52.030,673.0,395.0,731.0,710.0
52.037,666.0,382.0,731.0,726.0
52.043,658.0,370.0,729.0,743.0
52.050,651.0,357.0,726.0,759.0
52.056,641.0,348.0,722.0,774.0
52.062,633.0,334.0,716.0,786.0
52.068,623.0,323.0,709.0,799.0
52.075,615.0,314.0,700.0,809.0
52.082,606.0,306.0,690.0,820.0
52.088,595.0,295.0,678.0,828.0
52.094,583.0,287.0,668.0,832.0
52.101,572.0,279.0,658.0,835.0
52.107,563.0,274.0,648.0,835.0
52.113,551.0,267.0,637.0,839.0
52.119,540.0,261.0,622.0,840.0
52.127,525.0,257.0,608.0,840.0
52.133,516.0,253.0,591.0,840.0
52.139,505.0,249.0,575.0,841.0
52.145,495.0,246.0,558.0,841.0
52.152,484.0,243.0,542.0,840.0
52.158,472.0,241.0,524.0,840.0
52.165,460.0,239.0,507.0,838.0
52.171,448.0,238.0,490.0,836.0
52.177,439.0,238.0,474.0,831.0
52.184,431.0,236.0,457.0,827.0
52.190,420.0,236.0,442.0,820.0
52.196,409.0,237.0,423.0,811.0
52.202,399.0,237.0,406.0,801.0
52.210,389.0,238.0,389.0,787.0
52.216,382.0,240.0,373.0,772.0
52.222,371.0,242.0,358.0,756.0
52.228,363.0,245.0,344.0,738.0
52.235,353.0,247.0,332.0,719.0
52.241,348.0,250.0,320.0,698.0
52.247,340.0,255.0,310.0,677.0
52.254,331.0,259.0,300.0,653.0
52.261,324.0,264.0,292.0,631.0
52.267,320.0,272.0,284.0,607.0
52.273,315.0,278.0,278.0,583.0
52.279,310.0,287.0,272.0,557.0
52.286,304.0,294.0,266.0,531.0
52.293,303.0,304.0,263.0,503.0
52.299,300.0,314.0,258.0,475.0
52.305,296.0,324.0,255.0,447.0
52.312,293.0,335.0,253.0,421.0
52.318,292.0,348.0,251.0,398.0
52.324,291.0,361.0,251.0,375.0
52.330,291.0,372.0,251.0,352.0
52.338,292.0,383.0,252.0,332.0
52.344,292.0,396.0,253.0,313.0
52.350,293.0,411.0,256.0,296.0
52.356,295.0,422.0,259.0,278.0
52.362,297.0,435.0,264.0,263.0
52.369,301.0,447.0,269.0,249.0
52.375,304.0,461.0,274.0,237.0
52.382,308.0,474.0,283.0,226.0
52.388,313.0,486.0,291.0,217.0
52.395,319.0,497.0,300.0,211.0
52.401,325.0,510.0,310.0,206.0
52.407,331.0,523.0,322.0,204.0
52.413,340.0,534.0,334.0,202.0
52.421,351.0,545.0,346.0,201.0
52.427,360.0,557.0,357.0,199.0
52.433,370.0,568.0,372.0,199.0
52.439,381.0,579.0,394.0,198.0
52.446,392.0,590.0,413.0,199.0
52.452,404.0,600.0,432.0,198.0
52.458,415.0,610.0,450.0,199.0
52.465,430.0,619.0,469.0,200.0
52.472,442.0,629.0,488.0,201.0
52.478,458.0,635.0,510.0,202.0
52.484,471.0,641.0,531.0,204.0
52.490,484.0,648.0,548.0,207.0
52.497,504.0,653.0,565.0,213.0
52.503,520.0,658.0,578.0,221.0
52.510,533.0,663.0,590.0,233.0
52.516,552.0,666.0,604.0,247.0
52.523,567.0,669.0,620.0,263.0
52.529,585.0,672.0,636.0,280.0
52.535,599.0,674.0,654.0,296.0
52.541,619.0,676.0,672.0,313.0
52.549,631.0,676.0,687.0,330.0
52.555,642.0,676.0,697.0,353.0
52.561,663.0,676.0,708.0,375.0
52.567,678.0,675.0,717.0,399.0
52.573,689.0,673.0,724.0,421.0
52.580,701.0,672.0,731.0,444.0
52.586,714.0,669.0,736.0,467.0
52.593,723.0,666.0,741.0,490.0
52.599,732.0,661.0,744.0,513.0
52.606,743.0,657.0,747.0,540.0
52.612,752.0,652.0,751.0,566.0
52.618,760.0,647.0,754.0,591.0
52.624,765.0,640.0,758.0,616.0
52.631,774.0,634.0,760.0,639.0
52.638,779.0,627.0,761.0,662.0
52.644,783.0,619.0,759.0,682.0
52.650,787.0,610.0,756.0,702.0
52.657,791.0,603.0,754.0,720.0
52.663,793.0,593.0,753.0,732.0
52.669,795.0,583.0,750.0,745.0
52.675,796.0,572.0,744.0,759.0
52.683,797.0,564.0,733.0,773.0
52.689,798.0,554.0,719.0,784.0
52.695,796.0,542.0,713.0,792.0
52.701,795.0,533.0,709.0,799.0
52.708,794.0,520.0,697.0,806.0
52.714,790.0,510.0,686.0,812.0
52.721,787.0,498.0,663.0,818.0
52.727,785.0,487.0,639.0,823.0
52.734,780.0,475.0,621.0,825.0
52.740,776.0,464.0,608.0,826.0
52.746,769.0,454.0,595.0,827.0
52.752,763.0,441.0,584.0,826.0
52.759,754.0,431.0,576.0,823.0
52.766,748.0,420.0,569.0,820.0
52.772,739.0,410.0,546.0,818.0
52.778,727.0,399.0,523.0,816.0
52.785,718.0,389.0,498.0,814.0
52.791,706.0,379.0,480.0,809.0
52.797,692.0,369.0,453.0,804.0
52.803,679.0,360.0,423.0,800.0
52.810,665.0,353.0,406.0,794.0
52.817,652.0,344.0,390.0,785.0
52.823,635.0,336.0,376.0,775.0
52.829,618.0,330.0,363.0,763.0
52.835,601.0,324.0,353.0,748.0
52.842,581.0,317.0,351.0,722.0
52.849,565.0,312.0,339.0,704.0
52.855,548.0,307.0,321.0,688.0
52.861,531.0,304.0,310.0,668.0
52.868,511.0,300.0,301.0,646.0
52.874,491.0,296.0,292.0,627.0
52.880,474.0,294.0,279.0,611.0
52.886,457.0,292.0,266.0,603.0
52.894,437.0,290.0,257.0,591.0
52.900,421.0,289.0,250.0,577.0
52.906,407.0,289.0,245.0,557.0
52.912,390.0,289.0,241.0,539.0
52.919,374.0,290.0,239.0,514.0
52.925,361.0,291.0,235.0,494.0
52.931,351.0,292.0,233.0,468.0
52.938,334.0,293.0,233.0,441.0
52.945,323.0,296.0,230.0,422.0
52.951,312.0,300.0,230.0,406.0
52.957,302.0,303.0,229.0,386.0
52.963,293.0,308.0,229.0,369.0
52.970,284.0,312.0,230.0,354.0
52.977,275.0,318.0,229.0,341.0
52.983,268.0,325.0,231.0,327.0
52.989,262.0,330.0,233.0,313.0
52.995,257.0,338.0,238.0,299.0
53.002,250.0,344.0,242.0,285.0
53.008,246.0,353.0,247.0,273.0
53.014,241.0,362.0,250.0,265.0
53.021,238.0,372.0,256.0,256.0
53.028,236.0,382.0,263.0,249.0
53.034,233.0,393.0,271.0,242.0
53.040,231.0,404.0,280.0,236.0
53.046,229.0,415.0,291.0,230.0
53.053,230.0,427.0,304.0,224.0
53.059,230.0,441.0,316.0,220.0
53.066,231.0,453.0,328.0,219.0
53.072,231.0,466.0,336.0,218.0
53.079,233.0,481.0,345.0,220.0
53.085,235.0,496.0,361.0,218.0
53.091,240.0,511.0,383.0,216.0
53.097,242.0,526.0,402.0,215.0
53.105,247.0,542.0,419.0,217.0
53.111,253.0,557.0,433.0,219.0
53.117,260.0,572.0,446.0,223.0
53.123,266.0,587.0,460.0,230.0
53.130,274.0,602.0,484.0,236.0
53.136,285.0,616.0,505.0,243.0
53.142,294.0,629.0,529.0,249.0
53.149,299.0,642.0,551.0,257.0
53.156,309.0,653.0,569.0,268.0
53.162,324.0,667.0,583.0,282.0
53.168,336.0,677.0,597.0,295.0
53.174,348.0,688.0,611.0,308.0
53.181,362.0,698.0,625.0,321.0
53.187,373.0,707.0,637.0,334.0
53.194,389.0,714.0,647.0,351.0
53.200,404.0,721.0,654.0,372.0
53.206,421.0,728.0,665.0,393.0
53.213,433.0,734.0,679.0,412.0
53.219,449.0,736.0,689.0,438.0
53.225,462.0,742.0,698.0,465.0
53.232,481.0,746.0,705.0,489.0
53.239,499.0,750.0,713.0,514.0
53.245,507.0,750.0,718.0,538.0
53.251,525.0,754.0,722.0,563.0
53.257,540.0,756.0,725.0,585.0
53.264,558.0,756.0,729.0,607.0
53.270,570.0,756.0,730.0,627.0
53.277,582.0,756.0,732.0,647.0
53.283,595.0,755.0,732.0,667.0
53.290,608.0,754.0,731.0,690.0
53.296,617.0,751.0,729.0,712.0
53.302,630.0,748.0,727.0,731.0
53.308,642.0,745.0,727.0,746.0
53.315,649.0,741.0,726.0,759.0
53.322,659.0,735.0,722.0,774.0
53.328,669.0,728.0,717.0,785.0
53.334,675.0,723.0,709.0,799.0
53.341,682.0,715.0,699.0,811.0
53.347,687.0,707.0,686.0,822.0
53.353,694.0,697.0,675.0,830.0
53.360,700.0,687.0,666.0,833.0
53.367,704.0,676.0,658.0,835.0
53.373,709.0,664.0,649.0,837.0
53.379,711.0,653.0,636.0,839.0
53.385,713.0,640.0,620.0,840.0
53.392,716.0,626.0,604.0,841.0
53.398,716.0,613.0,587.0,840.0
53.405,718.0,598.0,573.0,841.0
53.411,717.0,583.0,559.0,841.0
53.417,717.0,568.0,543.0,840.0
53.424,715.0,553.0,524.0,839.0
53.430,714.0,538.0,505.0,838.0
53.436,713.0,523.0,488.0,835.0
53.442,710.0,508.0,471.0,830.0
53.450,707.0,492.0,455.0,826.0
53.456,704.0,476.0,437.0,819.0
53.462,700.0,462.0,418.0,809.0
53.468,696.0,447.0,400.0,798.0
53.475,690.0,431.0,384.0,783.0
53.481,684.0,417.0,370.0,768.0
53.488,678.0,403.0,354.0,751.0
53.494,670.0,391.0,341.0,733.0
53.501,664.0,375.0,328.0,713.0
53.507,656.0,364.0,317.0,692.0
53.513,648.0,352.0,306.0,670.0
53.519,638.0,338.0,298.0,646.0
53.526,628.0,327.0,289.0,624.0
53.533,621.0,317.0,283.0,599.0
53.539,611.0,309.0,276.0,574.0
53.545,600.0,299.0,269.0,547.0
53.552,590.0,290.0,264.0,519.0
53.558,577.0,282.0,259.0,490.0
53.564,567.0,275.0,256.0,463.0
53.570,555.0,271.0,255.0,435.0
53.578,544.0,265.0,252.0,411.0
53.584,529.0,261.0,251.0,388.0
53.590,518.0,254.0,251.0,366.0
53.596,506.0,251.0,252.0,345.0
53.602,496.0,248.0,252.0,326.0
53.609,483.0,245.0,254.0,306.0
53.616,473.0,242.0,257.0,289.0
53.622,462.0,240.0,260.0,272.0
53.628,448.0,238.0,265.0,257.0
53.635,435.0,236.0,272.0,244.0
53.641,427.0,236.0,279.0,231.0
53.647,417.0,235.0,286.0,221.0
53.653,407.0,236.0,295.0,214.0
53.661,395.0,237.0,304.0,208.0
53.667,383.0,238.0,315.0,206.0
53.673,376.0,240.0,326.0,203.0
53.679,369.0,243.0,338.0,202.0
53.686,360.0,244.0,352.0,199.0
53.692,351.0,247.0,362.0,200.0
53.698,343.0,252.0,378.0,199.0
53.705,337.0,256.0,398.0,198.0
53.712,330.0,260.0,414.0,198.0
53.718,325.0,267.0,434.0,199.0
53.724,319.0,273.0,453.0,199.0
53.730,314.0,280.0,472.0,201.0
53.737,309.0,287.0,492.0,201.0
53.744,306.0,295.0,515.0,202.0
53.750,302.0,303.0,533.0,205.0
53.756,300.0,312.0,550.0,208.0
53.763,297.0,322.0,565.0,214.0
53.769,294.0,332.0,580.0,222.0
53.775,293.0,343.0,595.0,232.0
53.781,293.0,353.0,609.0,242.0
53.789,292.0,365.0,626.0,254.0
53.795,291.0,378.0,641.0,270.0
53.801,292.0,390.0,657.0,285.0
53.807,293.0,402.0,671.0,304.0
53.813,293.0,415.0,683.0,324.0
53.820,296.0,427.0,694.0,345.0
53.826,297.0,440.0,704.0,366.0
53.833,301.0,452.0,711.0,388.0
53.839,304.0,465.0,721.0,410.0
53.846,308.0,478.0,728.0,432.0
53.852,313.0,488.0,734.0,455.0
53.858,319.0,502.0,737.0,480.0
53.864,326.0,514.0,741.0,507.0
53.872,332.0,525.0,746.0,534.0
53.878,339.0,539.0,750.0,561.0
53.884,350.0,549.0,753.0,587.0
53.890,357.0,562.0,757.0,611.0
53.897,370.0,572.0,759.0,634.0
53.903,381.0,582.0,760.0,656.0
53.909,392.0,594.0,761.0,675.0
53.916,405.0,604.0,760.0,695.0
53.923,418.0,613.0,757.0,711.0
53.929,435.0,622.0,754.0,726.0
53.935,449.0,630.0,751.0,740.0
53.941,463.0,637.0,746.0,753.0
53.948,478.0,644.0,735.0,766.0
53.954,494.0,651.0,727.0,779.0
53.961,512.0,656.0,719.0,789.0
53.967,528.0,661.0,712.0,796.0
53.974,545.0,665.0,704.0,804.0
53.980,561.0,669.0,684.0,811.0
53.986,580.0,672.0,666.0,817.0
53.992,595.0,673.0,639.0,823.0
54.000,613.0,675.0,625.0,825.0
54.006,628.0,676.0,612.0,826.0
54.012,642.0,677.0,600.0,826.0
54.018,658.0,677.0,585.0,827.0
54.024,674.0,675.0,567.0,827.0
54.031,688.0,674.0,561.0,823.0
54.037,696.0,672.0,547.0,820.0
54.044,710.0,669.0,529.0,817.0
54.050,723.0,666.0,508.0,815.0
54.057,732.0,663.0,483.0,812.0
54.063,740.0,658.0,456.0,808.0
54.069,749.0,653.0,431.0,804.0
54.075,759.0,648.0,414.0,797.0
54.082,765.0,641.0,398.0,789.0
54.089,770.0,634.0,383.0,779.0
54.095,777.0,630.0,368.0,771.0
54.101,782.0,621.0,354.0,759.0
54.108,785.0,613.0,346.0,740.0
54.114,789.0,606.0,340.0,717.0
54.120,792.0,595.0,329.0,693.0
54.126,793.0,586.0,312.0,677.0
54.134,796.0,578.0,300.0,656.0
54.140,797.0,569.0,289.0,635.0
54.146,798.0,559.0,277.0,620.0
54.152,797.0,547.0,264.0,612.0
54.159,796.0,538.0,256.0,602.0
54.165,795.0,527.0,251.0,581.0
54.172,792.0,516.0,247.0,560.0
54.178,791.0,505.0,245.0,535.0
54.185,788.0,494.0,243.0,512.0
54.191,784.0,483.0,238.0,491.0
54.197,778.0,472.0,234.0,469.0
54.203,774.0,461.0,231.0,442.0
54.210,767.0,449.0,230.0,416.0
54.217,761.0,439.0,230.0,393.0
54.223,755.0,430.0,231.0,379.0
54.229,747.0,419.0,231.0,362.0
54.236,738.0,408.0,231.0,349.0
54.242,727.0,398.0,231.0,336.0
54.248,716.0,389.0,231.0,325.0
54.254,705.0,378.0,234.0,311.0
54.261,692.0,369.0,237.0,298.0
54.268,679.0,361.0,242.0,285.0
54.274,667.0,352.0,246.0,276.0
54.280,650.0,345.0,249.0,267.0
54.286,634.0,337.0,257.0,257.0
54.293,618.0,330.0,265.0,248.0
54.300,604.0,324.0,273.0,239.0
54.306,583.0,318.0,281.0,234.0
54.312,566.0,313.0,290.0,229.0
54.319,549.0,309.0,302.0,225.0
54.325,531.0,304.0,312.0,222.0
54.331,512.0,300.0,327.0,219.0
54.337,494.0,296.0,340.0,217.0
54.345,475.0,295.0,353.0,218.0
54.351,457.0,292.0,369.0,215.0
54.357,439.0,291.0,387.0,215.0
54.363,420.0,290.0,402.0,216.0
54.370,406.0,290.0,420.0,218.0
54.376,389.0,289.0,434.0,219.0
54.382,373.0,289.0,446.0,224.0
54.389,358.0,291.0,465.0,228.0
54.396,346.0,293.0,487.0,234.0
54.402,330.0,295.0,505.0,243.0
54.408,319.0,298.0,527.0,247.0
54.414,309.0,301.0,548.0,256.0
54.421,300.0,305.0,564.0,267.0
54.428,289.0,309.0,579.0,278.0
54.434,279.0,314.0,595.0,290.0
54.440,273.0,320.0,607.0,303.0
54.446,265.0,327.0,621.0,316.0
54.453,257.0,335.0,632.0,330.0
54.459,252.0,342.0,643.0,346.0
54.465,247.0,351.0,653.0,365.0
54.472,243.0,360.0,666.0,384.0
54.479,237.0,370.0,678.0,407.0
54.485,236.0,380.0,687.0,431.0
54.491,234.0,392.0,697.0,456.0
54.497,231.0,402.0,704.0,480.0
54.504,231.0,413.0,710.0,505.0
54.510,229.0,425.0,716.0,529.0
54.517,230.0,439.0,721.0,553.0
54.523,231.0,452.0,725.0,575.0
54.530,232.0,464.0,728.0,597.0
54.536,232.0,478.0,730.0,619.0
54.542,235.0,492.0,732.0,639.0
54.548,238.0,505.0,732.0,661.0
54.556,241.0,520.0,730.0,683.0
54.562,245.0,534.0,730.0,704.0
54.568,250.0,548.0,730.0,723.0
54.574,256.0,563.0,727.0,741.0
54.581,262.0,577.0,724.0,759.0
54.587,268.0,592.0,722.0,771.0
54.593,276.0,607.0,718.0,784.0
54.600,288.0,620.0,712.0,796.0
54.607,296.0,633.0,705.0,806.0
54.613,303.0,646.0,695.0,817.0
54.619,316.0,658.0,681.0,826.0
54.625,331.0,670.0,667.0,833.0
54.631,342.0,680.0,655.0,836.0
54.638,353.0,691.0,646.0,838.0
54.645,369.0,700.0,635.0,838.0
54.651,383.0,709.0,624.0,839.0
54.657,394.0,715.0,607.0,839.0
54.664,414.0,724.0,588.0,841.0
54.670,430.0,730.0,570.0,841.0
54.676,444.0,736.0,554.0,841.0
54.683,455.0,740.0,538.0,840.0
54.690,477.0,743.0,520.0,837.0
54.696,492.0,748.0,501.0,837.0
54.702,504.0,750.0,481.0,835.0
54.708,517.0,753.0,464.0,830.0
54.715,534.0,753.0,448.0,823.0
54.721,551.0,755.0,430.0,815.0
54.728,562.0,756.0,413.0,805.0
54.734,577.0,756.0,397.0,795.0
54.741,590.0,755.0,382.0,782.0
54.747,602.0,753.0,367.0,766.0
54.753,614.0,752.0,353.0,750.0
54.759,626.0,750.0,340.0,733.0
54.766,636.0,746.0,328.0,715.0
54.773,647.0,742.0,318.0,695.0
54.779,657.0,737.0,308.0,674.0
54.785,664.0,731.0,299.0,651.0
54.792,674.0,724.0,291.0,628.0
54.798,680.0,718.0,283.0,603.0
54.804,686.0,708.0,276.0,574.0
54.811,693.0,699.0,269.0,545.0
54.818,698.0,689.0,263.0,516.0
54.824,704.0,679.0,259.0,488.0
54.830,707.0,667.0,256.0,459.0
54.836,711.0,654.0,255.0,432.0
54.843,714.0,641.0,252.0,406.0
54.849,715.0,630.0,251.0,383.0
54.856,716.0,613.0,251.0,360.0
54.862,717.0,601.0,251.0,340.0
54.868,718.0,587.0,253.0,321.0
54.875,718.0,571.0,254.0,303.0
54.881,717.0,559.0,257.0,288.0
54.887,716.0,541.0,261.0,269.0
54.893,715.0,527.0,267.0,255.0
54.901,711.0,513.0,271.0,242.0
54.907,709.0,499.0,279.0,231.0
54.913,706.0,483.0,287.0,221.0
54.919,702.0,468.0,296.0,213.0
54.926,698.0,453.0,306.0,208.0
54.932,693.0,439.0,317.0,204.0
54.939,687.0,425.0,328.0,203.0
54.945,680.0,412.0,342.0,201.0
54.952,675.0,399.0,353.0,200.0
54.958,668.0,385.0,366.0,199.0
54.964,662.0,372.0,384.0,198.0
54.970,654.0,359.0,403.0,198.0
54.977,644.0,351.0,418.0,199.0
54.984,635.0,338.0,434.0,199.0
54.990,624.0,326.0,458.0,200.0
54.996,618.0,316.0,476.0,201.0
55.003,607.0,308.0,503.0,203.0
55.009,597.0,297.0,523.0,203.0
55.015,587.0,288.0,541.0,206.0
55.021,575.0,281.0,557.0,211.0
55.029,564.0,274.0,572.0,218.0
55.035,551.0,269.0,587.0,227.0
55.041,541.0,262.0,602.0,237.0
55.047,527.0,258.0,620.0,247.0
55.053,515.0,254.0,635.0,261.0
55.060,503.0,249.0,650.0,278.0
55.067,492.0,245.0,665.0,297.0
55.073,480.0,242.0,677.0,314.0
55.079,468.0,241.0,690.0,335.0
55.086,455.0,239.0,699.0,356.0
55.092,445.0,238.0,708.0,378.0
55.098,433.0,236.0,717.0,399.0
55.104,425.0,236.0,724.0,420.0
55.112,415.0,237.0,730.0,443.0
55.118,406.0,236.0,736.0,464.0
55.124,393.0,237.0,739.0,487.0
55.130,384.0,239.0,741.0,514.0
55.137,375.0,241.0,745.0,540.0
55.143,366.0,244.0,748.0,565.0
55.149,356.0,246.0,752.0,589.0
55.156,348.0,249.0,753.0,615.0
55.163,340.0,253.0,759.0,635.0
55.169,333.0,258.0,761.0,658.0
55.175,328.0,265.0,761.0,679.0
55.181,322.0,270.0,758.0,699.0
55.188,317.0,278.0,755.0,717.0
55.195,311.0,285.0,752.0,732.0
55.201,308.0,293.0,748.0,744.0
55.207,303.0,302.0,743.0,757.0
55.214,301.0,310.0,737.0,767.0
55.220,298.0,320.0,728.0,778.0
55.226,295.0,329.0,722.0,787.0
55.232,292.0,340.0,713.0,796.0
55.240,292.0,352.0,701.0,804.0
55.246,291.0,364.0,686.0,811.0
55.252,291.0,376.0,666.0,817.0
55.258,291.0,386.0,649.0,821.0
55.264,292.0,399.0,631.0,823.0
55.271,293.0,411.0,612.0,826.0
55.277,294.0,423.0,600.0,825.0
55.284,298.0,435.0,588.0,826.0
55.290,302.0,446.0,579.0,824.0
55.297,304.0,460.0,577.0,821.0
55.303,308.0,471.0,559.0,819.0
55.309,313.0,483.0,538.0,817.0
55.315,318.0,495.0,518.0,814.0
55.323,322.0,507.0,498.0,809.0
55.329,329.0,519.0,469.0,806.0
55.335,335.0,531.0,438.0,804.0
55.341,343.0,543.0,416.0,798.0
55.348,352.0,552.0,400.0,790.0
55.354,361.0,564.0,386.0,782.0
55.360,370.0,574.0,373.0,771.0
55.367,383.0,584.0,355.0,762.0
55.374,393.0,595.0,343.0,747.0
55.380,406.0,604.0,333.0,730.0
55.386,417.0,613.0,322.0,712.0
55.392,433.0,623.0,309.0,695.0
55.399,448.0,630.0,300.0,672.0
55.405,461.0,636.0,291.0,651.0
55.412,477.0,643.0,279.0,637.0
55.418,491.0,650.0,267.0,630.0
55.425,509.0,655.0,260.0,611.0
55.431,525.0,659.0,253.0,591.0
55.437,541.0,664.0,248.0,572.0
55.443,557.0,668.0,244.0,550.0
55.450,576.0,671.0,239.0,530.0
55.457,592.0,673.0,236.0,507.0
55.463,611.0,675.0,232.0,483.0
55.469,625.0,676.0,230.0,456.0
55.475,638.0,677.0,229.0,432.0
55.482,657.0,677.0,229.0,407.0
55.488,674.0,676.0,231.0,386.0
55.495,686.0,674.0,229.0,369.0
55.501,695.0,671.0,229.0,356.0
55.508,710.0,670.0,229.0,342.0
55.514,721.0,667.0,231.0,329.0
55.520,731.0,662.0,233.0,316.0
55.526,740.0,657.0,236.0,301.0
55.533,750.0,653.0,240.0,289.0
55.540,758.0,647.0,245.0,277.0
55.546,765.0,642.0,250.0,267.0
55.552,770.0,633.0,257.0,257.0
55.559,777.0,627.0,264.0,247.0
55.565,782.0,620.0,271.0,240.0
55.571,785.0,611.0,281.0,234.0
55.578,791.0,604.0,291.0,227.0
55.585,793.0,594.0,302.0,225.0
55.591,794.0,584.0,313.0,222.0
55.597,796.0,575.0,324.0,220.0
55.603,796.0,565.0,339.0,218.0
55.610,797.0,555.0,351.0,217.0
55.616,797.0,544.0,373.0,216.0
55.623,796.0,533.0,390.0,215.0
55.629,794.0,523.0,403.0,218.0
55.636,792.0,512.0,421.0,218.0
55.642,788.0,501.0,436.0,221.0
55.648,785.0,490.0,449.0,225.0
55.654,782.0,480.0,466.0,232.0
55.660,778.0,468.0,487.0,238.0
55.668,773.0,457.0,505.0,247.0
55.674,766.0,445.0,527.0,254.0
55.680,758.0,435.0,550.0,261.0
55.686,752.0,425.0,570.0,270.0
55.693,742.0,414.0,585.0,281.0
55.699,733.0,403.0,599.0,294.0
55.706,724.0,394.0,611.0,308.0
55.712,712.0,384.0,624.0,322.0
55.719,698.0,375.0,636.0,336.0
55.725,688.0,365.0,647.0,352.0
55.731,674.0,358.0,658.0,372.0
55.737,662.0,350.0,671.0,392.0
55.744,645.0,342.0,681.0,415.0
55.751,627.0,335.0,691.0,440.0
55.757,613.0,327.0,699.0,463.0
55.763,594.0,321.0,707.0,488.0
55.770,575.0,315.0,712.0,513.0
55.776,557.0,311.0,718.0,537.0
55.782,542.0,306.0,722.0,560.0
55.788,525.0,303.0,726.0,582.0
55.796,503.0,298.0,728.0,604.0
55.802,485.0,296.0,729.0,626.0
55.808,468.0,293.0,731.0,646.0
55.814,448.0,292.0,732.0,668.0
55.821,431.0,290.0,732.0,689.0
55.827,413.0,290.0,730.0,711.0
55.834,395.0,290.0,729.0,728.0
55.840,379.0,289.0,728.0,745.0
55.846,363.0,290.0,726.0,760.0
55.853,351.0,292.0,722.0,774.0
55.859,333.0,295.0,717.0,785.0
55.865,321.0,297.0,710.0,798.0
55.871,310.0,299.0,700.0,810.0
55.879,302.0,304.0,688.0,820.0
55.885,291.0,309.0,676.0,829.0
55.891,279.0,315.0,665.0,832.0
55.897,272.0,320.0,656.0,835.0
55.904,266.0,328.0,646.0,837.0
55.910,258.0,334.0,636.0,838.0
55.916,253.0,343.0,620.0,838.0
55.923,247.0,351.0,602.0,841.0
55.930,242.0,361.0,584.0,841.0
55.936,239.0,371.0,568.0,842.0
55.942,236.0,380.0,552.0,841.0
55.948,234.0,393.0,536.0,840.0
55.955,232.0,405.0,517.0,839.0
55.962,230.0,417.0,498.0,837.0
55.968,230.0,429.0,481.0,835.0
55.974,230.0,443.0,465.0,830.0
55.981,230.0,456.0,447.0,823.0
55.987,231.0,469.0,428.0,815.0
55.993,235.0,483.0,409.0,803.0
55.999,236.0,498.0,392.0,790.0
56.007,239.0,512.0,375.0,775.0
56.013,243.0,527.0,359.0,758.0
56.019,246.0,542.0,345.0,740.0
56.025,253.0,557.0,332.0,719.0
56.032,260.0,571.0,319.0,697.0
56.038,264.0,585.0,308.0,675.0
56.044,271.0,600.0,299.0,652.0
56.051,282.0,613.0,290.0,628.0
56.057,294.0,625.0,285.0,604.0
56.064,297.0,640.0,277.0,579.0
56.070,308.0,651.0,272.0,555.0
56.076,323.0,663.0,267.0,530.0
56.082,334.0,674.0,262.0,505.0
56.090,345.0,684.0,258.0,480.0
56.096,359.0,693.0,255.0,454.0
56.102,373.0,703.0,253.0,429.0
56.108,386.0,711.0,251.0,404.0
56.115,397.0,718.0,251.0,380.0
56.121,418.0,723.0,251.0,358.0
56.127,432.0,730.0,252.0,339.0
56.134,445.0,736.0,252.0,319.0
56.141,460.0,741.0,255.0,297.0
56.147,476.0,745.0,261.0,278.0
56.153,494.0,748.0,264.0,263.0
56.159,503.0,750.0,268.0,250.0
56.166,519.0,753.0,276.0,236.0
56.172,539.0,755.0,283.0,225.0
56.179,554.0,756.0,296.0,214.0
56.185,565.0,756.0,303.0,209.0
56.192,580.0,757.0,312.0,207.0
56.198,595.0,756.0,322.0,204.0
56.204,605.0,754.0,335.0,201.0
56.210,615.0,752.0,345.0,200.0
56.218,627.0,749.0,361.0,200.0
56.224,639.0,745.0,376.0,199.0
56.230,648.0,741.0,393.0,198.0
56.236,657.0,735.0,407.0,198.0
56.242,669.0,729.0,420.0,199.0
56.249,677.0,723.0,441.0,200.0
56.255,683.0,715.0,463.0,200.0
56.262,688.0,707.0,488.0,201.0
56.268,694.0,695.0,510.0,203.0
56.275,700.0,685.0,530.0,204.0
56.281,705.0,674.0,548.0,207.0
56.287,708.0,661.0,564.0,214.0
56.293,710.0,650.0,579.0,222.0
56.300,713.0,636.0,594.0,231.0
56.307,714.0,623.0,607.0,244.0
56.313,715.0,610.0,623.0,256.0
56.319,717.0,593.0,636.0,273.0
56.326,717.0,579.0,653.0,289.0
56.332,716.0,565.0,670.0,308.0
56.338,714.0,549.0,685.0,327.0
56.344,712.0,535.0,696.0,350.0
56.352,712.0,518.0,707.0,374.0
56.358,709.0,505.0,716.0,397.0
56.364,707.0,488.0,724.0,422.0
56.370,704.0,473.0,730.0,446.0
56.377,699.0,459.0,737.0,470.0
56.383,696.0,444.0,742.0,492.0
56.390,689.0,431.0,746.0,515.0
56.396,684.0,417.0,750.0,536.0
56.403,678.0,404.0,752.0,560.0
56.409,671.0,392.0,752.0,585.0
56.415,665.0,378.0,755.0,609.0
56.421,656.0,366.0,758.0,630.0
56.428,650.0,353.0,760.0,652.0
56.435,640.0,342.0,760.0,672.0
56.441,632.0,330.0,759.0,692.0
56.447,623.0,321.0,756.0,711.0
56.453,615.0,312.0,752.0,727.0
56.460,606.0,304.0,750.0,740.0
56.466,595.0,296.0,745.0,753.0
56.472,585.0,288.0,737.0,767.0
56.479,576.0,280.0,726.0,779.0
56.486,564.0,276.0,719.0,788.0
56.492,551.0,270.0,715.0,796.0
56.498,539.0,262.0,704.0,803.0
56.504,527.0,257.0,688.0,810.0
56.511,516.0,253.0,668.0,816.0
56.518,504.0,249.0,649.0,820.0
56.524,494.0,246.0,634.0,823.0
56.530,481.0,243.0,621.0,823.0
56.537,469.0,240.0,612.0,825.0
56.543,456.0,238.0,600.0,825.0
56.549,445.0,237.0,585.0,825.0
56.555,434.0,237.0,578.0,822.0
56.563,425.0,236.0,560.0,820.0
56.569,416.0,236.0,541.0,818.0
56.575,404.0,236.0,522.0,814.0
56.581,390.0,238.0,503.0,810.0
56.588,382.0,239.0,483.0,805.0
56.594,374.0,240.0,460.0,800.0
56.600,365.0,244.0,434.0,796.0
56.607,355.0,247.0,410.0,792.0
56.614,347.0,250.0,393.0,784.0
56.620,340.0,255.0,378.0,776.0
56.626,332.0,259.0,366.0,764.0
56.632,327.0,265.0,357.0,748.0
56.639,320.0,272.0,351.0,726.0
56.646,316.0,278.0,339.0,708.0
56.652,310.0,286.0,325.0,691.0
56.658,305.0,294.0,312.0,672.0
56.664,302.0,304.0,300.0,653.0
56.671,300.0,315.0,288.0,637.0
56.677,297.0,324.0,277.0,624.0
56.683,294.0,336.0,265.0,617.0
56.690,292.0,347.0,257.0,604.0
56.697,291.0,358.0,251.0,582.0
56.703,292.0,369.0,245.0,562.0
56.709,292.0,380.0,241.0,541.0
56.715,292.0,391.0,238.0,520.0
56.722,294.0,403.0,235.0,500.0
56.728,295.0,416.0,232.0,478.0
56.735,297.0,427.0,230.0,454.0
56.741,299.0,441.0,228.0,432.0
56.748,303.0,452.0,227.0,412.0
56.754,305.0,466.0,228.0,391.0
56.760,310.0,477.0,228.0,371.0
56.766,315.0,488.0,229.0,357.0
56.774,320.0,501.0,229.0,343.0
56.780,326.0,512.0,232.0,329.0
56.786,332.0,525.0,233.0,316.0
56.792,339.0,535.0,236.0,303.0
56.799,347.0,548.0,240.0,292.0
56.805,356.0,559.0,245.0,280.0
56.811,367.0,569.0,250.0,269.0
56.818,377.0,579.0,256.0,259.0
56.825,388.0,588.0,263.0,249.0
56.831,399.0,598.0,272.0,241.0
56.837,409.0,607.0,281.0,235.0
56.843,424.0,614.0,291.0,228.0
56.849,437.0,624.0,303.0,225.0
56.856,453.0,631.0,316.0,221.0
56.863,464.0,638.0,332.0,219.0
56.869,480.0,645.0,347.0,215.0
56.875,495.0,650.0,360.0,215.0
56.882,510.0,656.0,373.0,216.0
56.888,526.0,661.0,387.0,216.0
56.894,544.0,665.0,404.0,216.0
56.901,558.0,668.0,420.0,218.0
56.908,575.0,671.0,436.0,220.0
56.914,590.0,673.0,446.0,226.0
56.920,608.0,675.0,462.0,233.0
56.926,623.0,676.0,481.0,240.0
56.933,637.0,676.0,506.0,246.0
56.939,656.0,676.0,528.0,254.0
56.946,671.0,676.0,553.0,262.0
56.952,682.0,675.0,573.0,270.0
56.959,694.0,672.0,589.0,283.0
56.965,707.0,670.0,601.0,297.0
56.971,720.0,668.0,615.0,312.0
56.977,728.0,663.0,628.0,326.0
56.984,738.0,658.0,640.0,340.0
56.991,749.0,653.0,652.0,356.0
56.997,757.0,648.0,658.0,380.0
57.003,763.0,642.0,670.0,401.0
57.010,771.0,635.0,684.0,421.0
57.016,778.0,629.0,694.0,447.0
57.022,781.0,621.0,702.0,472.0
57.029,784.0,612.0,709.0,498.0
57.036,789.0,603.0,715.0,524.0
57.042,793.0,595.0,720.0,549.0
57.048,794.0,584.0,724.0,574.0
57.054,796.0,575.0,728.0,597.0
57.060,797.0,565.0,730.0,618.0
57.067,796.0,555.0,730.0,639.0
57.074,797.0,543.0,733.0,660.0
57.080,796.0,532.0,733.0,679.0
57.086,794.0,521.0,732.0,697.0
57.093,792.0,510.0,731.0,717.0
57.099,789.0,498.0,728.0,736.0
57.105,785.0,487.0,725.0,752.0
57.111,781.0,475.0,722.0,766.0
57.119,776.0,464.0,720.0,778.0
57.125,770.0,453.0,715.0,789.0
57.131,761.0,441.0,708.0,800.0
57.137,754.0,430.0,702.0,810.0
57.144,749.0,420.0,690.0,819.0
57.150,739.0,410.0,677.0,828.0
57.157,726.0,399.0,664.0,834.0
57.163,717.0,389.0,654.0,836.0
57.170,706.0,380.0,647.0,837.0
57.176,694.0,370.0,637.0,838.0
57.182,680.0,362.0,621.0,840.0
57.188,668.0,353.0,598.0,841.0
57.195,652.0,344.0,577.0,842.0
57.202,634.0,337.0,560.0,841.0
57.208,620.0,331.0,545.0,841.0
57.214,604.0,324.0,529.0,839.0
57.221,585.0,318.0,510.0,838.0
57.227,566.0,312.0,489.0,836.0
57.233,549.0,308.0,472.0,831.0
57.239,536.0,305.0,455.0,826.0
57.247,518.0,301.0,438.0,820.0
57.253,497.0,297.0,422.0,811.0
57.259,481.0,295.0,405.0,801.0
57.265,463.0,293.0,391.0,789.0
57.271,444.0,292.0,376.0,775.0
57.278,429.0,290.0,362.0,760.0
57.285,413.0,289.0,349.0,744.0
57.291,396.0,289.0,335.0,726.0
57.297,379.0,290.0,323.0,706.0
57.304,365.0,290.0,313.0,684.0
57.310,354.0,291.0,303.0,662.0
57.316,335.0,294.0,294.0,638.0
57.322,323.0,296.0,286.0,611.0
57.330,312.0,300.0,277.0,584.0
57.336,301.0,303.0,271.0,555.0
57.342,293.0,308.0,265.0,525.0
57.348,281.0,314.0,260.0,496.0
57.355,273.0,319.0,257.0,467.0
57.361,267.0,326.0,253.0,440.0
57.367,259.0,334.0,252.0,414.0
57.374,253.0,342.0,251.0,391.0
57.381,248.0,351.0,251.0,367.0
57.387,242.0,359.0,252.0,347.0
57.393,238.0,370.0,252.0,327.0
57.399,236.0,381.0,254.0,309.0
57.406,234.0,393.0,257.0,290.0
57.413,231.0,404.0,260.0,274.0
57.419,230.0,415.0,264.0,260.0
57.425,230.0,429.0,271.0,247.0
57.432,230.0,443.0,278.0,234.0
57.438,231.0,456.0,285.0,223.0
57.444,231.0,469.0,293.0,216.0
57.450,234.0,485.0,303.0,211.0
57.458,236.0,499.0,314.0,206.0
57.464,240.0,514.0,326.0,203.0
57.470,243.0,528.0,338.0,201.0
57.476,248.0,544.0,348.0,201.0
57.482,254.0,558.0,360.0,200.0
57.489,260.0,572.0,377.0,199.0
57.495,265.0,587.0,398.0,197.0
57.502,273.0,601.0,413.0,198.0
57.508,283.0,616.0,429.0,199.0
57.515,293.0,629.0,451.0,200.0
57.521,299.0,642.0,473.0,202.0
57.527,310.0,653.0,498.0,201.0
57.533,324.0,666.0,520.0,203.0
57.541,338.0,677.0,538.0,206.0
57.547,349.0,687.0,555.0,211.0
57.553,362.0,697.0,571.0,217.0
57.559,378.0,705.0,588.0,225.0
57.566,388.0,712.0,600.0,236.0
57.572,399.0,720.0,615.0,248.0
57.578,420.0,727.0,629.0,262.0
57.585,434.0,732.0,642.0,282.0
57.592,446.0,736.0,657.0,300.0
57.598,461.0,742.0,676.0,316.0
57.604,480.0,745.0,690.0,336.0
57.610,494.0,749.0,699.0,359.0
57.617,503.0,750.0,710.0,383.0
57.623,520.0,753.0,719.0,406.0
57.630,536.0,755.0,727.0,430.0
57.636,551.0,755.0,733.0,453.0
57.643,563.0,756.0,738.0,477.0
57.649,578.0,757.0,743.0,499.0
57.655,590.0,755.0,746.0,522.0
57.661,602.0,754.0,749.0,547.0
57.667,614.0,752.0,751.0,574.0
57.675,626.0,750.0,754.0,598.0
57.681,638.0,747.0,756.0,623.0
57.687,648.0,741.0,759.0,642.0
57.693,655.0,737.0,760.0,665.0
57.700,663.0,732.0,759.0,686.0
57.706,674.0,726.0,758.0,704.0
57.713,682.0,717.0,753.0,721.0
57.719,686.0,709.0,748.0,738.0
57.726,692.0,697.0,745.0,750.0
57.732,700.0,689.0,741.0,762.0
57.738,704.0,679.0,732.0,774.0
57.744,708.0,664.0,721.0,785.0
57.751,710.0,654.0,712.0,794.0
57.758,712.0,640.0,703.0,801.0
57.764,714.0,626.0,692.0,808.0
57.770,716.0,612.0,678.0,814.0
57.777,718.0,596.0,656.0,819.0
57.783,718.0,582.0,631.0,824.0
57.789,717.0,567.0,617.0,826.0
57.795,717.0,551.0,603.0,826.0
57.803,715.0,536.0,589.0,827.0
57.809,713.0,521.0,576.0,827.0
57.815,711.0,506.0,571.0,823.0
57.821,707.0,491.0,565.0,820.0
57.828,704.0,476.0,543.0,817.0
57.834,699.0,461.0,522.0,815.0
57.841,693.0,448.0,501.0,808.0
57.847,687.0,432.0,477.0,806.0
57.854,682.0,417.0,450.0,803.0
57.860,676.0,402.0,422.0,799.0
57.866,668.0,390.0,404.0,792.0
57.872,662.0,374.0,391.0,784.0
57.879,653.0,363.0,378.0,773.0
57.886,646.0,349.0,363.0,761.0
57.892,637.0,338.0,352.0,746.0
57.898,629.0,326.0,348.0,721.0
57.904,620.0,318.0,337.0,704.0
57.911,611.0,308.0,322.0,688.0
57.917,603.0,299.0,312.0,668.0
57.923,591.0,292.0,304.0,645.0
57.930,578.0,284.0,293.0,627.0
57.937,569.0,277.0,279.0,614.0
57.943,557.0,272.0,266.0,605.0
57.949,547.0,266.0,258.0,592.0
57.955,534.0,260.0,250.0,578.0
57.962,522.0,256.0,244.0,559.0
57.969,511.0,252.0,240.0,540.0
57.975,500.0,248.0,238.0,518.0
57.981,491.0,245.0,235.0,497.0
57.988,478.0,242.0,233.0,473.0
57.994,467.0,241.0,233.0,447.0
58.000,456.0,239.0,231.0,426.0
58.006,445.0,237.0,230.0,410.0
58.014,435.0,237.0,229.0,391.0
58.020,426.0,237.0,229.0,374.0
58.026,416.0,237.0,229.0,359.0
58.032,407.0,236.0,229.0,347.0
58.039,395.0,237.0,232.0,333.0
58.045,385.0,238.0,232.0,320.0
58.051,377.0,240.0,234.0,305.0
58.058,369.0,244.0,239.0,294.0
58.065,361.0,245.0,244.0,282.0
58.071,352.0,247.0,249.0,270.0
58.077,345.0,252.0,253.0,263.0
58.083,337.0,255.0,258.0,255.0
58.089,330.0,261.0,265.0,247.0
58.097,323.0,265.0,274.0,239.0
58.103,320.0,273.0,284.0,233.0
58.109,314.0,280.0,294.0,228.0
58.115,308.0,288.0,305.0,225.0
58.122,304.0,295.0,320.0,220.0
58.128,303.0,304.0,332.0,219.0
58.134,300.0,314.0,348.0,217.0
58.141,295.0,325.0,361.0,216.0
58.148,293.0,335.0,378.0,215.0
58.154,292.0,347.0,393.0,216.0
58.160,291.0,359.0,410.0,215.0
58.166,291.0,372.0,422.0,218.0
58.173,291.0,383.0,433.0,221.0
58.179,292.0,396.0,444.0,228.0
58.186,293.0,408.0,463.0,232.0
58.192,296.0,421.0,490.0,238.0
58.199,296.0,434.0,515.0,244.0
58.205,302.0,444.0,535.0,253.0
58.211,304.0,460.0,557.0,261.0
58.217,310.0,471.0,574.0,272.0
58.225,312.0,484.0,588.0,285.0
58.231,318.0,496.0,602.0,299.0
58.237,323.0,510.0,615.0,312.0
58.243,331.0,522.0,628.0,325.0
58.250,339.0,534.0,639.0,340.0
58.256,348.0,546.0,649.0,356.0
58.262,357.0,557.0,657.0,379.0
58.269,368.0,567.0,669.0,398.0
58.276,377.0,577.0,681.0,418.0
58.282,389.0,586.0,691.0,443.0
58.288,399.0,598.0,700.0,468.0
58.294,411.0,608.0,707.0,493.0
58.300,426.0,617.0,714.0,519.0
58.307,439.0,626.0,719.0,543.0
58.314,454.0,633.0,723.0,566.0
58.320,468.0,639.0,726.0,589.0
58.326,482.0,646.0,728.0,611.0
58.333,498.0,652.0,730.0,631.0
58.339,516.0,657.0,732.0,650.0
58.345,529.0,661.0,731.0,673.0
58.352,546.0,666.0,732.0,696.0
58.359,562.0,669.0,730.0,717.0
58.365,582.0,671.0,730.0,732.0
58.371,594.0,674.0,728.0,749.0
58.377,614.0,675.0,725.0,763.0
58.384,629.0,676.0,720.0,779.0
58.390,639.0,677.0,711.0,792.0
58.397,658.0,676.0,705.0,804.0
58.403,674.0,674.0,694.0,815.0
58.410,686.0,674.0,682.0,825.0
58.416,695.0,672.0,671.0,831.0
58.422,709.0,669.0,662.0,835.0
58.428,721.0,667.0,654.0,836.0
58.435,729.0,663.0,641.0,838.0
58.442,740.0,658.0,628.0,839.0
58.448,749.0,654.0,612.0,840.0
58.454,757.0,648.0,596.0,842.0
58.461,764.0,641.0,581.0,841.0
58.467,770.0,635.0,568.0,841.0
58.473,777.0,630.0,553.0,841.0
58.480,782.0,622.0,536.0,840.0
58.486,786.0,613.0,518.0,839.0
58.493,790.0,604.0,498.0,837.0
58.499,793.0,597.0,481.0,834.0
58.505,794.0,587.0,464.0,829.0
58.511,796.0,577.0,447.0,823.0
58.518,797.0,567.0,428.0,814.0
58.525,797.0,558.0,410.0,803.0
58.531,797.0,547.0,393.0,791.0
58.537,796.0,535.0,376.0,776.0
58.544,795.0,524.0,361.0,759.0
58.550,793.0,512.0,347.0,741.0
58.556,790.0,501.0,334.0,723.0
58.562,784.0,490.0,322.0,703.0
58.570,781.0,478.0,311.0,681.0
58.576,777.0,466.0,302.0,658.0
58.582,770.0,455.0,293.0,635.0
58.588,763.0,443.0,286.0,610.0
58.595,756.0,432.0,279.0,586.0
58.601,750.0,422.0,273.0,560.0
58.608,742.0,412.0,267.0,531.0
58.614,731.0,401.0,261.0,504.0
58.621,719.0,391.0,257.0,475.0
58.627,707.0,381.0,254.0,445.0
58.633,694.0,371.0,253.0,418.0
58.639,681.0,362.0,251.0,392.0
58.646,668.0,353.0,250.0,369.0
58.653,654.0,346.0,251.0,348.0
58.659,635.0,336.0,253.0,326.0
58.665,619.0,331.0,255.0,308.0
58.671,603.0,324.0,256.0,292.0
58.678,584.0,319.0,259.0,278.0
58.684,566.0,312.0,264.0,262.0
58.690,547.0,307.0,271.0,247.0
58.697,530.0,304.0,277.0,233.0
58.704,511.0,301.0,285.0,224.0
58.710,489.0,296.0,291.0,217.0
58.716,473.0,294.0,301.0,211.0
58.722,456.0,292.0,313.0,205.0
58.729,435.0,290.0,326.0,202.0
58.736,418.0,289.0,340.0,201.0
58.742,406.0,289.0,350.0,200.0
58.748,388.0,289.0,364.0,199.0
58.755,371.0,289.0,376.0,198.0
58.761,359.0,291.0,395.0,198.0
58.767,347.0,293.0,411.0,198.0
58.773,330.0,294.0,431.0,199.0
58.781,320.0,297.0,452.0,198.0
58.787,310.0,301.0,470.0,200.0
58.793,300.0,304.0,495.0,201.0
58.799,290.0,309.0,515.0,203.0
58.806,281.0,313.0,535.0,205.0
58.812,274.0,319.0,553.0,208.0
58.818,266.0,326.0,569.0,215.0
58.825,259.0,333.0,583.0,224.0
58.832,254.0,340.0,597.0,233.0
58.838,249.0,348.0,611.0,246.0
58.844,244.0,357.0,628.0,257.0
58.850,240.0,366.0,642.0,272.0
58.856,237.0,375.0,658.0,289.0
58.864,235.0,387.0,671.0,308.0
58.870,233.0,397.0,686.0,327.0
58.876,230.0,410.0,696.0,348.0
58.882,230.0,422.0,706.0,371.0
58.889,229.0,434.0,714.0,392.0
58.895,230.0,448.0,722.0,415.0
58.901,231.0,462.0,730.0,438.0
58.908,232.0,475.0,735.0,461.0
58.915,235.0,491.0,738.0,489.0
58.921,238.0,505.0,743.0,515.0
58.927,243.0,519.0,747.0,541.0
58.933,244.0,535.0,752.0,568.0
58.940,250.0,550.0,756.0,592.0
58.946,256.0,565.0,756.0,618.0
58.953,263.0,580.0,757.0,641.0
58.959,269.0,596.0,760.0,662.0
58.966,280.0,609.0,760.0,680.0
58.972,289.0,623.0,759.0,700.0
58.978,295.0,636.0,755.0,716.0
58.984,306.0,649.0,753.0,731.0
58.992,320.0,662.0,749.0,744.0
58.998,333.0,673.0,743.0,758.0
59.004,343.0,683.0,730.0,772.0
59.010,356.0,694.0,725.0,783.0
59.017,370.0,703.0,718.0,792.0
59.023,384.0,710.0,708.0,799.0
59.029,398.0,718.0,695.0,807.0
59.036,416.0,725.0,677.0,813.0
59.043,428.0,731.0,655.0,819.0
59.049,445.0,736.0,633.0,823.0
59.055,456.0,740.0,620.0,825.0
59.061,474.0,745.0,607.0,826.0
59.067,492.0,748.0,593.0,828.0
59.074,504.0,751.0,576.0,827.0
59.081,518.0,753.0,567.0,825.0
59.087,535.0,755.0,556.0,822.0
59.093,552.0,755.0,541.0,819.0
59.100,563.0,756.0,526.0,815.0
59.106,577.0,756.0,506.0,813.0
59.112,590.0,755.0,484.0,810.0
59.118,603.0,754.0,457.0,804.0
59.126,613.0,752.0,428.0,803.0
59.132,623.0,750.0,412.0,796.0
59.138,637.0,747.0,397.0,787.0
59.144,646.0,741.0,381.0,779.0
59.151,656.0,737.0,367.0,770.0
59.157,663.0,732.0,354.0,755.0
59.164,673.0,726.0,344.0,739.0
59.170,680.0,719.0,338.0,715.0
59.177,685.0,711.0,327.0,693.0
59.183,691.0,703.0,312.0,675.0
59.189,697.0,693.0,300.0,655.0
59.195,703.0,683.0,289.0,634.0
59.202,705.0,672.0,276.0,619.0
59.209,707.0,659.0,263.0,611.0
59.215,710.0,647.0,255.0,599.0
59.221,714.0,634.0,250.0,580.0
59.228,716.0,619.0,245.0,561.0
59.234,718.0,606.0,241.0,539.0
59.240,718.0,591.0,240.0,512.0
59.246,718.0,575.0,235.0,494.0
59.253,717.0,562.0,233.0,469.0
59.260,716.0,545.0,234.0,438.0
59.266,715.0,531.0,231.0,418.0
59.272,712.0,517.0,230.0,402.0
59.278,710.0,501.0,229.0,380.0
59.285,707.0,486.0,230.0,360.0
59.292,703.0,472.0,230.0,349.0
59.298,700.0,457.0,231.0,336.0
59.304,694.0,442.0,231.0,325.0
59.311,688.0,427.0,234.0,312.0
59.317,682.0,414.0,237.0,299.0
59.323,676.0,400.0,242.0,286.0
59.329,669.0,387.0,245.0,275.0
59.337,662.0,373.0,251.0,267.0
59.343,655.0,361.0,256.0,257.0
59.349,645.0,352.0,263.0,248.0
59.355,636.0,338.0,272.0,240.0
59.362,625.0,327.0,281.0,234.0
59.368,618.0,316.0,290.0,229.0
59.374,609.0,308.0,301.0,224.0
59.381,598.0,298.0,311.0,222.0
59.388,588.0,289.0,326.0,219.0
59.394,575.0,281.0,339.0,218.0
59.400,566.0,274.0,353.0,217.0
59.406,553.0,270.0,367.0,216.0
59.413,543.0,264.0,384.0,215.0
59.420,527.0,259.0,399.0,216.0
59.426,516.0,254.0,416.0,216.0
59.432,504.0,250.0,430.0,218.0
59.438,495.0,246.0,444.0,222.0
59.445,483.0,244.0,461.0,227.0
59.451,471.0,241.0,482.0,232.0
59.457,460.0,239.0,502.0,239.0
59.464,447.0,238.0,521.0,246.0
59.471,436.0,238.0,539.0,256.0
59.477,427.0,236.0,558.0,264.0
59.483,419.0,237.0,574.0,275.0
59.489,407.0,236.0,589.0,284.0
59.496,396.0,237.0,602.0,298.0
59.502,384.0,238.0,614.0,310.0
59.509,376.0,240.0,626.0,323.0
59.515,369.0,242.0,637.0,337.0
59.522,361.0,245.0,648.0,355.0
59.528,350.0,248.0,661.0,375.0
59.534,343.0,252.0,672.0,396.0
59.540,337.0,256.0,683.0,419.0
59.548,332.0,260.0,691.0,443.0
59.554,326.0,266.0,700.0,466.0
59.560,320.0,272.0,706.0,489.0
59.566,316.0,279.0,713.0,513.0
59.573,310.0,287.0,717.0,536.0
59.579,306.0,293.0,722.0,558.0
59.585,304.0,303.0,726.0,580.0
59.592,301.0,312.0,728.0,602.0
59.599,297.0,323.0,729.0,626.0
59.605,294.0,332.0,731.0,647.0
59.611,293.0,344.0,732.0,669.0
59.617,292.0,355.0,732.0,689.0
59.624,291.0,366.0,732.0,709.0
59.630,291.0,378.0,730.0,728.0
59.637,291.0,388.0,728.0,745.0
59.643,292.0,401.0,725.0,761.0
59.649,293.0,414.0,721.0,775.0
59.656,295.0,425.0,715.0,788.0
59.662,297.0,440.0,708.0,800.0
59.668,301.0,450.0,700.0,810.0
59.675,305.0,464.0,690.0,820.0
59.682,307.0,477.0,678.0,828.0
59.688,314.0,486.0,667.0,833.0
59.694,319.0,500.0,657.0,836.0
59.700,326.0,514.0,647.0,837.0
59.707,332.0,525.0,635.0,839.0
59.713,338.0,539.0,622.0,838.0
59.720,349.0,549.0,605.0,841.0
59.726,358.0,561.0,588.0,841.0
59.733,370.0,571.0,572.0,841.0
59.739,381.0,582.0,556.0,839.0
59.745,391.0,594.0,538.0,840.0
59.751,404.0,603.0,519.0,839.0
59.758,418.0,613.0,501.0,838.0
59.765,434.0,621.0,484.0,834.0
59.771,449.0,629.0,466.0,830.0
59.777,463.0,637.0,449.0,824.0
59.784,478.0,644.0,431.0,816.0
59.790,493.0,651.0,414.0,806.0
59.796,510.0,655.0,397.0,793.0
59.803,527.0,661.0,381.0,780.0
59.810,544.0,665.0,366.0,765.0
59.816,560.0,669.0,352.0,749.0
59.822,579.0,671.0,339.0,731.0
59.828,594.0,673.0,326.0,711.0
59.834,613.0,674.0,316.0,691.0
59.841,628.0,676.0,306.0,669.0
59.848,642.0,676.0,298.0,646.0
59.854,658.0,677.0,289.0,623.0
59.860,673.0,675.0,282.0,598.0
59.867,688.0,674.0,275.0,572.0
59.873,697.0,672.0,269.0,545.0
59.879,708.0,669.0,264.0,518.0
59.885,723.0,667.0,259.0,487.0
59.893,732.0,663.0,256.0,459.0
59.899,738.0,657.0,253.0,432.0
59.905,750.0,653.0,252.0,407.0
59.911,759.0,647.0,251.0,382.0
59.918,765.0,641.0,251.0,360.0
59.924,770.0,634.0,252.0,339.0
59.931,777.0,628.0,253.0,320.0
59.937,782.0,620.0,255.0,301.0
59.944,786.0,612.0,258.0,284.0
59.950,790.0,605.0,262.0,268.0
59.956,792.0,595.0,267.0,254.0
59.962,794.0,585.0,273.0,240.0
59.969,795.0,576.0,282.0,228.0
59.976,796.0,566.0,289.0,220.0
59.982,798.0,557.0,297.0,213.0
59.988,797.0,546.0,306.0,207.0
59.995,796.0,536.0,317.0,206.0
60.001,794.0,524.0,327.0,203.0
60.007,792.0,514.0,340.0,201.0
60.013,789.0,502.0,354.0,200.0
60.020,787.0,492.0,372.0,199.0
60.027,782.0,480.0,389.0,198.0
60.033,779.0,469.0,408.0,198.0
60.039,772.0,457.0,424.0,198.0
60.045,765.0,447.0,439.0,201.0
60.052,758.0,435.0,464.0,199.0
60.059,752.0,425.0,489.0,200.0
60.065,743.0,414.0,510.0,201.0
60.071,732.0,404.0,527.0,205.0
60.078,721.0,393.0,545.0,207.0
60.084,712.0,383.0,561.0,213.0
60.090,697.0,373.0,574.0,220.0
60.096,685.0,364.0,590.0,230.0
60.104,671.0,356.0,610.0,240.0
60.110,658.0,347.0,626.0,254.0
60.116,640.0,340.0,643.0,269.0
60.122,623.0,332.0,656.0,286.0
60.129,607.0,326.0,670.0,304.0
60.135,587.0,319.0,681.0,323.0
60.141,569.0,313.0,693.0,343.0
60.148,551.0,308.0,703.0,363.0
60.155,537.0,305.0,712.0,384.0
60.161,516.0,301.0,719.0,406.0
60.167,496.0,298.0,726.0,429.0
60.173,479.0,294.0,732.0,451.0
60.180,461.0,292.0,738.0,477.0
60.187,441.0,291.0,740.0,506.0
60.193,423.0,291.0,746.0,534.0
60.199,408.0,289.0,752.0,560.0
60.206,392.0,289.0,756.0,586.0
60.212,374.0,290.0,758.0,612.0
60.218,360.0,291.0,759.0,634.0
60.224,348.0,292.0,757.0,660.0
60.231,332.0,294.0,757.0,679.0
60.238,321.0,297.0,759.0,696.0
60.244,309.0,301.0,757.0,712.0
60.250,299.0,305.0,755.0,728.0
60.256,289.0,309.0,751.0,741.0
60.263,279.0,314.0,745.0,754.0
60.269,272.0,320.0,736.0,767.0
60.276,265.0,327.0,728.0,777.0
60.282,257.0,334.0,723.0,786.0
60.289,252.0,342.0,714.0,795.0
60.295,248.0,350.0,703.0,804.0
60.301,244.0,360.0,683.0,812.0
60.307,238.0,370.0,668.0,816.0
60.315,237.0,379.0,651.0,821.0
60.321,234.0,391.0,633.0,823.0
60.327,232.0,401.0,617.0,826.0
60.333,230.0,413.0,601.0,826.0
60.340,230.0,425.0,588.0,825.0
60.346,230.0,437.0,582.0,824.0
60.352,231.0,449.0,577.0,821.0
60.359,231.0,463.0,558.0,819.0
60.366,232.0,477.0,536.0,815.0
60.372,235.0,491.0,516.0,814.0
60.378,238.0,504.0,495.0,809.0
60.384,241.0,518.0,466.0,805.0
60.391,245.0,533.0,437.0,803.0
60.397,250.0,548.0,413.0,796.0
60.404,256.0,561.0,399.0,789.0
60.410,263.0,575.0,383.0,782.0
60.416,267.0,592.0,371.0,771.0
60.423,276.0,605.0,355.0,760.0
60.429,286.0,619.0,345.0,747.0
60.435,296.0,631.0,337.0,726.0
60.442,302.0,644.0,326.0,706.0
60.449,314.0,656.0,310.0,690.0
60.455,329.0,668.0,299.0,670.0
60.461,341.0,679.0,288.0,649.0
60.467,352.0,689.0,276.0,633.0
60.474,366.0,699.0,264.0,624.0
60.480,380.0,707.0,258.0,605.0
60.487,391.0,715.0,252.0,586.0
60.493,409.0,723.0,247.0,566.0
60.500,427.0,729.0,243.0,547.0
60.506,441.0,734.0,240.0,524.0
60.512,451.0,739.0,237.0,503.0
60.518,472.0,743.0,234.0,481.0
60.525,486.0,747.0,232.0,455.0
60.532,503.0,750.0,231.0,432.0
60.538,512.0,752.0,229.0,408.0
60.544,527.0,753.0,229.0,383.0
60.551,545.0,755.0,229.0,368.0
60.557,557.0,756.0,230.0,353.0
60.563,568.0,756.0,229.0,341.0
60.570,581.0,753.0,230.0,328.0
60.577,597.0,754.0,233.0,316.0
60.583,611.0,753.0,236.0,302.0
60.589,622.0,750.0,241.0,289.0
60.595,634.0,747.0,247.0,277.0
60.602,642.0,743.0,250.0,267.0
60.608,653.0,739.0,258.0,257.0
60.615,661.0,733.0,264.0,247.0
60.621,672.0,726.0,272.0,240.0
60.627,678.0,720.0,280.0,233.0
60.634,684.0,712.0,290.0,228.0
60.640,689.0,703.0,301.0,224.0
60.646,695.0,694.0,312.0,221.0
60.652,701.0,684.0,323.0,220.0
60.660,705.0,671.0,338.0,218.0
60.666,708.0,660.0,349.0,218.0
60.672,710.0,649.0,366.0,216.0
60.678,714.0,635.0,384.0,215.0
60.685,715.0,621.0,403.0,214.0
60.691,716.0,608.0,417.0,216.0
60.698,717.0,593.0,426.0,221.0
60.704,717.0,580.0,437.0,227.0
60.711,716.0,566.0,462.0,231.0
60.717,715.0,551.0,484.0,238.0
60.723,715.0,535.0,505.0,245.0
60.729,713.0,521.0,530.0,252.0
60.736,710.0,506.0,550.0,258.0
60.743,707.0,491.0,566.0,267.0
60.749,704.0,475.0,580.0,279.0
60.755,700.0,461.0,593.0,292.0
60.762,694.0,446.0,609.0,303.0
60.768,690.0,432.0,620.0,316.0
60.774,685.0,417.0,632.0,332.0
60.780,679.0,405.0,646.0,348.0
60.788,672.0,393.0,657.0,368.0
60.794,666.0,378.0,669.0,388.0
60.800,658.0,367.0,680.0,411.0
60.806,651.0,353.0,688.0,434.0
60.812,640.0,342.0,697.0,457.0
60.819,631.0,330.0,704.0,480.0
60.826,623.0,320.0,710.0,504.0
60.832,614.0,312.0,716.0,527.0
60.838,602.0,303.0,721.0,549.0
60.845,591.0,293.0,724.0,572.0
60.851,579.0,285.0,726.0,594.0
60.857,571.0,277.0,729.0,615.0
60.863,559.0,272.0,731.0,637.0
60.871,547.0,266.0,732.0,658.0
60.877,533.0,261.0,731.0,680.0
60.883,521.0,257.0,730.0,701.0
60.889,511.0,252.0,731.0,720.0
60.896,499.0,247.0,730.0,737.0
60.902,486.0,245.0,728.0,752.0
60.908,474.0,242.0,724.0,767.0
60.915,462.0,240.0,719.0,781.0
60.922,452.0,238.0,713.0,793.0
60.928,438.0,237.0,704.0,805.0
60.934,429.0,237.0,695.0,815.0
60.940,419.0,236.0,683.0,825.0
60.947,410.0,237.0,672.0,831.0
60.954,398.0,236.0,663.0,833.0
60.960,385.0,238.0,654.0,836.0
60.966,376.0,240.0,643.0,838.0
60.973,368.0,242.0,630.0,840.0
60.979,361.0,245.0,615.0,840.0
60.985,350.0,248.0,598.0,840.0
60.991,344.0,252.0,581.0,841.0
60.998,337.0,256.0,564.0,841.0
61.005,332.0,262.0,548.0,840.0
61.011,326.0,267.0,531.0,840.0
61.017,319.0,275.0,513.0,837.0
61.023,313.0,281.0,495.0,837.0
61.030,309.0,289.0,478.0,833.0
61.036,305.0,297.0,461.0,829.0
61.043,302.0,306.0,444.0,822.0
61.049,299.0,316.0,427.0,813.0
61.056,297.0,326.0,409.0,803.0
61.062,293.0,336.0,392.0,791.0
61.068,292.0,348.0,376.0,776.0
61.074,291.0,360.0,361.0,759.0
61.082,291.0,371.0,347.0,742.0
61.088,292.0,383.0,333.0,723.0
61.094,292.0,394.0,322.0,703.0
61.100,293.0,407.0,311.0,680.0
61.107,294.0,420.0,302.0,658.0
61.113,297.0,430.0,292.0,634.0
61.119,299.0,443.0,285.0,610.0
61.126,304.0,454.0,279.0,585.0
61.133,307.0,468.0,274.0,560.0
61.139,310.0,480.0,267.0,535.0
61.145,316.0,490.0,262.0,509.0
61.151,321.0,504.0,258.0,483.0
61.158,328.0,516.0,257.0,457.0
61.164,334.0,528.0,254.0,431.0
61.171,340.0,540.0,251.0,407.0
61.177,350.0,550.0,251.0,384.0
61.184,359.0,561.0,251.0,362.0
61.190,369.0,572.0,251.0,341.0
61.196,380.0,582.0,253.0,322.0
61.202,390.0,593.0,254.0,302.0
61.208,403.0,602.0,258.0,283.0
61.216,414.0,611.0,262.0,266.0
61.222,431.0,620.0,268.0,251.0
61.228,443.0,628.0,274.0,238.0
61.234,457.0,636.0,284.0,226.0
61.241,473.0,641.0,293.0,215.0
61.247,487.0,648.0,301.0,210.0
61.254,505.0,655.0,309.0,207.0
61.260,522.0,659.0,320.0,205.0
61.267,539.0,663.0,331.0,202.0
61.273,558.0,668.0,341.0,201.0
61.279,575.0,671.0,355.0,200.0
61.285,588.0,672.0,372.0,198.0
61.292,611.0,675.0,388.0,198.0
61.299,623.0,676.0,404.0,198.0
61.305,636.0,676.0,418.0,199.0
61.311,657.0,676.0,438.0,199.0
61.318,673.0,676.0,465.0,200.0
61.324,685.0,674.0,489.0,201.0
61.330,694.0,672.0,513.0,203.0
61.336,706.0,669.0,532.0,204.0
61.344,721.0,667.0,551.0,208.0
61.350,731.0,663.0,566.0,215.0
61.356,739.0,658.0,581.0,224.0
61.362,750.0,653.0,598.0,232.0
61.369,759.0,647.0,613.0,241.0
61.375,765.0,641.0,626.0,255.0
61.382,771.0,634.0,638.0,273.0
61.388,778.0,627.0,654.0,291.0
61.394,783.0,620.0,670.0,308.0
61.401,786.0,610.0,685.0,327.0
61.407,790.0,601.0,696.0,349.0
61.413,793.0,593.0,707.0,373.0
61.419,795.0,583.0,715.0,395.0
61.427,796.0,572.0,724.0,418.0
61.433,797.0,562.0,731.0,442.0
61.439,797.0,553.0,737.0,466.0
61.445,797.0,542.0,741.0,490.0
61.452,796.0,531.0,745.0,512.0
61.458,794.0,520.0,749.0,536.0
61.464,792.0,509.0,752.0,561.0
61.471,789.0,498.0,754.0,587.0
61.478,785.0,487.0,759.0,611.0
61.484,781.0,476.0,760.0,633.0
61.490,776.0,465.0,761.0,655.0
61.496,771.0,454.0,760.0,675.0
61.503,763.0,443.0,758.0,695.0
61.510,755.0,433.0,755.0,712.0
61.516,751.0,423.0,754.0,727.0
61.522,742.0,412.0,751.0,740.0
61.529,731.0,402.0,744.0,755.0
61.535,720.0,392.0,733.0,769.0
61.541,710.0,382.0,727.0,781.0
61.547,697.0,372.0,720.0,789.0
61.555,683.0,364.0,713.0,798.0
61.561,672.0,356.0,697.0,805.0
61.567,658.0,348.0,681.0,812.0
61.573,642.0,339.0,659.0,818.0
61.580,624.0,332.0,642.0,822.0
61.586,609.0,327.0,626.0,824.0
61.592,590.0,320.0,613.0,826.0
61.599,573.0,315.0,602.0,826.0
61.605,556.0,310.0,586.0,827.0
61.612,538.0,305.0,582.0,823.0
61.618,518.0,301.0,572.0,821.0
61.624,498.0,297.0,553.0,820.0
61.630,481.0,294.0,533.0,817.0
61.638,464.0,293.0,513.0,812.0
61.644,442.0,291.0,493.0,807.0
61.650,425.0,290.0,474.0,801.0
61.656,410.0,289.0,443.0,799.0
61.663,396.0,289.0,419.0,795.0
61.669,378.0,289.0,401.0,786.0
61.675,362.0,291.0,383.0,778.0
61.682,350.0,293.0,372.0,767.0
61.689,333.0,294.0,360.0,753.0
61.695,322.0,297.0,352.0,735.0
61.701,312.0,300.0,346.0,713.0
61.707,300.0,304.0,329.0,697.0
61.714,289.0,309.0,315.0,680.0
61.720,281.0,314.0,304.0,658.0
61.727,273.0,320.0,293.0,641.0
61.733,266.0,328.0,280.0,626.0
61.740,259.0,334.0,268.0,619.0
61.746,253.0,342.0,259.0,608.0
61.752,248.0,350.0,252.0,589.0
61.758,243.0,360.0,247.0,568.0
61.766,239.0,370.0,241.0,547.0
61.772,236.0,379.0,239.0,525.0
61.778,234.0,391.0,236.0,504.0
61.784,232.0,402.0,232.0,482.0
61.790,230.0,415.0,230.0,458.0
61.797,230.0,427.0,228.0,436.0
61.803,230.0,439.0,228.0,415.0
61.810,231.0,452.0,229.0,394.0
61.816,231.0,465.0,229.0,376.0
61.823,233.0,480.0,228.0,359.0
61.829,235.0,493.0,229.0,343.0
61.835,239.0,507.0,230.0,329.0
61.841,241.0,521.0,232.0,315.0
61.848,245.0,536.0,236.0,302.0
61.855,249.0,550.0,241.0,288.0
61.861,256.0,565.0,246.0,276.0
61.867,263.0,578.0,250.0,266.0
61.874,267.0,593.0,255.0,259.0
61.880,276.0,607.0,263.0,250.0
61.886,287.0,620.0,272.0,242.0
61.893,296.0,631.0,282.0,234.0
61.900,302.0,644.0,294.0,227.0
61.906,313.0,656.0,304.0,223.0
61.912,327.0,667.0,315.0,221.0
61.918,336.0,678.0,327.0,219.0
61.925,348.0,688.0,336.0,219.0
61.931,361.0,698.0,348.0,218.0
61.938,377.0,706.0,365.0,217.0
61.944,389.0,714.0,384.0,216.0
61.951,405.0,721.0,404.0,216.0
61.957,425.0,728.0,423.0,217.0
61.963,437.0,733.0,438.0,220.0
61.969,451.0,738.0,450.0,226.0
61.975,470.0,743.0,464.0,234.0
61.983,485.0,746.0,482.0,240.0
61.989,498.0,749.0,502.0,247.0
61.995,508.0,750.0,523.0,254.0
62.001,523.0,753.0,550.0,259.0
62.008,543.0,756.0,569.0,269.0
62.014,557.0,756.0,585.0,281.0
62.021,568.0,755.0,598.0,293.0
62.027,584.0,756.0,610.0,307.0
62.034,597.0,755.0,623.0,321.0
62.040,609.0,754.0,635.0,336.0
62.046,619.0,751.0,647.0,352.0
62.052,634.0,748.0,660.0,374.0
62.059,643.0,744.0,672.0,396.0
62.066,652.0,739.0,683.0,419.0
62.072,660.0,733.0,692.0,444.0
62.078,672.0,727.0,701.0,468.0
62.085,681.0,720.0,707.0,492.0
62.091,686.0,711.0,713.0,517.0
62.097,692.0,702.0,719.0,541.0
62.103,697.0,692.0,723.0,563.0
62.111,703.0,680.0,727.0,586.0
62.117,706.0,668.0,729.0,607.0
62.123,709.0,657.0,730.0,630.0
62.129,710.0,643.0,731.0,652.0
62.136,713.0,630.0,732.0,673.0
62.142,715.0,616.0,732.0,694.0
62.149,716.0,602.0,731.0,714.0
62.155,716.0,588.0,731.0,732.0
62.161,717.0,571.0,728.0,748.0
62.168,716.0,558.0,726.0,764.0
62.174,715.0,541.0,721.0,777.0
62.180,713.0,528.0,715.0,790.0
62.186,711.0,512.0,707.0,802.0
62.194,708.0,496.0,699.0,812.0
62.200,705.0,483.0,688.0,822.0
62.206,702.0,467.0,675.0,830.0
62.212,697.0,454.0,665.0,834.0
62.219,692.0,439.0,655.0,836.0
62.225,688.0,425.0,645.0,837.0
62.231,680.0,412.0,633.0,839.0
62.238,676.0,398.0,618.0,840.0
62.245,668.0,386.0,602.0,841.0
62.251,662.0,372.0,586.0,841.0
62.257,654.0,361.0,570.0,842.0
62.263,646.0,350.0,554.0,840.0
62.270,636.0,340.0,537.0,838.0
62.277,627.0,328.0,519.0,839.0
62.283,619.0,318.0,500.0,837.0
62.289,610.0,309.0,483.0,835.0
62.296,600.0,300.0,467.0,831.0
62.302,590.0,291.0,451.0,824.0
62.308,579.0,284.0,431.0,816.0
62.314,569.0,276.0,417.0,804.0
62.322,557.0,270.0,398.0,793.0
62.328,545.0,264.0,381.0,780.0
62.334,533.0,260.0,366.0,765.0
62.340,522.0,254.0,352.0,749.0
62.347,512.0,251.0,339.0,730.0
62.353,499.0,247.0,326.0,711.0
62.359,487.0,244.0,315.0,689.0
62.366,475.0,241.0,305.0,667.0
62.372,462.0,239.0,297.0,645.0
62.379,449.0,238.0,289.0,621.0
62.385,439.0,236.0,282.0,597.0
62.391,430.0,237.0,275.0,572.0
62.397,420.0,237.0,269.0,546.0
62.405,409.0,236.0,264.0,518.0
62.411,397.0,237.0,261.0,490.0
62.417,386.0,238.0,256.0,463.0
62.423,378.0,241.0,254.0,438.0
62.430,369.0,242.0,252.0,412.0
62.436,360.0,246.0,252.0,389.0
62.442,350.0,248.0,250.0,367.0
62.449,342.0,253.0,251.0,346.0
62.456,334.0,257.0,252.0,327.0
62.462,331.0,263.0,254.0,307.0
62.468,323.0,269.0,257.0,289.0
62.474,319.0,276.0,261.0,272.0
62.481,312.0,284.0,265.0,257.0
62.487,308.0,291.0,272.0,243.0
62.494,303.0,299.0,280.0,231.0
62.500,301.0,309.0,287.0,221.0
62.507,297.0,320.0,296.0,214.0
62.513,295.0,332.0,305.0,208.0
62.519,293.0,342.0,316.0,205.0
62.525,292.0,355.0,330.0,202.0
62.533,292.0,365.0,342.0,201.0
62.539,291.0,378.0,353.0,200.0
62.545,292.0,388.0,362.0,200.0
62.551,293.0,401.0,377.0,199.0
62.557,295.0,413.0,397.0,198.0
62.564,297.0,425.0,415.0,198.0
62.570,298.0,439.0,436.0,198.0
62.577,302.0,450.0,456.0,200.0
62.583,305.0,464.0,472.0,200.0
62.590,309.0,477.0,495.0,201.0
62.596,313.0,488.0,517.0,203.0
62.602,318.0,499.0,535.0,205.0
62.608,325.0,512.0,553.0,209.0
62.615,331.0,523.0,568.0,215.0
62.622,339.0,534.0,584.0,224.0
62.628,349.0,546.0,592.0,237.0
62.634,357.0,558.0,608.0,250.0
62.641,366.0,568.0,624.0,262.0
62.647,378.0,578.0,640.0,280.0
62.653,390.0,589.0,656.0,297.0
62.659,400.0,600.0,672.0,314.0
62.667,411.0,609.0,687.0,332.0
62.673,426.0,618.0,698.0,354.0
62.679,438.0,627.0,707.0,376.0
62.685,454.0,633.0,717.0,399.0
62.692,466.0,640.0,724.0,421.0
62.698,480.0,646.0,731.0,445.0
62.705,498.0,651.0,736.0,467.0
62.711,514.0,657.0,741.0,490.0
62.718,529.0,662.0,745.0,515.0
62.724,547.0,666.0,746.0,544.0
62.730,561.0,669.0,751.0,569.0
62.736,581.0,671.0,756.0,593.0
62.743,595.0,674.0,760.0,618.0
62.750,614.0,675.0,760.0,642.0
62.756,628.0,676.0,759.0,665.0
62.762,640.0,676.0,759.0,686.0
62.768,660.0,675.0,756.0,705.0
62.775,676.0,676.0,754.0,720.0
62.781,686.0,674.0,751.0,735.0
62.787,698.0,672.0,749.0,747.0
62.794,711.0,669.0,745.0,760.0
62.801,722.0,666.0,736.0,772.0
62.807,731.0,662.0,722.0,784.0
62.813,741.0,657.0,714.0,793.0
62.819,752.0,653.0,709.0,800.0
62.826,760.0,647.0,696.0,807.0
62.833,766.0,640.0,687.0,812.0
62.839,774.0,634.0,662.0,818.0
62.845,779.0,626.0,638.0,823.0
62.852,783.0,618.0,618.0,825.0
62.858,787.0,610.0,605.0,826.0
62.864,792.0,601.0,589.0,828.0
62.870,793.0,593.0,576.0,827.0
62.878,794.0,581.0,567.0,825.0
62.884,798.0,572.0,563.0,821.0
62.890,797.0,562.0,546.0,818.0
62.896,797.0,551.0,521.0,815.0
62.903,797.0,539.0,496.0,813.0
62.909,796.0,528.0,477.0,808.0
62.915,793.0,517.0,450.0,804.0
62.922,791.0,506.0,423.0,799.0
62.929,789.0,495.0,404.0,793.0
62.935,784.0,484.0,390.0,783.0
62.941,779.0,472.0,378.0,772.0
62.947,774.0,461.0,362.0,760.0
62.953,768.0,449.0,354.0,742.0
62.961,761.0,437.0,349.0,719.0
62.967,753.0,427.0,335.0,703.0
62.973,746.0,417.0,321.0,686.0
62.979,736.0,406.0,310.0,666.0
62.986,724.0,396.0,302.0,642.0
62.992,715.0,386.0,292.0,624.0
62.998,703.0,376.0,277.0,612.0
63.005,689.0,367.0,264.0,603.0
63.012,677.0,359.0,255.0,588.0
63.018,665.0,352.0,249.0,573.0
63.024,651.0,344.0,246.0,552.0
63.030,634.0,336.0,245.0,530.0
63.037,619.0,330.0,241.0,509.0
63.043,603.0,324.0,237.0,489.0
63.050,583.0,318.0,234.0,465.0
63.056,567.0,312.0,231.0,439.0
63.063,552.0,308.0,230.0,418.0
63.069,537.0,306.0,229.0,398.0
63.075,518.0,301.0,230.0,380.0
63.081,500.0,299.0,229.0,365.0
63.089,483.0,295.0,230.0,351.0
63.095,467.0,293.0,231.0,339.0
63.101,447.0,291.0,231.0,325.0
63.107,432.0,291.0,234.0,312.0
63.114,415.0,290.0,238.0,296.0
63.120,401.0,289.0,242.0,285.0
63.126,383.0,289.0,246.0,275.0
63.133,369.0,291.0,251.0,266.0
63.140,358.0,291.0,257.0,256.0
63.146,341.0,293.0,265.0,247.0
63.152,328.0,295.0,274.0,239.0
63.158,317.0,298.0,282.0,234.0
63.164,305.0,302.0,293.0,229.0
63.171,296.0,306.0,304.0,224.0
63.178,286.0,311.0,317.0,221.0
63.184,276.0,317.0,331.0,218.0
63.190,269.0,323.0,343.0,217.0
63.197,262.0,329.0,356.0,217.0
63.203,255.0,338.0,373.0,216.0
63.209,249.0,345.0,392.0,215.0
63.216,245.0,354.0,409.0,215.0
63.223,240.0,365.0,424.0,218.0
63.229,237.0,374.0,435.0,221.0
63.235,235.0,386.0,446.0,227.0
63.241,232.0,397.0,463.0,233.0
63.248,232.0,409.0,487.0,238.0
63.254,230.0,421.0,512.0,244.0
63.261,230.0,434.0,535.0,253.0
63.267,230.0,448.0,556.0,260.0
63.274,232.0,461.0,573.0,271.0
63.280,233.0,475.0,587.0,285.0
63.286,234.0,491.0,600.0,298.0
63.292,237.0,507.0,615.0,313.0
63.299,241.0,520.0,629.0,324.0
63.306,245.0,535.0,640.0,339.0
63.312,250.0,550.0,648.0,358.0
63.318,256.0,565.0,657.0,381.0
63.325,262.0,579.0,671.0,399.0
63.331,268.0,595.0,684.0,422.0
63.337,278.0,609.0,694.0,447.0
63.344,286.0,622.0,702.0,473.0
63.351,295.0,635.0,709.0,499.0
63.357,302.0,647.0,714.0,524.0
63.363,314.0,659.0,720.0,548.0
63.369,330.0,670.0,724.0,571.0
63.375,340.0,681.0,727.0,594.0
63.382,354.0,691.0,729.0,616.0
63.389,367.0,700.0,731.0,636.0
63.395,382.0,707.0,732.0,656.0
63.401,393.0,716.0,731.0,676.0
63.408,409.0,723.0,731.0,696.0
63.414,428.0,729.0,730.0,717.0
63.420,442.0,735.0,727.0,737.0
63.426,452.0,739.0,726.0,754.0
63.434,468.0,744.0,722.0,768.0
63.440,487.0,747.0,719.0,780.0
63.446,501.0,750.0,714.0,792.0
63.452,514.0,752.0,708.0,804.0
63.459,530.0,754.0,698.0,814.0
63.465,547.0,756.0,684.0,824.0
63.472,558.0,756.0,669.0,832.0
63.478,574.0,756.0,657.0,836.0
63.485,588.0,756.0,649.0,838.0
63.491,598.0,755.0,639.0,838.0
63.497,610.0,753.0,627.0,839.0
63.503,621.0,751.0,611.0,840.0
63.510,635.0,748.0,593.0,842.0
63.517,645.0,744.0,577.0,842.0
63.523,655.0,739.0,562.0,842.0
63.529,664.0,734.0,549.0,841.0
63.536,674.0,728.0,534.0,840.0
63.542,680.0,720.0,515.0,838.0
63.548,684.0,710.0,495.0,837.0
63.554,691.0,703.0,477.0,834.0
63.561,698.0,693.0,460.0,828.0
63.568,703.0,682.0,444.0,822.0
63.574,706.0,668.0,425.0,813.0
63.580,710.0,658.0,408.0,802.0
63.586,712.0,644.0,391.0,790.0
63.593,715.0,631.0,376.0,775.0
63.600,716.0,615.0,361.0,760.0
63.606,718.0,601.0,348.0,742.0
63.612,717.0,588.0,334.0,724.0
63.619,717.0,571.0,322.0,704.0
63.625,715.0,558.0,312.0,682.0
63.631,715.0,540.0,303.0,660.0
63.637,713.0,525.0,294.0,636.0
63.645,710.0,511.0,286.0,611.0
63.651,707.0,493.0,278.0,585.0
63.657,705.0,478.0,272.0,557.0
63.663,700.0,462.0,265.0,526.0
63.670,696.0,447.0,260.0,497.0
63.676,689.0,432.0,256.0,468.0
63.682,684.0,418.0,255.0,439.0
63.689,678.0,405.0,252.0,413.0
63.696,671.0,392.0,251.0,388.0
63.702,664.0,378.0,250.0,367.0
63.708,656.0,367.0,251.0,346.0
63.714,649.0,352.0,252.0,327.0
63.721,640.0,341.0,254.0,309.0
63.728,630.0,329.0,256.0,293.0
63.734,621.0,320.0,259.0,277.0
63.740,614.0,311.0,264.0,262.0
63.747,603.0,302.0,270.0,246.0
63.753,593.0,294.0,278.0,235.0
63.759,581.0,285.0,284.0,224.0
63.765,571.0,278.0,292.0,216.0
63.772,561.0,272.0,302.0,210.0
63.779,549.0,267.0,314.0,206.0
63.785,535.0,261.0,324.0,203.0
63.791,522.0,258.0,337.0,202.0
63.797,512.0,252.0,349.0,200.0
63.804,501.0,249.0,361.0,200.0
63.810,491.0,245.0,374.0,199.0
63.817,478.0,243.0,393.0,198.0
63.823,468.0,241.0,411.0,198.0
63.830,456.0,239.0,428.0,198.0
63.836,446.0,237.0,446.0,199.0
63.842,435.0,236.0,464.0,200.0
63.848,425.0,236.0,487.0,201.0
63.856,415.0,236.0,507.0,202.0
63.862,405.0,237.0,527.0,204.0
63.868,394.0,237.0,545.0,206.0
63.874,385.0,238.0,561.0,211.0
63.881,376.0,240.0,574.0,220.0
63.887,368.0,242.0,588.0,228.0
63.893,360.0,245.0,601.0,240.0
63.900,350.0,249.0,619.0,252.0
63.907,344.0,253.0,639.0,265.0
63.913,335.0,256.0,655.0,283.0
63.919,329.0,262.0,668.0,303.0
63.925,322.0,268.0,682.0,324.0
63.932,318.0,275.0,694.0,344.0
63.938,311.0,283.0,705.0,367.0
63.945,307.0,291.0,714.0,391.0
63.951,303.0,298.0,722.0,412.0
63.957,302.0,307.0,729.0,435.0
63.964,298.0,319.0,734.0,457.0
63.970,294.0,329.0,739.0,479.0
63.976,294.0,340.0,743.0,501.0
63.982,294.0,351.0,745.0,526.0
63.990,292.0,363.0,747.0,551.0
63.996,291.0,377.0,748.0,579.0
64.002,291.0,389.0,750.0,602.0
64.008,293.0,402.0,753.0,624.0
64.015,294.0,416.0,758.0,645.0
64.021,297.0,428.0,760.0,666.0
64.028,299.0,443.0,760.0,688.0
64.034,303.0,454.0,757.0,708.0
64.041,306.0,469.0,754.0,725.0
64.047,310.0,481.0,749.0,741.0
64.053,315.0,492.0,745.0,754.0
64.059,320.0,506.0,741.0,765.0
64.066,329.0,518.0,733.0,776.0
64.073,335.0,530.0,721.0,785.0
64.079,344.0,542.0,714.0,795.0
64.085,354.0,552.0,704.0,803.0
64.092,363.0,564.0,691.0,809.0
64.098,374.0,573.0,676.0,814.0
64.104,386.0,583.0,655.0,820.0
64.110,396.0,594.0,627.0,824.0
64.118,410.0,604.0,612.0,824.0
64.124,420.0,614.0,596.0,827.0
64.130,437.0,622.0,583.0,827.0
64.136,451.0,630.0,569.0,827.0
64.142,463.0,638.0,558.0,824.0
64.149,479.0,644.0,551.0,820.0
64.156,494.0,651.0,537.0,817.0
64.162,512.0,656.0,519.0,814.0
64.168,526.0,661.0,497.0,810.0
64.175,541.0,665.0,464.0,809.0
64.181,560.0,669.0,438.0,805.0
64.187,576.0,671.0,418.0,797.0
64.193,591.0,673.0,401.0,791.0
64.201,608.0,675.0,385.0,782.0
64.207,625.0,676.0,373.0,771.0
64.213,638.0,676.0,357.0,763.0
64.219,652.0,676.0,346.0,747.0
64.226,671.0,676.0,340.0,725.0
64.232,684.0,675.0,331.0,702.0
64.238,692.0,673.0,316.0,682.0
64.245,705.0,671.0,303.0,662.0
64.252,717.0,668.0,291.0,643.0
64.258,726.0,664.0,280.0,624.0
64.264,737.0,659.0,268.0,612.0
64.270,746.0,655.0,257.0,606.0
64.277,755.0,650.0,252.0,586.0
64.284,763.0,645.0,247.0,566.0
64.290,768.0,638.0,242.0,543.0
64.296,774.0,632.0,238.0,520.0
64.303,780.0,624.0,234.0,495.0
64.309,784.0,616.0,232.0,472.0
64.315,788.0,608.0,232.0,444.0
64.321,791.0,598.0,231.0,420.0
64.329,794.0,590.0,230.0,402.0
64.335,796.0,582.0,230.0,383.0
64.341,796.0,571.0,230.0,363.0
64.347,797.0,561.0,230.0,351.0
64.354,797.0,551.0,230.0,338.0
64.360,797.0,540.0,231.0,326.0
64.366,795.0,530.0,233.0,314.0
64.373,794.0,519.0,236.0,300.0
64.379,791.0,508.0,242.0,287.0
64.386,788.0,496.0,245.0,277.0
64.392,785.0,485.0,250.0,268.0
64.398,780.0,475.0,256.0,259.0
64.404,775.0,463.0,263.0,249.0
64.412,769.0,452.0,272.0,240.0
64.418,763.0,440.0,280.0,235.0
64.424,755.0,431.0,289.0,230.0
64.430,748.0,420.0,300.0,225.0
64.437,739.0,409.0,311.0,222.0
64.443,728.0,398.0,326.0,219.0
64.449,718.0,388.0,339.0,217.0
64.456,705.0,378.0,353.0,216.0
64.463,691.0,369.0,369.0,215.0
64.469,679.0,360.0,385.0,215.0
64.475,665.0,352.0,400.0,216.0
64.481,650.0,344.0,416.0,217.0
64.488,633.0,336.0,431.0,220.0
64.494,616.0,329.0,446.0,224.0
64.501,601.0,323.0,467.0,226.0
64.507,582.0,318.0,489.0,232.0
64.514,565.0,312.0,505.0,241.0
64.520,546.0,307.0,527.0,247.0
64.526,528.0,303.0,546.0,256.0
64.532,510.0,300.0,563.0,265.0
64.540,489.0,297.0,578.0,278.0
64.546,472.0,294.0,592.0,288.0
64.552,454.0,291.0,606.0,301.0
64.558,434.0,290.0,619.0,314.0
64.564,417.0,289.0,631.0,329.0
64.571,405.0,289.0,641.0,344.0
64.577,388.0,289.0,653.0,364.0
64.584,372.0,290.0,665.0,383.0
64.590,359.0,291.0,678.0,406.0
64.597,348.0,293.0,687.0,430.0
64.603,330.0,294.0,696.0,454.0
64.609,320.0,297.0,704.0,479.0
64.615,309.0,300.0,710.0,504.0
64.622,301.0,304.0,716.0,529.0
64.629,291.0,309.0,721.0,552.0
64.635,281.0,315.0,725.0,576.0
64.641,274.0,319.0,727.0,598.0
64.648,267.0,326.0,730.0,620.0
64.654,260.0,332.0,732.0,640.0
64.660,253.0,341.0,732.0,662.0
64.667,249.0,348.0,731.0,684.0
64.674,245.0,357.0,730.0,705.0
64.680,240.0,367.0,730.0,723.0
64.686,237.0,377.0,728.0,740.0
64.692,235.0,388.0,725.0,757.0
64.699,232.0,400.0,722.0,771.0
64.705,230.0,411.0,718.0,784.0
64.712,230.0,422.0,711.0,796.0
64.718,229.0,436.0,703.0,807.0
64.725,230.0,450.0,692.0,818.0
64.731,231.0,463.0,678.0,828.0
64.737,233.0,476.0,667.0,833.0
64.743,235.0,492.0,657.0,836.0
64.750,238.0,507.0,648.0,837.0
64.757,242.0,523.0,636.0,838.0
64.763,246.0,538.0,622.0,840.0
64.769,253.0,553.0,605.0,841.0
64.775,258.0,567.0,586.0,841.0
64.782,264.0,584.0,569.0,841.0
64.788,271.0,599.0,553.0,841.0
64.795,282.0,614.0,537.0,840.0
64.801,294.0,626.0,517.0,839.0
64.808,299.0,640.0,498.0,837.0
64.814,309.0,653.0,480.0,834.0
64.820,323.0,665.0,463.0,829.0
64.826,336.0,676.0,447.0,823.0
64.833,347.0,687.0,428.0,815.0
64.840,360.0,697.0,412.0,803.0
64.846,373.0,705.0,395.0,793.0
64.852,388.0,713.0,379.0,778.0
64.859,403.0,720.0,364.0,763.0
64.865,421.0,725.0,350.0,745.0
64.871,434.0,732.0,338.0,728.0
64.877,450.0,738.0,325.0,709.0
64.885,465.0,742.0,315.0,688.0
64.891,481.0,745.0,305.0,666.0
64.897,498.0,749.0,296.0,644.0
64.903,506.0,751.0,288.0,620.0
64.910,524.0,754.0,281.0,596.0
64.916,539.0,755.0,274.0,568.0
64.923,557.0,756.0,268.0,540.0
64.929,569.0,756.0,263.0,510.0
64.936,581.0,756.0,259.0,482.0
64.942,595.0,755.0,256.0,455.0
64.948,608.0,753.0,253.0,428.0
64.954,616.0,751.0,252.0,403.0
64.961,628.0,749.0,251.0,379.0
64.968,641.0,746.0,251.0,359.0
64.974,649.0,741.0,251.0,337.0
64.980,658.0,736.0,254.0,319.0
64.986,665.0,730.0,254.0,301.0
64.993,674.0,724.0,257.0,285.0
64.999,683.0,716.0,261.0,268.0
65.005,688.0,708.0,268.0,253.0
65.012,694.0,698.0,273.0,240.0
65.019,700.0,688.0,280.0,229.0
65.025,703.0,677.0,288.0,220.0
65.031,708.0,665.0,297.0,213.0
65.037,711.0,653.0,306.0,207.0
65.044,713.0,640.0,318.0,204.0
65.051,715.0,627.0,327.0,203.0
65.057,716.0,614.0,340.0,201.0
65.063,718.0,599.0,351.0,200.0
65.070,717.0,584.0,368.0,198.0
65.076,718.0,570.0,389.0,198.0
65.082,716.0,554.0,407.0,198.0
65.088,715.0,539.0,423.0,199.0
65.096,714.0,524.0,438.0,199.0
65.102,711.0,510.0,465.0,201.0
65.108,708.0,495.0,485.0,201.0
65.114,705.0,479.0,511.0,203.0
65.121,701.0,465.0,530.0,204.0
65.127,697.0,448.0,548.0,207.0
65.133,691.0,434.0,564.0,213.0
65.140,685.0,420.0,578.0,222.0
65.147,677.0,407.0,595.0,230.0
65.153,672.0,392.0,610.0,239.0
65.159,665.0,378.0,625.0,251.0
65.165,657.0,367.0,637.0,265.0
65.171,650.0,355.0,651.0,283.0
65.179,638.0,344.0,668.0,300.0
65.185,629.0,330.0,681.0,320.0
65.191,620.0,320.0,693.0,342.0
65.197,611.0,310.0,703.0,364.0
65.204,601.0,301.0,712.0,388.0
65.210,591.0,291.0,721.0,411.0
65.216,579.0,283.0,728.0,434.0
65.223,568.0,276.0,734.0,459.0
65.230,556.0,272.0,740.0,480.0
65.236,544.0,265.0,744.0,503.0
65.242,532.0,259.0,747.0,528.0
65.248,519.0,255.0,749.0,553.0
65.255,506.0,252.0,751.0,577.0
65.261,496.0,247.0,754.0,602.0
65.268,484.0,243.0,755.0,624.0
65.274,473.0,241.0,759.0,646.0
65.281,462.0,239.0,761.0,667.0
65.287,449.0,238.0,760.0,687.0
65.293,438.0,236.0,757.0,706.0
65.299,427.0,236.0,754.0,723.0
65.307,420.0,236.0,750.0,737.0
65.313,410.0,236.0,746.0,750.0
65.319,397.0,238.0,740.0,763.0
65.325,386.0,237.0,731.0,774.0
65.332,378.0,240.0,724.0,783.0
65.338,372.0,243.0,718.0,793.0
65.344,361.0,245.0,708.0,800.0
65.351,351.0,247.0,693.0,808.0
65.358,344.0,251.0,676.0,814.0
65.364,337.0,255.0,659.0,818.0
65.370,331.0,261.0,640.0,821.0
65.376,325.0,267.0,625.0,824.0
65.382,320.0,273.0,613.0,825.0
65.389,315.0,280.0,599.0,827.0
65.396,309.0,287.0,592.0,825.0
65.402,305.0,295.0,586.0,821.0
65.408,302.0,304.0,567.0,820.0
65.415,300.0,313.0,546.0,818.0
65.421,297.0,322.0,528.0,815.0
65.427,295.0,333.0,507.0,812.0
65.434,292.0,345.0,486.0,807.0
65.441,291.0,356.0,458.0,803.0
65.447,291.0,366.0,427.0,803.0
65.453,292.0,378.0,412.0,796.0
65.459,291.0,388.0,395.0,787.0
65.466,291.0,402.0,377.0,777.0
65.472,293.0,414.0,362.0,768.0
65.479,296.0,425.0,349.0,756.0
65.485,297.0,439.0,336.0,742.0
65.492,302.0,450.0,328.0,721.0
65.498,305.0,464.0,317.0,702.0
65.504,309.0,476.0,306.0,683.0
65.510,314.0,488.0,296.0,662.0
65.517,320.0,500.0,285.0,645.0
65.524,325.0,514.0,271.0,635.0
65.530,332.0,525.0,262.0,621.0
65.536,339.0,538.0,256.0,601.0
65.543,349.0,549.0,251.0,582.0
65.549,358.0,561.0,245.0,561.0
65.555,370.0,571.0,242.0,542.0
65.562,381.0,582.0,239.0,519.0
65.568,392.0,593.0,235.0,497.0
65.575,405.0,601.0,232.0,473.0
65.581,417.0,612.0,231.0,447.0
65.587,433.0,621.0,228.0,424.0
65.593,446.0,629.0,228.0,400.0
65.600,461.0,636.0,229.0,381.0
65.607,476.0,642.0,229.0,362.0
65.613,491.0,649.0,229.0,348.0
65.619,508.0,655.0,230.0,336.0
65.626,524.0,660.0,231.0,324.0
65.632,540.0,665.0,234.0,311.0
65.638,558.0,668.0,238.0,299.0
65.644,574.0,671.0,243.0,286.0
65.652,591.0,674.0,248.0,274.0
65.658,609.0,675.0,253.0,263.0
65.664,624.0,676.0,261.0,254.0
65.670,639.0,677.0,268.0,245.0
65.677,653.0,677.0,276.0,238.0
65.683,669.0,675.0,285.0,231.0
65.690,684.0,675.0,296.0,226.0
65.696,695.0,673.0,306.0,222.0
65.703,706.0,669.0,318.0,220.0
65.709,717.0,667.0,330.0,220.0
65.715,729.0,664.0,345.0,218.0
65.721,738.0,659.0,358.0,216.0
65.728,746.0,654.0,377.0,216.0
65.735,755.0,650.0,395.0,216.0
65.741,763.0,644.0,413.0,215.0
65.747,767.0,637.0,427.0,218.0
65.753,775.0,631.0,439.0,221.0
65.760,780.0,624.0,450.0,229.0
65.766,784.0,616.0,471.0,236.0
65.772,788.0,608.0,495.0,243.0
65.779,792.0,600.0,519.0,249.0
65.786,793.0,590.0,542.0,256.0
65.792,794.0,580.0,563.0,265.0
65.798,796.0,572.0,578.0,276.0
65.804,798.0,562.0,593.0,289.0
65.811,797.0,551.0,606.0,303.0
65.818,796.0,540.0,620.0,317.0
65.824,795.0,530.0,633.0,330.0
65.830,793.0,520.0,645.0,345.0
65.837,792.0,509.0,653.0,364.0
65.843,788.0,497.0,663.0,384.0
65.849,784.0,486.0,676.0,403.0
65.855,780.0,475.0,687.0,427.0
65.863,776.0,463.0,696.0,451.0
65.869,769.0,453.0,703.0,477.0
65.875,762.0,441.0,710.0,500.0
65.881,756.0,430.0,715.0,525.0
65.888,748.0,420.0,720.0,548.0
65.894,738.0,410.0,724.0,571.0
65.900,728.0,399.0,727.0,593.0
65.907,718.0,388.0,730.0,616.0
65.914,705.0,379.0,731.0,637.0
65.920,692.0,369.0,732.0,656.0
65.926,679.0,360.0,732.0,680.0
65.932,666.0,352.0,729.0,702.0
65.939,650.0,343.0,730.0,720.0
65.946,632.0,336.0,729.0,737.0
65.952,615.0,329.0,727.0,753.0
65.958,600.0,323.0,723.0,768.0
65.965,580.0,316.0,720.0,781.0
65.971,560.0,311.0,714.0,793.0
65.977,544.0,307.0,705.0,805.0
65.983,529.0,303.0,694.0,816.0
65.991,507.0,300.0,681.0,826.0
65.997,489.0,296.0,670.0,832.0
66.003,471.0,294.0,661.0,835.0
66.009,451.0,292.0,652.0,836.0
66.015,434.0,291.0,641.0,838.0
66.022,414.0,290.0,629.0,839.0
66.028,398.0,289.0,612.0,840.0
66.035,381.0,289.0,591.0,841.0
66.041,367.0,291.0,573.0,840.0
66.048,352.0,292.0,556.0,841.0
66.054,338.0,293.0,539.0,840.0
66.060,324.0,296.0,523.0,839.0
66.066,312.0,299.0,505.0,838.0
66.074,305.0,303.0,485.0,835.0
66.080,295.0,308.0,468.0,831.0
66.086,283.0,312.0,452.0,826.0
66.092,275.0,318.0,436.0,817.0
66.099,267.0,325.0,417.0,808.0
66.105,261.0,332.0,399.0,796.0
66.111,255.0,340.0,382.0,782.0
66.118,249.0,347.0,366.0,766.0
66.125,245.0,357.0,351.0,748.0
66.131,239.0,366.0,338.0,730.0
66.137,237.0,375.0,326.0,709.0
66.143,235.0,388.0,314.0,687.0
66.150,233.0,398.0,305.0,664.0
66.156,230.0,410.0,295.0,640.0
66.163,230.0,423.0,287.0,615.0
66.169,230.0,435.0,280.0,591.0
66.176,231.0,448.0,274.0,566.0
66.182,231.0,460.0,269.0,540.0
66.188,232.0,475.0,264.0,516.0
66.194,234.0,488.0,260.0,491.0
66.202,237.0,502.0,256.0,466.0
66.208,240.0,516.0,254.0,439.0
66.214,244.0,531.0,253.0,415.0
66.220,248.0,546.0,251.0,392.0
66.226,255.0,561.0,251.0,369.0
66.233,262.0,574.0,251.0,346.0
66.239,266.0,589.0,252.0,327.0
66.246,276.0,604.0,254.0,306.0
66.252,286.0,618.0,258.0,286.0
66.259,295.0,630.0,263.0,267.0
66.265,302.0,643.0,266.0,254.0
66.271,314.0,656.0,272.0,240.0
66.277,328.0,667.0,282.0,227.0
66.284,340.0,678.0,293.0,216.0
66.291,351.0,688.0,301.0,210.0
66.297,366.0,698.0,310.0,207.0
66.303,379.0,706.0,320.0,204.0
66.310,391.0,715.0,331.0,203.0
66.316,408.0,723.0,345.0,201.0
66.322,427.0,730.0,360.0,200.0
66.328,441.0,734.0,373.0,199.0
66.336,452.0,739.0,388.0,199.0
66.342,470.0,744.0,402.0,199.0
66.348,486.0,747.0,414.0,198.0
66.354,503.0,750.0,434.0,199.0
66.361,514.0,752.0,460.0,199.0
66.367,531.0,754.0,484.0,200.0
66.374,548.0,756.0,504.0,202.0
66.380,561.0,756.0,526.0,204.0
66.387,575.0,756.0,545.0,207.0
66.393,590.0,755.0,563.0,213.0
66.399,601.0,754.0,580.0,221.0
66.405,612.0,753.0,596.0,231.0
66.411,624.0,749.0,609.0,242.0
66.419,636.0,747.0,623.0,255.0
66.425,644.0,742.0,636.0,268.0
66.431,655.0,737.0,649.0,285.0
66.437,665.0,732.0,665.0,301.0
66.444,672.0,724.0,680.0,319.0
66.450,680.0,718.0,691.0,340.0
66.456,685.0,709.0,702.0,361.0
66.463,692.0,701.0,711.0,384.0
66.470,698.0,691.0,719.0,406.0
66.476,704.0,680.0,727.0,429.0
66.482,707.0,666.0,732.0,451.0
66.488,709.0,656.0,738.0,475.0
66.495,711.0,642.0,741.0,502.0
66.502,715.0,630.0,747.0,528.0
66.508,716.0,615.0,752.0,553.0
66.514,718.0,602.0,755.0,579.0
66.521,717.0,588.0,759.0,603.0
66.527,717.0,572.0,759.0,629.0
66.533,715.0,560.0,759.0,651.0
66.539,715.0,543.0,761.0,671.0
66.547,714.0,528.0,760.0,689.0
66.553,711.0,512.0,758.0,706.0
66.559,709.0,498.0,752.0,723.0
66.565,706.0,481.0,748.0,738.0
66.572,703.0,466.0,745.0,749.0
66.578,697.0,452.0,737.0,764.0
66.584,692.0,439.0,731.0,776.0
66.591,687.0,423.0,722.0,786.0
66.597,682.0,411.0,714.0,796.0
66.604,675.0,397.0,704.0,803.0
66.610,669.0,385.0,686.0,811.0
66.616,661.0,371.0,669.0,816.0
66.622,654.0,358.0,650.0,821.0
66.630,645.0,346.0,634.0,823.0
66.636,635.0,335.0,618.0,825.0
66.642,626.0,325.0,602.0,827.0
66.648,618.0,314.0,590.0,826.0
66.655,609.0,306.0,583.0,825.0
66.661,597.0,299.0,581.0,820.0
66.667,587.0,289.0,560.0,818.0
66.674,576.0,281.0,539.0,816.0
66.681,566.0,277.0,519.0,813.0
66.687,551.0,269.0,501.0,810.0
66.693,538.0,263.0,481.0,803.0
66.699,527.0,257.0,458.0,800.0
66.706,515.0,253.0,433.0,796.0
66.712,502.0,249.0,408.0,792.0
66.719,491.0,245.0,392.0,785.0
66.725,479.0,242.0,377.0,776.0
66.732,466.0,240.0,366.0,764.0
66.738,454.0,238.0,355.0,748.0
66.744,443.0,236.0,348.0,729.0
66.750,432.0,236.0,341.0,708.0
66.758,423.0,236.0,324.0,691.0
66.764,414.0,237.0,311.0,675.0
66.770,403.0,236.0,301.0,655.0
66.776,390.0,237.0,290.0,638.0
66.783,380.0,239.0,276.0,628.0
66.789,372.0,241.0,264.0,621.0
66.795,364.0,244.0,257.0,604.0
66.802,356.0,247.0,252.0,584.0
66.808,347.0,250.0,246.0,564.0
66.815,339.0,254.0,241.0,543.0
66.821,332.0,258.0,237.0,523.0
66.827,328.0,265.0,234.0,502.0
66.833,322.0,270.0,232.0,478.0
66.840,317.0,277.0,230.0,455.0
66.847,310.0,285.0,227.0,433.0
66.853,307.0,294.0,227.0,412.0
66.859,303.0,302.0,228.0,391.0
66.866,302.0,311.0,229.0,372.0
66.872,298.0,321.0,228.0,357.0
66.878,295.0,331.0,228.0,345.0
66.885,292.0,342.0,230.0,331.0
66.892,292.0,354.0,233.0,317.0
66.898,291.0,365.0,235.0,304.0
66.904,291.0,378.0,239.0,293.0
66.910,291.0,387.0,244.0,280.0
66.917,293.0,400.0,251.0,267.0
66.923,294.0,411.0,254.0,260.0
66.930,295.0,424.0,261.0,251.0
66.936,297.0,436.0,269.0,242.0
66.943,301.0,448.0,278.0,236.0
66.949,303.0,460.0,289.0,231.0
66.955,307.0,472.0,301.0,226.0
66.961,311.0,483.0,313.0,222.0
66.968,317.0,494.0,330.0,218.0
66.975,322.0,508.0,345.0,216.0
66.981,328.0,519.0,357.0,215.0
66.987,335.0,531.0,370.0,216.0
66.994,342.0,543.0,385.0,216.0
67.000,352.0,554.0,398.0,218.0
67.006,362.0,563.0,416.0,218.0
67.013,371.0,574.0,432.0,219.0
67.019,382.0,584.0,447.0,223.0
67.026,393.0,595.0,463.0,231.0
67.032,405.0,604.0,480.0,238.0
67.038,418.0,613.0,497.0,246.0
67.044,433.0,621.0,519.0,254.0
67.051,448.0,628.0,544.0,259.0
67.058,461.0,637.0,566.0,268.0
67.064,477.0,643.0,581.0,278.0
67.070,493.0,650.0,596.0,292.0
67.077,510.0,655.0,609.0,304.0
67.083,526.0,660.0,620.0,320.0
67.089,541.0,665.0,634.0,334.0
67.095,559.0,669.0,646.0,351.0
67.103,577.0,671.0,657.0,371.0
67.109,592.0,673.0,671.0,392.0
67.115,611.0,675.0,682.0,416.0
67.121,625.0,677.0,692.0,442.0
67.128,638.0,676.0,698.0,465.0
67.134,660.0,677.0,708.0,491.0
67.141,675.0,675.0,713.0,515.0
67.147,685.0,674.0,718.0,539.0
67.154,697.0,672.0,723.0,563.0
67.160,712.0,669.0,725.0,586.0
67.166,724.0,666.0,728.0,608.0
67.172,732.0,661.0,729.0,629.0
67.179,741.0,656.0,730.0,650.0
67.186,752.0,652.0,731.0,673.0
67.192,760.0,646.0,732.0,693.0
67.198,767.0,639.0,732.0,712.0
67.204,773.0,633.0,731.0,730.0
67.211,779.0,626.0,728.0,748.0
67.217,784.0,617.0,724.0,763.0
67.223,788.0,608.0,719.0,779.0
67.230,791.0,600.0,713.0,792.0
67.237,794.0,591.0,705.0,803.0
67.243,795.0,580.0,696.0,814.0
67.249,797.0,570.0,687.0,823.0
67.255,798.0,560.0,677.0,828.0
67.262,797.0,550.0,666.0,833.0
67.269,797.0,539.0,656.0,836.0
67.275,795.0,528.0,644.0,838.0
67.281,794.0,518.0,632.0,839.0
67.288,792.0,506.0,618.0,840.0
67.294,788.0,495.0,601.0,841.0
67.300,784.0,484.0,584.0,841.0
67.306,779.0,473.0,567.0,841.0
67.314,775.0,462.0,551.0,840.0
67.320,768.0,450.0,534.0,838.0
67.326,762.0,440.0,515.0,839.0
67.332,753.0,429.0,496.0,837.0
67.339,748.0,420.0,480.0,834.0
67.345,739.0,409.0,462.0,829.0
67.351,727.0,399.0,446.0,822.0
67.358,718.0,389.0,427.0,813.0
67.365,706.0,380.0,409.0,802.0
67.371,694.0,370.0,394.0,787.0
67.377,682.0,361.0,375.0,774.0
67.383,668.0,353.0,359.0,757.0
67.390,649.0,344.0,345.0,740.0
67.397,632.0,336.0,332.0,720.0
67.403,617.0,329.0,320.0,698.0
67.409,601.0,323.0,309.0,675.0
67.415,580.0,317.0,299.0,652.0
67.422,559.0,311.0,291.0,628.0
67.428,545.0,307.0,283.0,603.0
67.434,531.0,304.0,277.0,578.0
67.441,510.0,300.0,271.0,553.0
67.448,486.0,296.0,265.0,527.0
67.454,472.0,293.0,261.0,500.0
67.460,454.0,292.0,258.0,471.0
67.466,436.0,290.0,256.0,443.0
67.473,417.0,289.0,252.0,418.0
67.479,401.0,289.0,251.0,393.0
67.486,382.0,289.0,251.0,370.0
67.492,368.0,290.0,252.0,348.0
67.499,356.0,291.0,252.0,328.0
67.505,338.0,294.0,254.0,309.0
67.511,325.0,296.0,256.0,292.0
67.517,314.0,299.0,260.0,275.0
67.525,303.0,303.0,264.0,259.0
67.531,292.0,308.0,271.0,245.0
67.537,282.0,313.0,278.0,232.0
67.543,274.0,319.0,286.0,223.0
67.550,267.0,326.0,294.0,214.0
67.556,260.0,333.0,305.0,208.0
67.562,253.0,341.0,316.0,205.0
67.569,248.0,349.0,328.0,203.0
67.576,244.0,358.0,342.0,201.0
67.582,239.0,369.0,353.0,200.0
67.588,236.0,378.0,365.0,200.0
67.594,234.0,391.0,378.0,199.0
67.601,232.0,402.0,400.0,199.0
67.607,232.0,413.0,418.0,198.0
67.614,230.0,426.0,436.0,198.0
67.620,230.0,439.0,455.0,199.0
67.626,230.0,453.0,474.0,201.0
67.633,231.0,465.0,495.0,202.0
67.639,233.0,480.0,517.0,203.0
67.645,235.0,494.0,537.0,205.0
67.651,239.0,508.0,554.0,210.0
67.659,242.0,522.0,570.0,216.0
67.665,246.0,538.0,585.0,225.0
67.671,251.0,553.0,598.0,237.0
67.677,258.0,565.0,613.0,251.0
67.684,263.0,581.0,628.0,267.0
67.690,269.0,596.0,642.0,286.0
67.697,278.0,611.0,658.0,304.0
67.703,290.0,623.0,675.0,318.0
67.710,297.0,634.0,688.0,336.0
67.716,305.0,648.0,700.0,357.0
67.722,318.0,660.0,709.0,379.0
67.728,331.0,671.0,718.0,400.0
67.735,341.0,681.0,725.0,422.0
67.742,356.0,691.0,731.0,445.0
67.748,370.0,701.0,736.0,469.0
67.754,383.0,709.0,739.0,498.0
67.761,393.0,716.0,744.0,524.0
67.767,412.0,723.0,750.0,551.0
67.773,427.0,730.0,756.0,576.0
67.779,441.0,735.0,758.0,604.0
67.787,456.0,740.0,758.0,628.0
67.793,476.0,743.0,759.0,653.0
67.799,491.0,748.0,759.0,675.0
67.805,500.0,750.0,759.0,693.0
67.811,514.0,752.0,758.0,711.0
67.818,533.0,755.0,755.0,726.0
67.825,550.0,756.0,752.0,740.0
67.831,562.0,757.0,746.0,752.0
67.837,576.0,757.0,741.0,764.0
67.844,590.0,756.0,732.0,776.0
67.850,602.0,755.0,720.0,786.0
67.856,614.0,751.0,716.0,794.0
67.862,626.0,750.0,706.0,802.0
67.870,638.0,747.0,692.0,810.0
67.876,647.0,743.0,679.0,815.0
67.882,656.0,737.0,656.0,820.0
67.888,665.0,731.0,628.0,825.0
67.895,674.0,725.0,614.0,826.0
67.901,683.0,717.0,599.0,826.0
67.907,688.0,708.0,587.0,827.0
67.914,694.0,698.0,573.0,826.0
67.921,700.0,686.0,562.0,823.0
67.927,704.0,676.0,559.0,820.0
67.933,708.0,663.0,543.0,817.0
67.939,710.0,651.0,522.0,814.0
67.946,713.0,638.0,499.0,809.0
67.953,714.0,624.0,471.0,808.0
67.959,716.0,610.0,447.0,802.0
67.965,717.0,595.0,421.0,798.0
67.972,717.0,582.0,403.0,792.0
67.978,716.0,565.0,387.0,782.0
67.984,716.0,551.0,377.0,771.0
67.990,714.0,536.0,362.0,760.0
67.998,713.0,522.0,356.0,741.0
68.004,710.0,508.0,349.0,719.0
68.010,708.0,492.0,334.0,702.0
68.016,703.0,479.0,320.0,685.0
68.022,701.0,463.0,308.0,665.0
68.029,696.0,451.0,301.0,643.0
68.035,689.0,437.0,291.0,624.0
68.042,685.0,421.0,277.0,609.0
68.048,678.0,408.0,263.0,603.0
68.055,672.0,394.0,255.0,591.0
68.061,666.0,381.0,249.0,575.0
68.067,659.0,369.0,244.0,555.0
68.073,652.0,356.0,241.0,534.0
68.081,643.0,344.0,239.0,512.0
68.087,635.0,332.0,237.0,493.0
68.093,625.0,323.0,234.0,467.0
68.099,617.0,314.0,232.0,439.0
68.106,608.0,306.0,229.0,422.0
68.112,600.0,297.0,228.0,403.0
68.118,588.0,290.0,229.0,384.0
68.125,577.0,282.0,228.0,367.0
68.132,567.0,275.0,229.0,352.0
68.138,554.0,271.0,228.0,340.0
68.144,546.0,264.0,231.0,327.0
68.150,532.0,258.0,234.0,312.0
68.157,521.0,255.0,237.0,298.0
68.163,509.0,251.0,241.0,287.0
68.170,499.0,247.0,246.0,276.0
68.176,485.0,244.0,252.0,266.0
68.183,476.0,241.0,256.0,258.0
68.189,463.0,240.0,262.0,249.0
68.195,450.0,239.0,271.0,242.0
68.201,437.0,236.0,280.0,235.0
68.208,431.0,236.0,290.0,230.0
68.215,419.0,236.0,301.0,225.0
68.221,408.0,236.0,312.0,222.0
68.227,396.0,237.0,328.0,218.0
68.233,386.0,238.0,342.0,217.0
68.240,378.0,240.0,354.0,216.0
68.246,369.0,242.0,370.0,215.0
68.253,360.0,245.0,385.0,215.0
68.259,350.0,248.0,400.0,216.0
68.266,343.0,253.0,417.0,217.0
68.272,335.0,256.0,430.0,219.0
68.278,329.0,263.0,442.0,223.0
68.284,322.0,268.0,460.0,229.0
68.291,319.0,276.0,483.0,234.0
68.298,311.0,282.0,503.0,240.0
68.304,309.0,291.0,527.0,247.0
68.310,303.0,300.0,546.0,256.0
68.317,302.0,309.0,564.0,267.0
68.323,298.0,319.0,580.0,278.0
68.329,296.0,329.0,594.0,290.0
68.336,294.0,342.0,607.0,304.0
68.343,292.0,353.0,620.0,316.0
68.349,292.0,364.0,632.0,329.0
68.355,292.0,376.0,641.0,347.0
68.361,292.0,386.0,651.0,367.0
68.368,293.0,399.0,666.0,386.0
68.374,294.0,412.0,678.0,409.0
68.381,297.0,423.0,687.0,435.0
68.387,299.0,437.0,697.0,458.0
68.394,302.0,447.0,704.0,483.0
68.400,305.0,463.0,710.0,505.0
68.406,310.0,473.0,716.0,530.0
68.412,314.0,486.0,721.0,552.0
68.418,319.0,497.0,725.0,573.0
68.426,325.0,511.0,727.0,596.0
68.432,330.0,523.0,730.0,615.0
68.438,339.0,534.0,729.0,638.0
68.444,346.0,546.0,731.0,661.0
68.451,355.0,558.0,731.0,684.0
68.457,364.0,567.0,731.0,704.0
68.464,375.0,577.0,730.0,722.0
68.470,386.0,588.0,730.0,740.0
68.477,397.0,598.0,727.0,757.0
68.483,409.0,608.0,723.0,772.0
68.489,423.0,616.0,716.0,787.0
68.495,437.0,626.0,709.0,799.0
68.502,451.0,632.0,699.0,810.0
68.509,464.0,639.0,687.0,821.0
68.515,480.0,645.0,677.0,829.0
68.521,495.0,651.0,667.0,832.0
68.528,511.0,656.0,658.0,834.0
68.534,527.0,661.0,647.0,837.0
68.540,544.0,665.0,634.0,839.0
68.546,559.0,669.0,620.0,840.0
68.554,580.0,672.0,605.0,841.0
68.560,594.0,673.0,590.0,841.0
68.566,614.0,675.0,576.0,841.0
68.572,627.0,676.0,562.0,841.0
68.579,639.0,676.0,546.0,839.0
68.585,659.0,676.0,528.0,840.0
68.592,674.0,675.0,508.0,838.0
68.598,686.0,674.0,491.0,836.0
68.604,698.0,672.0,474.0,832.0
68.611,711.0,669.0,456.0,827.0
68.617,722.0,666.0,437.0,820.0
68.623,731.0,663.0,418.0,809.0
68.629,741.0,658.0,401.0,797.0
68.637,751.0,652.0,384.0,783.0
68.643,759.0,646.0,368.0,767.0
68.649,766.0,640.0,353.0,751.0
68.655,774.0,634.0,341.0,732.0
68.662,779.0,626.0,327.0,712.0
68.668,782.0,619.0,315.0,689.0
68.674,786.0,609.0,305.0,667.0
68.681,791.0,601.0,296.0,644.0
68.688,793.0,592.0,288.0,619.0
68.694,794.0,581.0,281.0,594.0
68.700,795.0,572.0,275.0,570.0
68.706,795.0,562.0,268.0,544.0
68.713,797.0,552.0,264.0,516.0
68.720,797.0,540.0,260.0,489.0
68.726,796.0,527.0,256.0,461.0
68.732,793.0,517.0,253.0,434.0
68.739,789.0,505.0,252.0,408.0
68.745,787.0,493.0,251.0,384.0
68.751,784.0,482.0,252.0,361.0
68.757,778.0,472.0,251.0,340.0
68.765,773.0,460.0,253.0,322.0
68.771,766.0,447.0,255.0,302.0
68.777,759.0,436.0,258.0,284.0
68.783,751.0,426.0,262.0,267.0
68.790,745.0,415.0,267.0,253.0
68.796,734.0,404.0,273.0,240.0
68.802,721.0,395.0,281.0,229.0
68.809,712.0,384.0,289.0,219.0
68.815,700.0,375.0,297.0,213.0
68.822,686.0,365.0,306.0,208.0
68.828,674.0,357.0,318.0,205.0
68.834,662.0,350.0,329.0,202.0
68.840,646.0,342.0,343.0,201.0
68.848,627.0,334.0,355.0,200.0
68.854,613.0,328.0,370.0,200.0
68.860,598.0,322.0,390.0,198.0
68.866,579.0,316.0,411.0,198.0
68.873,560.0,311.0,428.0,198.0
68.879,545.0,308.0,443.0,200.0
68.885,527.0,303.0,463.0,200.0
68.892,509.0,299.0,485.0,201.0
68.899,489.0,297.0,504.0,202.0
68.905,472.0,294.0,526.0,204.0
68.911,454.0,292.0,543.0,206.0
68.917,436.0,290.0,559.0,211.0
68.924,419.0,289.0,573.0,219.0
68.930,407.0,289.0,585.0,229.0
68.937,386.0,289.0,601.0,241.0
68.943,371.0,289.0,621.0,252.0
68.950,359.0,291.0,641.0,267.0
68.956,345.0,292.0,656.0,284.0
68.962,328.0,295.0,671.0,304.0
68.968,316.0,298.0,683.0,325.0
68.976,308.0,301.0,695.0,347.0
68.982,299.0,305.0,705.0,368.0
68.988,287.0,310.0,714.0,391.0
68.994,277.0,316.0,722.0,414.0
69.000,269.0,322.0,729.0,437.0
69.007,263.0,329.0,733.0,459.0
69.013,256.0,337.0,739.0,482.0
69.020,249.0,344.0,742.0,507.0
69.026,245.0,353.0,745.0,534.0
69.033,240.0,363.0,747.0,561.0
69.039,238.0,374.0,751.0,586.0
69.045,235.0,386.0,755.0,610.0
69.051,232.0,397.0,758.0,632.0
69.058,230.0,409.0,761.0,653.0
69.065,230.0,421.0,761.0,674.0
69.071,230.0,435.0,759.0,694.0
69.077,231.0,449.0,756.0,712.0
69.084,231.0,462.0,753.0,728.0
69.090,233.0,478.0,749.0,742.0
69.096,235.0,492.0,744.0,756.0
69.102,239.0,506.0,735.0,768.0
69.110,241.0,520.0,724.0,782.0
69.116,245.0,537.0,716.0,789.0
69.122,250.0,551.0,711.0,797.0
69.128,257.0,566.0,702.0,805.0
69.135,262.0,581.0,685.0,811.0
69.141,268.0,595.0,668.0,815.0
69.148,278.0,609.0,641.0,822.0
69.154,287.0,623.0,624.0,825.0
69.161,295.0,635.0,610.0,826.0
69.167,305.0,648.0,598.0,827.0
69.173,316.0,660.0,584.0,826.0
69.179,331.0,671.0,571.0,825.0
69.186,342.0,681.0,556.0,823.0
69.193,354.0,691.0,536.0,820.0
69.199,369.0,700.0,521.0,815.0
69.205,384.0,709.0,502.0,813.0
69.211,395.0,717.0,482.0,808.0
69.218,412.0,724.0,455.0,804.0
69.224,429.0,729.0,424.0,801.0
69.230,443.0,735.0,409.0,796.0
69.237,452.0,739.0,394.0,787.0
69.244,469.0,744.0,379.0,779.0
69.250,488.0,747.0,367.0,770.0
69.256,502.0,749.0,356.0,754.0
69.262,514.0,751.0,345.0,737.0
69.269,531.0,754.0,341.0,713.0
69.276,547.0,756.0,326.0,692.0
69.282,558.0,756.0,310.0,676.0
69.288,575.0,756.0,299.0,654.0
69.295,588.0,756.0,288.0,631.0
69.301,598.0,755.0,274.0,620.0
69.307,610.0,754.0,261.0,613.0
69.313,620.0,751.0,255.0,597.0
69.321,635.0,747.0,250.0,577.0
69.327,644.0,744.0,245.0,558.0
69.333,653.0,740.0,242.0,535.0
69.339,663.0,734.0,239.0,511.0
69.346,671.0,727.0,234.0,491.0
69.352,680.0,720.0,233.0,465.0
69.358,685.0,714.0,232.0,435.0
69.365,690.0,704.0,231.0,417.0
69.372,696.0,694.0,229.0,398.0
69.378,703.0,684.0,231.0,377.0
69.384,705.0,672.0,230.0,358.0
69.390,708.0,661.0,230.0,348.0
69.397,712.0,647.0,230.0,335.0
69.404,713.0,633.0,231.0,323.0
69.410,715.0,619.0,235.0,308.0
69.416,717.0,603.0,237.0,297.0
69.423,717.0,590.0,241.0,286.0
69.429,718.0,574.0,246.0,276.0
69.435,716.0,559.0,251.0,266.0
69.441,717.0,542.0,258.0,257.0
69.448,714.0,528.0,266.0,247.0
69.455,712.0,514.0,273.0,240.0
69.461,709.0,498.0,282.0,233.0
69.467,706.0,482.0,293.0,228.0
69.473,700.0,467.0,302.0,225.0
69.480,698.0,452.0,314.0,222.0
69.486,692.0,439.0,330.0,218.0
69.493,686.0,424.0,342.0,217.0
69.499,679.0,411.0,357.0,216.0
69.506,674.0,397.0,368.0,216.0
69.512,666.0,384.0,383.0,216.0
69.518,659.0,371.0,399.0,215.0
69.524,652.0,358.0,418.0,216.0
69.532,642.0,350.0,432.0,220.0
69.538,634.0,335.0,446.0,225.0
69.544,623.0,324.0,468.0,230.0
69.550,616.0,314.0,490.0,236.0
69.557,607.0,306.0,508.0,242.0
69.563,596.0,296.0,532.0,248.0
69.569,585.0,288.0,550.0,257.0
69.576,573.0,281.0,565.0,268.0
69.583,563.0,274.0,579.0,279.0
69.589,552.0,269.0,593.0,291.0
69.595,541.0,263.0,606.0,303.0
69.601,527.0,259.0,620.0,315.0
69.608,517.0,254.0,631.0,328.0
69.614,504.0,249.0,641.0,344.0
69.621,494.0,246.0,653.0,362.0
69.627,482.0,244.0,666.0,384.0
69.633,472.0,241.0,677.0,406.0
69.640,460.0,239.0,687.0,431.0
69.646,448.0,238.0,696.0,453.0
69.652,437.0,237.0,703.0,478.0
69.659,429.0,236.0,710.0,502.0
69.666,420.0,236.0,715.0,525.0
69.672,409.0,236.0,720.0,548.0
69.678,397.0,236.0,724.0,569.0
69.684,387.0,238.0,727.0,591.0
69.691,378.0,239.0,729.0,613.0
69.697,370.0,241.0,731.0,635.0
69.704,361.0,244.0,732.0,657.0
69.710,352.0,247.0,732.0,677.0
69.717,345.0,251.0,731.0,698.0
69.723,339.0,256.0,732.0,717.0
69.729,331.0,260.0,729.0,736.0
69.735,323.0,265.0,727.0,753.0
69.742,319.0,273.0,723.0,767.0
69.749,314.0,280.0,719.0,781.0
69.755,309.0,288.0,713.0,794.0
69.761,304.0,296.0,705.0,805.0
69.768,302.0,304.0,697.0,814.0
69.774,299.0,316.0,685.0,824.0
69.780,295.0,327.0,670.0,831.0
69.787,294.0,338.0,661.0,835.0
69.794,292.0,350.0,651.0,836.0
69.800,292.0,363.0,642.0,838.0
69.806,290.0,375.0,628.0,839.0
69.812,291.0,387.0,613.0,840.0
69.819,292.0,399.0,596.0,841.0
69.825,293.0,413.0,579.0,842.0
69.832,296.0,424.0,562.0,841.0
69.838,297.0,439.0,545.0,840.0
69.844,302.0,450.0,527.0,840.0
69.851,305.0,465.0,509.0,838.0
69.857,309.0,477.0,490.0,836.0
69.863,314.0,488.0,474.0,832.0
69.869,319.0,502.0,456.0,827.0
69.877,327.0,515.0,440.0,821.0
69.883,334.0,527.0,423.0,811.0
69.889,342.0,539.0,407.0,801.0
69.895,352.0,549.0,390.0,788.0
69.902,362.0,561.0,374.0,775.0
69.908,372.0,571.0,360.0,759.0
69.915,384.0,582.0,347.0,741.0
69.921,394.0,593.0,335.0,724.0
69.928,407.0,602.0,322.0,703.0
69.934,417.0,614.0,312.0,682.0
69.940,435.0,621.0,302.0,660.0
69.946,449.0,629.0,294.0,637.0
69.953,461.0,637.0,286.0,612.0
69.960,478.0,643.0,279.0,587.0
69.966,492.0,650.0,272.0,560.0
69.972,510.0,655.0,266.0,530.0
69.979,524.0,660.0,262.0,501.0
69.985,540.0,664.0,257.0,473.0
69.991,558.0,669.0,255.0,445.0
69.997,575.0,671.0,252.0,420.0
70.005,589.0,673.0,251.0,395.0
70.011,607.0,675.0,250.0,372.0
70.017,624.0,676.0,251.0,350.0
70.023,637.0,676.0,252.0,330.0
70.030,651.0,676.0,253.0,311.0
70.036,670.0,676.0,257.0,293.0
70.043,684.0,675.0,259.0,276.0
70.049,693.0,673.0,263.0,260.0
70.055,703.0,670.0,270.0,247.0
70.062,716.0,668.0,278.0,233.0
70.068,726.0,664.0,285.0,223.0
70.074,736.0,659.0,292.0,216.0
70.080,746.0,655.0,300.0,210.0
70.088,754.0,650.0,312.0,206.0
70.094,762.0,644.0,324.0,203.0
70.100,768.0,638.0,336.0,202.0
70.106,776.0,631.0,346.0,200.0
70.113,780.0,624.0,360.0,199.0
70.119,784.0,614.0,380.0,199.0
70.125,789.0,606.0,400.0,197.0
70.132,792.0,597.0,415.0,198.0
70.139,794.0,588.0,434.0,200.0
70.145,795.0,578.0,455.0,200.0
70.151,795.0,568.0,477.0,201.0
70.157,797.0,560.0,504.0,201.0
70.164,797.0,548.0,524.0,203.0
70.171,795.0,537.0,542.0,206.0
70.177,793.0,526.0,558.0,211.0
70.183,793.0,515.0,574.0,219.0
70.190,790.0,503.0,590.0,227.0
70.196,787.0,492.0,606.0,236.0
70.202,782.0,480.0,620.0,248.0
70.208,777.0,469.0,634.0,262.0
70.216,773.0,457.0,649.0,277.0
70.222,766.0,446.0,665.0,295.0
70.228,758.0,435.0,678.0,315.0
70.234,750.0,424.0,690.0,336.0
70.241,742.0,413.0,701.0,359.0
70.247,732.0,402.0,710.0,380.0
70.253,720.0,391.0,719.0,403.0
70.260,710.0,382.0,725.0,426.0
70.266,695.0,371.0,732.0,449.0
70.273,681.0,362.0,736.0,471.0
70.279,668.0,354.0,742.0,495.0
70.285,656.0,346.0,744.0,522.0
70.291,636.0,338.0,747.0,549.0
70.299,619.0,331.0,749.0,574.0
70.305,604.0,324.0,754.0,598.0
70.311,585.0,318.0,758.0,621.0
70.317,566.0,312.0,760.0,644.0
70.324,549.0,308.0,760.0,667.0
70.330,533.0,304.0,759.0,687.0
70.336,513.0,300.0,757.0,706.0
70.343,493.0,296.0,754.0,722.0
70.350,476.0,294.0,751.0,736.0
70.356,457.0,292.0,747.0,750.0
70.362,438.0,292.0,740.0,764.0
70.368,421.0,290.0,730.0,776.0
70.375,408.0,289.0,723.0,785.0
70.381,392.0,289.0,718.0,794.0
70.388,374.0,290.0,707.0,802.0
70.394,362.0,290.0,691.0,809.0
70.401,351.0,292.0,672.0,815.0
70.407,333.0,294.0,653.0,819.0
70.413,323.0,297.0,636.0,823.0
70.419,313.0,300.0,622.0,825.0
70.427,302.0,304.0,604.0,826.0
70.433,292.0,308.0,590.0,827.0
70.439,282.0,313.0,583.0,825.0
70.445,274.0,318.0,583.0,821.0
70.452,267.0,324.0,563.0,820.0
70.458,261.0,331.0,541.0,817.0
70.464,254.0,339.0,519.0,814.0
70.471,249.0,346.0,499.0,808.0
70.477,245.0,355.0,475.0,805.0
70.484,241.0,364.0,443.0,803.0
70.490,238.0,374.0,417.0,798.0
70.496,235.0,386.0,401.0,790.0
70.502,233.0,395.0,386.0,783.0
70.509,231.0,408.0,372.0,773.0
70.516,230.0,418.0,356.0,763.0
70.522,230.0,432.0,344.0,750.0
70.528,229.0,445.0,336.0,731.0
70.535,230.0,458.0,327.0,708.0
70.541,232.0,471.0,313.0,691.0
70.547,234.0,487.0,299.0,674.0
70.554,237.0,501.0,289.0,654.0
70.561,240.0,516.0,277.0,637.0
70.567,244.0,532.0,265.0,628.0
70.573,250.0,547.0,259.0,609.0
70.579,256.0,562.0,254.0,589.0
70.586,262.0,576.0,247.0,570.0
70.592,267.0,592.0,244.0,551.0
70.599,276.0,607.0,241.0,528.0
70.605,289.0,621.0,238.0,506.0
70.612,297.0,633.0,233.0,483.0
70.618,303.0,647.0,232.0,457.0
70.624,315.0,660.0,230.0,433.0
70.630,330.0,671.0,229.0,409.0
70.637,342.0,682.0,229.0,386.0
70.644,353.0,692.0,228.0,369.0
70.650,366.0,702.0,229.0,354.0
70.656,379.0,709.0,229.0,341.0
70.662,393.0,717.0,231.0,329.0
70.669,411.0,723.0,233.0,316.0
70.675,426.0,728.0,237.0,301.0
70.682,441.0,735.0,242.0,286.0
70.688,454.0,740.0,247.0,274.0
70.695,473.0,744.0,251.0,265.0
70.701,485.0,745.0,256.0,256.0
70.707,503.0,750.0,264.0,248.0
70.713,510.0,752.0,272.0,240.0
70.720,527.0,754.0,282.0,233.0
70.727,544.0,755.0,292.0,227.0
70.733,558.0,755.0,302.0,223.0
70.739,568.0,756.0,313.0,222.0
70.746,579.0,756.0,324.0,221.0
70.752,597.0,755.0,337.0,218.0
70.758,609.0,753.0,348.0,218.0
70.764,619.0,751.0,368.0,217.0
70.772,633.0,748.0,387.0,215.0
70.778,642.0,744.0,401.0,216.0
70.784,652.0,740.0,417.0,218.0
70.790,661.0,735.0,435.0,220.0
70.797,671.0,728.0,448.0,224.0
70.803,678.0,722.0,466.0,230.0
70.810,684.0,715.0,486.0,238.0
70.816,688.0,705.0,504.0,245.0
70.823,695.0,695.0,527.0,253.0
70.829,700.0,685.0,549.0,259.0
70.835,704.0,674.0,568.0,268.0
70.841,707.0,663.0,582.0,279.0
70.848,711.0,650.0,596.0,292.0
70.855,713.0,638.0,608.0,306.0
70.861,715.0,624.0,622.0,319.0
70.867,717.0,612.0,634.0,334.0
70.874,718.0,596.0,645.0,350.0
70.880,718.0,580.0,658.0,369.0
70.886,716.0,568.0,670.0,389.0
70.892,716.0,551.0,680.0,412.0
70.899,715.0,536.0,689.0,435.0
70.906,713.0,520.0,698.0,459.0
70.912,710.0,505.0,705.0,483.0
70.918,707.0,489.0,711.0,506.0
70.924,704.0,474.0,716.0,530.0
70.931,699.0,458.0,721.0,553.0
70.938,694.0,444.0,724.0,576.0
70.944,689.0,428.0,728.0,596.0
70.950,683.0,415.0,730.0,620.0
70.957,675.0,402.0,731.0,641.0
70.963,668.0,387.0,732.0,664.0
70.969,662.0,374.0,731.0,686.0
70.975,654.0,360.0,731.0,707.0
70.983,646.0,349.0,731.0,724.0
70.989,636.0,336.0,729.0,742.0
70.995,625.0,326.0,726.0,758.0
71.001,617.0,316.0,722.0,772.0
71.008,608.0,307.0,717.0,785.0
71.014,598.0,298.0,709.0,798.0
71.020,586.0,289.0,701.0,809.0
71.027,574.0,281.0,689.0,820.0
71.034,564.0,274.0,677.0,828.0
71.040,551.0,269.0,668.0,832.0
71.046,540.0,262.0,658.0,835.0
71.052,524.0,258.0,648.0,837.0
71.059,513.0,253.0,635.0,839.0
71.066,502.0,249.0,621.0,840.0
71.072,493.0,246.0,606.0,841.0
71.078,479.0,243.0,590.0,841.0
71.085,468.0,241.0,575.0,841.0
71.091,457.0,240.0,560.0,841.0
71.097,445.0,238.0,543.0,840.0
71.103,432.0,236.0,525.0,839.0
71.111,424.0,237.0,506.0,838.0
71.117,414.0,236.0,488.0,836.0
71.123,404.0,236.0,472.0,832.0
71.129,390.0,237.0,455.0,826.0
71.135,381.0,239.0,439.0,818.0
71.142,373.0,241.0,418.0,810.0
71.148,365.0,243.0,401.0,798.0
71.155,356.0,246.0,385.0,783.0
71.161,346.0,249.0,369.0,769.0
71.168,340.0,254.0,354.0,752.0
71.174,334.0,258.0,340.0,735.0
71.180,329.0,263.0,328.0,714.0
71.186,324.0,269.0,318.0,693.0
71.194,317.0,277.0,307.0,671.0
71.200,310.0,283.0,297.0,648.0
71.206,308.0,291.0,289.0,624.0
71.212,305.0,299.0,283.0,600.0
71.219,302.0,308.0,276.0,575.0
71.225,299.0,318.0,270.0,550.0
71.231,296.0,328.0,265.0,526.0
71.238,294.0,337.0,260.0,500.0
71.245,292.0,349.0,258.0,474.0
71.251,292.0,360.0,256.0,448.0
71.257,291.0,373.0,253.0,423.0
71.263,291.0,384.0,252.0,400.0
71.270,292.0,395.0,251.0,377.0
71.276,292.0,408.0,251.0,355.0
71.283,294.0,421.0,251.0,336.0
71.289,296.0,433.0,253.0,316.0
71.296,300.0,444.0,255.0,295.0
71.302,304.0,458.0,260.0,277.0
71.308,308.0,470.0,264.0,261.0
71.314,311.0,482.0,269.0,248.0
71.320,317.0,496.0,278.0,235.0
71.328,323.0,508.0,285.0,223.0
71.334,329.0,520.0,297.0,212.0
71.340,336.0,533.0,305.0,208.0
71.346,344.0,545.0,314.0,206.0
71.353,354.0,557.0,324.0,204.0
71.359,366.0,567.0,338.0,201.0
71.366,376.0,578.0,347.0,201.0
71.372,388.0,589.0,363.0,200.0
71.379,399.0,600.0,380.0,200.0
71.385,412.0,609.0,396.0,198.0
71.391,430.0,618.0,407.0,198.0
71.397,441.0,627.0,424.0,199.0
71.404,455.0,634.0,446.0,199.0
71.411,470.0,640.0,467.0,200.0
71.417,485.0,647.0,492.0,201.0
71.423,504.0,653.0,514.0,202.0
71.430,519.0,657.0,534.0,204.0
71.436,536.0,663.0,551.0,208.0
71.442,557.0,667.0,567.0,215.0
71.448,573.0,670.0,582.0,224.0
71.456,587.0,671.0,596.0,234.0
71.462,606.0,675.0,609.0,247.0
71.468,622.0,675.0,625.0,261.0
71.474,636.0,677.0,640.0,277.0
71.481,652.0,676.0,660.0,293.0
71.487,669.0,676.0,674.0,313.0
71.494,681.0,675.0,687.0,331.0
71.500,694.0,673.0,698.0,354.0
71.506,703.0,670.0,707.0,376.0
71.513,715.0,667.0,717.0,399.0
71.519,729.0,663.0,725.0,422.0
71.525,735.0,660.0,731.0,446.0
71.531,744.0,655.0,736.0,469.0
71.539,755.0,650.0,742.0,492.0
71.545,762.0,644.0,746.0,516.0
71.551,767.0,637.0,749.0,542.0
71.557,774.0,632.0,753.0,568.0
71.564,779.0,624.0,755.0,593.0
71.570,783.0,616.0,759.0,617.0
71.576,788.0,608.0,760.0,640.0
71.583,791.0,599.0,761.0,662.0
71.590,794.0,590.0,759.0,684.0
71.596,794.0,580.0,755.0,702.0
71.602,796.0,571.0,756.0,718.0
71.608,797.0,560.0,753.0,731.0
71.615,796.0,550.0,750.0,745.0
71.622,795.0,540.0,743.0,759.0
71.628,796.0,529.0,733.0,770.0
71.634,794.0,519.0,723.0,783.0
71.641,792.0,507.0,719.0,790.0
71.647,789.0,496.0,712.0,799.0
71.653,784.0,485.0,696.0,807.0
71.659,780.0,475.0,678.0,814.0
71.667,776.0,463.0,656.0,818.0
71.673,769.0,451.0,637.0,823.0
71.679,761.0,441.0,622.0,825.0
71.685,755.0,430.0,610.0,825.0
71.692,749.0,419.0,594.0,827.0
71.698,739.0,408.0,583.0,825.0
71.704,727.0,398.0,577.0,823.0
71.711,715.0,389.0,566.0,821.0
71.717,705.0,379.0,546.0,819.0
71.724,692.0,369.0,527.0,815.0
71.730,679.0,361.0,506.0,811.0
71.736,666.0,352.0,487.0,806.0
71.742,650.0,345.0,464.0,802.0
71.750,633.0,336.0,433.0,799.0
71.756,617.0,330.0,412.0,794.0
71.762,602.0,324.0,395.0,785.0
71.768,581.0,318.0,378.0,777.0
71.775,564.0,311.0,368.0,763.0
71.781,548.0,307.0,361.0,748.0
71.787,529.0,304.0,353.0,728.0
71.794,510.0,301.0,342.0,709.0
71.801,491.0,296.0,325.0,691.0
71.807,473.0,294.0,312.0,674.0
71.813,455.0,292.0,301.0,654.0
71.819,435.0,290.0,288.0,637.0
71.826,419.0,290.0,276.0,624.0
71.832,404.0,289.0,264.0,617.0
71.839,387.0,289.0,257.0,603.0
71.845,371.0,291.0,251.0,581.0
71.852,356.0,291.0,246.0,559.0
71.858,343.0,293.0,244.0,537.0
71.864,328.0,295.0,242.0,515.0
71.870,318.0,297.0,238.0,497.0
71.878,307.0,301.0,235.0,475.0
71.884,296.0,305.0,231.0,451.0
71.890,287.0,310.0,227.0,430.0
71.896,278.0,316.0,227.0,408.0
71.903,272.0,322.0,230.0,386.0
71.909,264.0,329.0,229.0,368.0
71.915,257.0,335.0,229.0,355.0
71.922,251.0,343.0,228.0,342.0
71.928,247.0,352.0,231.0,327.0
71.935,242.0,360.0,233.0,313.0
71.941,238.0,371.0,237.0,300.0
71.947,236.0,380.0,240.0,288.0
71.953,234.0,392.0,245.0,276.0
71.960,232.0,403.0,251.0,266.0
71.967,230.0,414.0,257.0,257.0
71.973,230.0,426.0,265.0,247.0
71.979,230.0,439.0,274.0,239.0
71.986,230.0,452.0,284.0,232.0
71.992,231.0,464.0,296.0,227.0
71.998,232.0,478.0,306.0,224.0
72.005,235.0,493.0,321.0,220.0
72.012,238.0,506.0,333.0,218.0
72.018,241.0,520.0,348.0,216.0
72.024,244.0,535.0,361.0,215.0
72.030,250.0,548.0,376.0,216.0
72.037,256.0,563.0,392.0,216.0
72.043,262.0,576.0,410.0,216.0
72.050,267.0,593.0,425.0,219.0
72.056,278.0,605.0,440.0,222.0
72.063,287.0,619.0,454.0,227.0
72.069,296.0,631.0,471.0,234.0
72.075,302.0,644.0,489.0,242.0
72.081,314.0,657.0,509.0,250.0
72.088,329.0,668.0,532.0,257.0
72.095,340.0,679.0,555.0,264.0
72.101,349.0,690.0,575.0,273.0
72.107,365.0,700.0,590.0,284.0
72.114,383.0,708.0,604.0,298.0
72.120,394.0,716.0,615.0,313.0
72.126,412.0,723.0,628.0,327.0
72.133,430.0,730.0,640.0,343.0
72.139,443.0,736.0,653.0,360.0
72.146,455.0,740.0,665.0,383.0
72.152,478.0,745.0,677.0,405.0
72.158,493.0,749.0,688.0,431.0
72.164,504.0,751.0,697.0,455.0
72.171,515.0,753.0,704.0,479.0
72.178,532.0,754.0,711.0,504.0
72.184,552.0,756.0,716.0,529.0
72.190,563.0,757.0,721.0,553.0
72.197,576.0,755.0,725.0,574.0
72.203,591.0,755.0,728.0,596.0
72.209,602.0,754.0,730.0,618.0
72.215,614.0,752.0,732.0,638.0
72.223,625.0,749.0,732.0,659.0
72.229,637.0,746.0,732.0,682.0
72.235,646.0,742.0,731.0,703.0
72.241,657.0,736.0,730.0,720.0
72.248,665.0,730.0,729.0,737.0
72.254,675.0,724.0,726.0,754.0
72.261,682.0,717.0,724.0,767.0
72.267,687.0,707.0,720.0,781.0
72.274,694.0,698.0,714.0,794.0
72.280,700.0,688.0,706.0,803.0
72.286,704.0,676.0,697.0,814.0
72.292,708.0,664.0,684.0,824.0
72.299,710.0,653.0,672.0,831.0
72.306,714.0,639.0,662.0,835.0
72.312,715.0,626.0,652.0,836.0
72.318,716.0,612.0,643.0,838.0
72.325,718.0,597.0,631.0,839.0
72.331,717.0,584.0,615.0,840.0
72.337,717.0,568.0,598.0,840.0
72.343,716.0,554.0,579.0,841.0
72.350,716.0,538.0,562.0,841.0
72.357,713.0,524.0,545.0,840.0
72.363,711.0,510.0,528.0,838.0
72.369,708.0,493.0,510.0,838.0
72.375,704.0,479.0,491.0,836.0
72.382,701.0,464.0,474.0,832.0
72.389,696.0,448.0,456.0,827.0
72.395,690.0,435.0,440.0,819.0
72.401,686.0,420.0,422.0,811.0
72.408,679.0,407.0,404.0,800.0
72.414,673.0,394.0,388.0,787.0
72.420,667.0,380.0,373.0,773.0
72.426,658.0,369.0,358.0,756.0
72.434,652.0,356.0,344.0,740.0
72.440,641.0,346.0,332.0,720.0
72.446,633.0,333.0,321.0,700.0
72.452,622.0,322.0,310.0,678.0
72.459,614.0,313.0,300.0,655.0
72.465,603.0,304.0,292.0,632.0
72.471,593.0,294.0,285.0,606.0
72.478,581.0,285.0,277.0,579.0
72.485,571.0,279.0,271.0,550.0
72.491,559.0,272.0,264.0,522.0
72.497,547.0,265.0,260.0,491.0
72.503,534.0,260.0,256.0,462.0
72.510,522.0,255.0,254.0,434.0
72.517,512.0,253.0,251.0,410.0
72.523,500.0,247.0,251.0,384.0
72.529,487.0,245.0,251.0,362.0
72.535,476.0,241.0,251.0,341.0
72.542,463.0,240.0,253.0,321.0
72.548,450.0,238.0,255.0,304.0
72.554,439.0,237.0,257.0,287.0
72.561,429.0,236.0,260.0,273.0
72.568,419.0,236.0,264.0,260.0
72.574,409.0,236.0,270.0,247.0
72.580,398.0,237.0,276.0,235.0
72.586,387.0,238.0,283.0,225.0
72.593,378.0,239.0,291.0,217.0
72.599,369.0,243.0,300.0,211.0
72.606,361.0,245.0,309.0,207.0
72.612,350.0,247.0,321.0,204.0
72.619,342.0,252.0,333.0,202.0
72.625,336.0,255.0,343.0,200.0
72.631,330.0,262.0,356.0,200.0
72.637,324.0,267.0,374.0,199.0
72.645,319.0,275.0,394.0,198.0
72.651,314.0,281.0,410.0,197.0
72.657,308.0,290.0,427.0,199.0
72.663,303.0,297.0,441.0,200.0
72.670,302.0,307.0,465.0,201.0
72.676,299.0,317.0,489.0,201.0
72.682,296.0,327.0,511.0,202.0
72.689,293.0,338.0,529.0,203.0
72.696,292.0,350.0,545.0,207.0
72.702,291.0,361.0,560.0,212.0
72.708,292.0,373.0,572.0,221.0
72.714,291.0,384.0,589.0,229.0
72.721,293.0,396.0,607.0,241.0
72.727,293.0,409.0,625.0,253.0
72.734,294.0,421.0,641.0,269.0
72.740,297.0,432.0,655.0,289.0
72.746,299.0,445.0,669.0,309.0
72.753,302.0,457.0,684.0,326.0
72.759,306.0,471.0,694.0,348.0
72.765,310.0,482.0,705.0,368.0
72.771,317.0,491.0,715.0,391.0
72.779,321.0,504.0,721.0,413.0
72.785,327.0,516.0,728.0,436.0
72.791,333.0,528.0,735.0,458.0
72.797,343.0,538.0,739.0,481.0
72.804,352.0,550.0,742.0,505.0
72.810,361.0,561.0,745.0,532.0
72.817,370.0,573.0,749.0,559.0
72.823,382.0,583.0,751.0,585.0
72.830,392.0,594.0,755.0,609.0
72.836,403.0,603.0,758.0,633.0
72.842,416.0,613.0,761.0,655.0
72.848,431.0,623.0,761.0,677.0
72.855,446.0,629.0,759.0,696.0
72.862,460.0,637.0,755.0,715.0
72.868,474.0,643.0,750.0,732.0
72.874,489.0,650.0,746.0,744.0
72.881,510.0,655.0,743.0,757.0
72.887,523.0,659.0,738.0,767.0
72.893,539.0,664.0,730.0,779.0
72.899,557.0,668.0,716.0,790.0
72.907,575.0,671.0,704.0,799.0
72.913,591.0,674.0,693.0,807.0
72.919,612.0,675.0,681.0,812.0
72.925,626.0,676.0,665.0,817.0
72.932,639.0,677.0,643.0,822.0
72.938,658.0,676.0,624.0,825.0
72.945,675.0,676.0,608.0,826.0
72.951,688.0,674.0,594.0,827.0
72.957,698.0,670.0,581.0,825.0
72.964,711.0,669.0,574.0,825.0
72.970,723.0,666.0,572.0,820.0
72.976,733.0,661.0,553.0,819.0
72.982,742.0,656.0,533.0,817.0
72.990,752.0,651.0,510.0,813.0
72.996,761.0,646.0,489.0,809.0
73.002,766.0,639.0,464.0,804.0
73.008,774.0,633.0,430.0,803.0
73.015,780.0,625.0,412.0,796.0
73.021,783.0,617.0,397.0,787.0
73.027,787.0,608.0,381.0,779.0
73.034,792.0,600.0,370.0,765.0
73.041,794.0,591.0,357.0,751.0
73.047,795.0,580.0,347.0,732.0
73.053,796.0,571.0,341.0,708.0
73.059,797.0,562.0,326.0,693.0
73.066,797.0,551.0,313.0,674.0
73.073,797.0,539.0,305.0,652.0
73.079,795.0,529.0,296.0,631.0
73.085,793.0,518.0,282.0,616.0
73.092,790.0,507.0,268.0,607.0
73.098,788.0,496.0,257.0,599.0
73.104,784.0,485.0,252.0,582.0
73.110,781.0,475.0,246.0,560.0
73.118,776.0,465.0,241.0,543.0
73.124,769.0,453.0,238.0,520.0
73.130,763.0,442.0,235.0,497.0
73.136,756.0,432.0,232.0,473.0
73.143,750.0,422.0,232.0,446.0
73.149,739.0,412.0,230.0,423.0
73.155,730.0,401.0,230.0,407.0
73.162,721.0,391.0,228.0,389.0
73.168,710.0,382.0,229.0,372.0
73.175,696.0,373.0,228.0,357.0
73.181,683.0,364.0,229.0,345.0
73.187,672.0,356.0,231.0,330.0
73.193,660.0,349.0,234.0,315.0
73.201,643.0,341.0,236.0,302.0
73.207,627.0,335.0,241.0,290.0
73.213,611.0,327.0,245.0,278.0
73.219,592.0,320.0,252.0,267.0
73.226,574.0,315.0,256.0,259.0
73.232,558.0,311.0,261.0,251.0
73.238,543.0,306.0,269.0,243.0
73.245,523.0,302.0,278.0,236.0
73.252,503.0,298.0,287.0,230.0
73.258,484.0,295.0,299.0,226.0
73.264,469.0,293.0,311.0,222.0
73.270,447.0,291.0,327.0,219.0
73.277,431.0,289.0,339.0,217.0
73.283,414.0,288.0,351.0,216.0
73.290,398.0,289.0,368.0,216.0
73.296,380.0,290.0,385.0,216.0
73.303,366.0,289.0,402.0,215.0
73.309,354.0,292.0,419.0,216.0
73.315,336.0,294.0,434.0,219.0
73.321,324.0,296.0,445.0,224.0
73.329,313.0,300.0,461.0,229.0
73.335,303.0,303.0,482.0,234.0
73.341,291.0,308.0,505.0,240.0
73.347,282.0,313.0,527.0,247.0
73.353,273.0,319.0,546.0,257.0
73.360,267.0,326.0,564.0,267.0
73.366,259.0,333.0,581.0,279.0
73.373,253.0,341.0,596.0,292.0
73.379,248.0,349.0,609.0,305.0
73.386,243.0,359.0,623.0,319.0
73.392,239.0,369.0,635.0,333.0
73.398,236.0,378.0,646.0,350.0
73.404,234.0,390.0,654.0,371.0
73.411,231.0,401.0,665.0,391.0
73.418,232.0,414.0,678.0,411.0
73.424,230.0,424.0,689.0,436.0
73.430,231.0,438.0,699.0,462.0
73.437,230.0,451.0,706.0,488.0
73.443,231.0,464.0,712.0,513.0
73.449,233.0,478.0,719.0,539.0
73.456,235.0,493.0,722.0,563.0
73.463,238.0,508.0,726.0,586.0
73.469,242.0,522.0,729.0,609.0
73.475,246.0,537.0,731.0,630.0
73.481,251.0,552.0,732.0,651.0
73.488,257.0,567.0,733.0,671.0
73.494,263.0,581.0,733.0,691.0
73.501,270.0,595.0,731.0,710.0
73.507,279.0,610.0,729.0,731.0
73.514,289.0,622.0,725.0,749.0
73.520,297.0,635.0,722.0,765.0
73.526,303.0,647.0,720.0,777.0
73.532,316.0,660.0,716.0,788.0
73.539,331.0,670.0,709.0,800.0
73.546,341.0,681.0,702.0,811.0
73.552,355.0,691.0,691.0,820.0
73.558,368.0,701.0,677.0,829.0
73.565,380.0,709.0,661.0,835.0
73.571,392.0,715.0,650.0,837.0
73.577,413.0,723.0,640.0,839.0
73.584,428.0,729.0,632.0,839.0
73.590,441.0,733.0,619.0,839.0
73.597,454.0,739.0,601.0,841.0
73.603,471.0,743.0,582.0,842.0
73.609,491.0,748.0,566.0,842.0
73.615,502.0,750.0,551.0,841.0
73.622,515.0,752.0,536.0,840.0
73.629,533.0,755.0,518.0,839.0
73.635,552.0,756.0,499.0,838.0
73.641,564.0,756.0,482.0,835.0
73.648,578.0,756.0,466.0,830.0
73.654,592.0,756.0,448.0,824.0
73.660,603.0,754.0,430.0,815.0
73.666,613.0,752.0,412.0,806.0
73.674,628.0,750.0,394.0,793.0
73.680,640.0,746.0,378.0,778.0
73.686,649.0,742.0,363.0,762.0
73.692,657.0,736.0,349.0,745.0
73.699,669.0,730.0,335.0,725.0
73.705,678.0,723.0,324.0,705.0
73.712,683.0,715.0,312.0,683.0
73.718,688.0,707.0,302.0,660.0
73.725,694.0,696.0,294.0,637.0
73.731,700.0,685.0,286.0,612.0
73.737,705.0,673.0,279.0,587.0
73.743,709.0,660.0,273.0,563.0
73.750,710.0,649.0,267.0,536.0
73.757,713.0,637.0,263.0,508.0
73.763,716.0,622.0,259.0,482.0
73.769,716.0,610.0,256.0,455.0
73.775,717.0,594.0,253.0,429.0
73.782,717.0,579.0,251.0,405.0
73.788,716.0,565.0,251.0,382.0
73.794,715.0,549.0,252.0,360.0
73.801,713.0,534.0,251.0,340.0
73.808,712.0,519.0,253.0,320.0
73.814,709.0,505.0,256.0,300.0
73.820,707.0,488.0,259.0,282.0
73.826,703.0,474.0,262.0,265.0
73.833,699.0,459.0,268.0,251.0
73.840,694.0,444.0,274.0,238.0
73.846,689.0,431.0,282.0,227.0
73.852,684.0,416.0,290.0,217.0
73.859,678.0,403.0,298.0,212.0
73.865,671.0,391.0,308.0,207.0
73.871,664.0,377.0,319.0,204.0
73.877,657.0,367.0,331.0,203.0
73.885,651.0,352.0,342.0,200.0
73.891,640.0,342.0,355.0,200.0
73.897,631.0,330.0,371.0,199.0
73.903,623.0,321.0,390.0,199.0
73.910,615.0,312.0,410.0,198.0
73.916,605.0,304.0,429.0,198.0
73.922,595.0,296.0,445.0,200.0
73.929,584.0,286.0,467.0,200.0
73.936,574.0,280.0,485.0,201.0
73.942,563.0,273.0,509.0,201.0
73.948,551.0,268.0,528.0,204.0
73.954,539.0,262.0,545.0,207.0
73.961,526.0,257.0,561.0,212.0
73.968,516.0,252.0,576.0,219.0
73.974,504.0,249.0,592.0,228.0
73.980,493.0,245.0,605.0,238.0
73.986,480.0,242.0,620.0,250.0
73.993,470.0,241.0,635.0,264.0
73.999,458.0,239.0,651.0,280.0
74.005,443.0,237.0,667.0,298.0
74.012,432.0,237.0,680.0,319.0
74.019,424.0,237.0,692.0,341.0
74.025,412.0,235.0,701.0,363.0
74.031,401.0,236.0,712.0,387.0
74.037,389.0,237.0,720.0,409.0
74.044,380.0,239.0,728.0,432.0
74.050,371.0,241.0,733.0,456.0
74.057,363.0,244.0,739.0,479.0
74.063,353.0,247.0,743.0,501.0
74.070,346.0,251.0,746.0,527.0
74.076,338.0,255.0,747.0,551.0
74.082,331.0,261.0,750.0,579.0
74.088,324.0,266.0,752.0,602.0
74.096,320.0,272.0,755.0,624.0
74.102,312.0,280.0,757.0,646.0
74.108,309.0,289.0,761.0,666.0
74.114,305.0,297.0,761.0,686.0
74.121,302.0,306.0,757.0,705.0
74.127,300.0,315.0,754.0,722.0
74.133,296.0,326.0,749.0,737.0
74.140,294.0,337.0,746.0,750.0
74.147,293.0,348.0,740.0,761.0
74.153,294.0,359.0,732.0,774.0
74.159,292.0,372.0,723.0,784.0
74.165,293.0,384.0,716.0,793.0
74.172,293.0,396.0,709.0,801.0
74.178,296.0,407.0,693.0,809.0
74.185,296.0,421.0,676.0,814.0
74.191,298.0,433.0,651.0,821.0
74.197,301.0,446.0,632.0,824.0
74.204,304.0,460.0,619.0,825.0
74.210,307.0,472.0,608.0,826.0
74.216,312.0,484.0,594.0,826.0
74.222,317.0,495.0,580.0,826.0
74.230,322.0,508.0,569.0,823.0
74.236,331.0,519.0,550.0,823.0
74.242,336.0,531.0,533.0,819.0
74.248,343.0,544.0,517.0,815.0
74.255,354.0,553.0,496.0,812.0
74.261,361.0,566.0,474.0,808.0
74.268,373.0,574.0,444.0,805.0
74.274,385.0,585.0,422.0,800.0
74.281,394.0,596.0,405.0,794.0
74.287,407.0,605.0,391.0,786.0
74.293,418.0,614.0,376.0,776.0
74.299,436.0,622.0,363.0,766.0
74.306,448.0,630.0,348.0,752.0
74.313,461.0,637.0,339.0,731.0
74.319,477.0,643.0,330.0,709.0
74.325,492.0,650.0,320.0,686.0
74.332,507.0,655.0,307.0,665.0
74.338,523.0,660.0,294.0,647.0
74.344,540.0,665.0,283.0,628.0
74.350,556.0,668.0,270.0,617.0
74.358,575.0,671.0,260.0,611.0
74.364,588.0,672.0,253.0,591.0
74.370,608.0,674.0,248.0,571.0
74.376,623.0,676.0,243.0,551.0
74.382,636.0,676.0,239.0,527.0
74.389,651.0,676.0,236.0,504.0
74.396,670.0,676.0,233.0,481.0
74.402,682.0,675.0,233.0,453.0
74.408,692.0,673.0,233.0,427.0
74.415,705.0,671.0,230.0,411.0
74.421,720.0,668.0,231.0,391.0
74.427,728.0,664.0,230.0,370.0
74.433,736.0,660.0,230.0,356.0
74.441,747.0,655.0,230.0,344.0
74.447,755.0,650.0,231.0,330.0
74.453,763.0,644.0,232.0,317.0
74.459,769.0,636.0,235.0,304.0
74.466,775.0,631.0,239.0,293.0
74.472,779.0,623.0,244.0,281.0
74.478,784.0,615.0,248.0,271.0
74.485,789.0,606.0,254.0,262.0
74.492,791.0,598.0,260.0,252.0
74.498,793.0,588.0,268.0,244.0
74.504,795.0,579.0,277.0,237.0
74.510,796.0,569.0,286.0,231.0
74.517,797.0,559.0,296.0,227.0
74.524,797.0,548.0,307.0,223.0
74.530,796.0,536.0,321.0,220.0
74.536,794.0,526.0,335.0,218.0
74.543,793.0,515.0,349.0,216.0
74.549,791.0,504.0,363.0,216.0
74.555,787.0,492.0,380.0,215.0
74.561,782.0,481.0,394.0,215.0
74.569,778.0,470.0,414.0,215.0
74.575,773.0,458.0,427.0,218.0
74.581,766.0,446.0,440.0,222.0
74.587,758.0,435.0,456.0,226.0
74.593,752.0,426.0,477.0,232.0
74.600,744.0,415.0,499.0,237.0
74.606,734.0,404.0,521.0,245.0
74.613,722.0,394.0,539.0,254.0
74.619,712.0,385.0,557.0,265.0
74.626,701.0,374.0,575.0,274.0
74.632,688.0,365.0,592.0,286.0
74.638,674.0,358.0,604.0,300.0
74.644,662.0,351.0,618.0,314.0
74.652,646.0,342.0,630.0,327.0
74.658,629.0,334.0,642.0,341.0
74.664,614.0,329.0,651.0,358.0
74.670,599.0,322.0,659.0,379.0
74.677,579.0,317.0,672.0,399.0
74.683,562.0,312.0,682.0,422.0
74.689,546.0,308.0,694.0,446.0
74.696,528.0,303.0,702.0,472.0
74.703,510.0,300.0,709.0,497.0
74.709,491.0,296.0,714.0,523.0
74.715,474.0,293.0,720.0,547.0
74.721,455.0,292.0,724.0,571.0
74.728,438.0,290.0,727.0,594.0
74.734,421.0,291.0,730.0,615.0
74.741,408.0,288.0,731.0,637.0
74.747,390.0,289.0,732.0,658.0
74.754,373.0,291.0,733.0,678.0
74.760,359.0,290.0,731.0,699.0
74.766,346.0,292.0,730.0,718.0
74.772,330.0,294.0,728.0,737.0
74.779,318.0,297.0,726.0,753.0
74.786,308.0,301.0,722.0,767.0
74.792,299.0,305.0,720.0,780.0
74.798,288.0,310.0,714.0,792.0
74.804,277.0,314.0,708.0,802.0
74.811,271.0,321.0,700.0,812.0
74.817,264.0,328.0,688.0,823.0
74.824,256.0,336.0,673.0,831.0
74.830,250.0,344.0,660.0,835.0
74.837,246.0,354.0,651.0,837.0
74.843,241.0,363.0,642.0,838.0
74.849,238.0,375.0,631.0,839.0
74.855,235.0,387.0,615.0,840.0
74.862,232.0,397.0,593.0,841.0
74.869,232.0,409.0,573.0,842.0
74.875,229.0,421.0,555.0,842.0
74.881,230.0,436.0,538.0,840.0
74.888,230.0,449.0,523.0,839.0
74.894,232.0,462.0,503.0,837.0
74.900,233.0,477.0,483.0,835.0
74.907,234.0,492.0,465.0,829.0
74.914,237.0,506.0,449.0,824.0
74.920,242.0,521.0,432.0,817.0
74.926,245.0,536.0,416.0,807.0
74.932,250.0,551.0,400.0,797.0
74.939,256.0,566.0,385.0,784.0
74.945,262.0,581.0,371.0,771.0
74.952,268.0,596.0,357.0,755.0
74.958,277.0,611.0,345.0,738.0
74.965,288.0,624.0,332.0,720.0
74.971,297.0,637.0,320.0,701.0
74.977,304.0,650.0,310.0,679.0
74.983,317.0,662.0,301.0,656.0
74.989,333.0,671.0,293.0,633.0
74.997,344.0,683.0,285.0,606.0
75.003,356.0,693.0,276.0,578.0
75.009,372.0,702.0,270.0,549.0
75.015,385.0,710.0,264.0,519.0
75.022,395.0,716.0,259.0,490.0
75.028,413.0,724.0,256.0,462.0
75.035,432.0,731.0,254.0,434.0
75.041,445.0,735.0,252.0,408.0
75.048,455.0,740.0,251.0,385.0
75.054,477.0,745.0,251.0,362.0
75.060,491.0,748.0,252.0,342.0
75.066,502.0,750.0,253.0,323.0
75.073,516.0,752.0,255.0,305.0
75.080,533.0,755.0,257.0,288.0
75.086,548.0,755.0,261.0,271.0
75.092,560.0,756.0,265.0,256.0
75.099,576.0,756.0,271.0,242.0
75.105,589.0,755.0,279.0,229.0
75.111,601.0,753.0,287.0,220.0
75.117,612.0,753.0,296.0,213.0
75.125,622.0,750.0,306.0,208.0
75.131,636.0,747.0,318.0,205.0
75.137,647.0,743.0,329.0,203.0
75.143,656.0,738.0,343.0,201.0
75.150,663.0,733.0,355.0,200.0
75.156,672.0,726.0,366.0,200.0
75.163,681.0,719.0,384.0,198.0
75.169,686.0,711.0,403.0,198.0
75.175,692.0,701.0,415.0,199.0
75.182,700.0,690.0,433.0,200.0
75.188,704.0,680.0,459.0,199.0
75.194,707.0,668.0,481.0,201.0
75.200,711.0,655.0,505.0,201.0
75.208,714.0,642.0,527.0,204.0
75.214,715.0,628.0,546.0,207.0
75.220,716.0,614.0,564.0,213.0
75.226,717.0,598.0,581.0,221.0
75.233,717.0,583.0,597.0,231.0
75.239,716.0,568.0,612.0,241.0
75.245,715.0,552.0,626.0,252.0
75.252,715.0,537.0,640.0,265.0
75.259,713.0,522.0,652.0,280.0
75.265,710.0,507.0,665.0,297.0
75.271,707.0,491.0,678.0,316.0
75.277,704.0,475.0,689.0,337.0
75.284,699.0,460.0,700.0,357.0
75.291,695.0,444.0,709.0,379.0
75.297,688.0,431.0,718.0,402.0
75.303,682.0,417.0,725.0,424.0
75.310,677.0,403.0,732.0,448.0
75.316,669.0,390.0,738.0,472.0
75.322,663.0,376.0,741.0,499.0
75.328,655.0,365.0,744.0,527.0
75.336,647.0,352.0,749.0,554.0
75.342,637.0,341.0,755.0,578.0
75.348,628.0,328.0,758.0,604.0
75.354,617.0,319.0,759.0,627.0
75.361,611.0,309.0,759.0,653.0
75.367,600.0,300.0,759.0,673.0
75.373,589.0,291.0,759.0,690.0
75.380,577.0,282.0,758.0,708.0
75.386,566.0,276.0,755.0,723.0
75.393,556.0,271.0,751.0,737.0
75.399,545.0,265.0,746.0,750.0
75.405,532.0,259.0,737.0,763.0
75.411,521.0,255.0,730.0,775.0
75.419,508.0,251.0,724.0,785.0
75.425,497.0,247.0,717.0,793.0
75.431,487.0,245.0,707.0,801.0
75.437,476.0,241.0,689.0,810.0
75.444,464.0,240.0,672.0,816.0
75.450,452.0,238.0,656.0,818.0
75.456,443.0,238.0,638.0,824.0
75.463,432.0,236.0,623.0,825.0
75.470,425.0,236.0,610.0,825.0
75.476,415.0,237.0,591.0,827.0
75.482,403.0,238.0,586.0,825.0
75.488,392.0,237.0,583.0,821.0
75.495,384.0,238.0,565.0,820.0
75.501,376.0,241.0,543.0,818.0
75.508,367.0,244.0,524.0,813.0
75.514,356.0,246.0,504.0,811.0
75.521,349.0,249.0,483.0,807.0
75.527,341.0,254.0,455.0,805.0
75.533,333.0,258.0,427.0,802.0
75.539,328.0,263.0,409.0,795.0
75.547,321.0,270.0,392.0,786.0
75.553,317.0,277.0,376.0,777.0
75.559,310.0,285.0,360.0,767.0
75.565,305.0,293.0,348.0,753.0
75.572,303.0,301.0,335.0,742.0
75.578,301.0,311.0,328.0,722.0
75.584,298.0,321.0,317.0,703.0
75.591,294.0,331.0,305.0,683.0
75.597,292.0,343.0,296.0,662.0
75.604,291.0,356.0,284.0,646.0
75.610,291.0,367.0,271.0,636.0
75.616,291.0,380.0,262.0,621.0
75.622,292.0,392.0,257.0,600.0
75.629,292.0,405.0,251.0,582.0
75.636,293.0,418.0,245.0,562.0
75.642,296.0,429.0,241.0,543.0
75.648,300.0,441.0,238.0,520.0
75.655,303.0,455.0,234.0,498.0
75.661,307.0,469.0,232.0,473.0
75.667,311.0,481.0,230.0,448.0
75.674,318.0,493.0,230.0,422.0
75.681,322.0,507.0,229.0,399.0
75.687,330.0,520.0,229.0,380.0
75.693,336.0,531.0,228.0,363.0
75.699,345.0,542.0,230.0,349.0
75.706,355.0,553.0,229.0,336.0
75.712,365.0,563.0,230.0,323.0
75.719,375.0,575.0,233.0,310.0
75.725,387.0,585.0,237.0,297.0
75.732,398.0,595.0,242.0,284.0
75.738,412.0,604.0,249.0,272.0
75.744,420.0,614.0,252.0,263.0
75.750,436.0,624.0,259.0,254.0
75.757,449.0,631.0,267.0,245.0
75.764,463.0,637.0,276.0,237.0
75.770,479.0,642.0,285.0,231.0
75.776,493.0,650.0,296.0,226.0
75.782,509.0,655.0,306.0,222.0
75.789,524.0,660.0,319.0,220.0
75.795,541.0,664.0,330.0,219.0
75.802,558.0,668.0,346.0,218.0
75.808,576.0,671.0,359.0,217.0
75.815,589.0,673.0,376.0,217.0
75.821,606.0,675.0,393.0,216.0
75.827,624.0,676.0,414.0,215.0
75.833,637.0,677.0,427.0,217.0
75.840,650.0,677.0,439.0,222.0
75.847,668.0,676.0,450.0,228.0
75.853,684.0,675.0,472.0,235.0
75.859,691.0,673.0,494.0,242.0
75.866,704.0,669.0,515.0,251.0
75.872,716.0,668.0,538.0,258.0
75.878,726.0,664.0,562.0,264.0
75.884,736.0,660.0,577.0,276.0
75.892,746.0,655.0,592.0,287.0
75.898,754.0,650.0,604.0,301.0
75.904,761.0,646.0,616.0,315.0
75.910,767.0,638.0,630.0,327.0
75.917,774.0,631.0,641.0,343.0
75.923,778.0,625.0,653.0,361.0
75.930,783.0,617.0,665.0,382.0
75.936,788.0,608.0,676.0,402.0
75.943,792.0,599.0,686.0,426.0
75.949,794.0,590.0,695.0,449.0
75.955,795.0,581.0,702.0,473.0
75.961,796.0,571.0,709.0,498.0
75.967,797.0,562.0,713.0,522.0
75.975,797.0,551.0,720.0,544.0
75.981,797.0,540.0,724.0,568.0
75.987,795.0,530.0,726.0,592.0
75.993,794.0,518.0,728.0,613.0
76.000,791.0,506.0,730.0,634.0
76.006,788.0,495.0,731.0,656.0
76.012,784.0,484.0,732.0,678.0
76.019,779.0,473.0,732.0,699.0
76.026,775.0,461.0,732.0,719.0
76.032,768.0,449.0,730.0,735.0
76.038,760.0,437.0,727.0,752.0
76.044,753.0,427.0,723.0,768.0
76.051,745.0,417.0,717.0,783.0
76.058,736.0,405.0,710.0,796.0
76.064,724.0,395.0,703.0,808.0
76.070,713.0,385.0,694.0,817.0
76.077,701.0,375.0,681.0,826.0
76.083,686.0,365.0,671.0,831.0
76.089,673.0,357.0,661.0,835.0
76.095,661.0,349.0,651.0,837.0
76.103,643.0,341.0,638.0,839.0
76.109,625.0,334.0,624.0,839.0
76.115,610.0,325.0,609.0,841.0
76.121,593.0,321.0,593.0,841.0
76.128,575.0,313.0,577.0,842.0
76.134,553.0,309.0,562.0,839.0
76.140,540.0,305.0,546.0,840.0
76.147,522.0,301.0,528.0,840.0
76.154,500.0,298.0,509.0,838.0
76.160,482.0,295.0,492.0,836.0
76.166,464.0,293.0,473.0,833.0
76.172,446.0,292.0,457.0,827.0
76.179,429.0,290.0,439.0,819.0
76.186,410.0,289.0,419.0,810.0
76.192,394.0,289.0,401.0,797.0
76.198,377.0,289.0,384.0,783.0
76.204,364.0,290.0,368.0,768.0
76.211,352.0,292.0,353.0,751.0
76.217,335.0,293.0,339.0,732.0
76.223,322.0,297.0,326.0,712.0
76.230,311.0,299.0,316.0,690.0
76.237,304.0,303.0,305.0,668.0
76.243,295.0,308.0,296.0,643.0
76.249,283.0,312.0,288.0,619.0
76.255,275.0,317.0,280.0,594.0
76.262,268.0,324.0,275.0,570.0
76.268,262.0,331.0,269.0,544.0
76.275,257.0,339.0,265.0,519.0
76.281,250.0,346.0,260.0,493.0
76.288,246.0,354.0,257.0,466.0
76.294,240.0,364.0,254.0,441.0
76.300,238.0,374.0,253.0,416.0
76.306,235.0,385.0,251.0,392.0
76.314,232.0,396.0,251.0,369.0
76.320,231.0,408.0,251.0,348.0
76.326,230.0,420.0,252.0,329.0
76.332,230.0,432.0,254.0,309.0
76.339,230.0,447.0,257.0,290.0
76.345,231.0,459.0,261.0,272.0
76.351,232.0,474.0,265.0,256.0
76.358,235.0,489.0,271.0,243.0
76.365,238.0,504.0,279.0,231.0
76.371,241.0,519.0,287.0,220.0
76.377,244.0,534.0,298.0,211.0
76.383,251.0,550.0,308.0,207.0
76.389,257.0,564.0,320.0,204.0
76.396,264.0,580.0,329.0,203.0
76.403,268.0,596.0,342.0,201.0
76.409,280.0,610.0,357.0,200.0
76.415,291.0,624.0,368.0,199.0
76.422,297.0,637.0,387.0,199.0
76.428,306.0,650.0,403.0,198.0
76.434,321.0,663.0,415.0,200.0
76.440,334.0,674.0,431.0,199.0
76.448,345.0,684.0,453.0,200.0
76.454,356.0,694.0,478.0,200.0
76.460,371.0,703.0,499.0,202.0
76.466,385.0,712.0,523.0,203.0
76.473,400.0,719.0,541.0,206.0
76.479,418.0,725.0,559.0,211.0
76.486,429.0,730.0,575.0,218.0
76.492,446.0,736.0,590.0,228.0
76.499,457.0,741.0,601.0,241.0
76.505,477.0,745.0,617.0,253.0
76.511,494.0,749.0,634.0,267.0
76.517,506.0,751.0,649.0,284.0
76.524,520.0,754.0,664.0,303.0
76.531,536.0,755.0,678.0,319.0
76.537,555.0,756.0,691.0,340.0
76.543,565.0,755.0,701.0,361.0
76.550,580.0,756.0,712.0,383.0
76.556,592.0,756.0,719.0,406.0
76.562,606.0,754.0,726.0,428.0
76.568,614.0,751.0,732.0,450.0
76.575,624.0,749.0,738.0,474.0
76.582,637.0,746.0,741.0,499.0
76.588,647.0,743.0,746.0,525.0
76.594,656.0,737.0,751.0,550.0
76.600,667.0,732.0,756.0,576.0
76.607,674.0,725.0,759.0,602.0
76.614,681.0,718.0,759.0,628.0
76.620,686.0,709.0,760.0,650.0
76.626,693.0,700.0,760.0,671.0
76.633,699.0,690.0,760.0,690.0
76.639,702.0,679.0,758.0,706.0
76.645,707.0,667.0,755.0,722.0
76.651,709.0,656.0,751.0,737.0
76.659,713.0,643.0,748.0,749.0
76.665,715.0,628.0,741.0,761.0
76.671,716.0,615.0,730.0,774.0
76.677,717.0,601.0,723.0,785.0
76.684,718.0,587.0,716.0,793.0
76.690,717.0,570.0,708.0,801.0
76.696,715.0,557.0,690.0,809.0
76.703,714.0,541.0,671.0,816.0
76.710,714.0,525.0,650.0,820.0
76.716,712.0,511.0,632.0,824.0
76.722,708.0,495.0,618.0,825.0
76.728,705.0,479.0,604.0,826.0
76.735,701.0,464.0,590.0,827.0
76.742,698.0,448.0,580.0,826.0
76.748,691.0,433.0,577.0,822.0
76.754,685.0,419.0,564.0,818.0
76.760,678.0,406.0,543.0,817.0
76.767,671.0,392.0,524.0,814.0
76.773,665.0,377.0,505.0,810.0
76.779,656.0,366.0,485.0,805.0
76.786,649.0,353.0,461.0,801.0
76.793,638.0,340.0,434.0,796.0
76.799,630.0,328.0,410.0,792.0
76.805,620.0,318.0,393.0,785.0
76.811,612.0,310.0,377.0,776.0
76.818,602.0,301.0,365.0,764.0
76.824,591.0,293.0,356.0,748.0
76.831,579.0,284.0,349.0,727.0
76.837,567.0,278.0,341.0,707.0
76.844,557.0,273.0,324.0,691.0
76.850,545.0,267.0,311.0,673.0
76.856,531.0,260.0,301.0,652.0
76.862,519.0,255.0,289.0,636.0
76.870,506.0,251.0,276.0,624.0
76.876,496.0,248.0,263.0,618.0
76.882,485.0,244.0,256.0,603.0
76.888,474.0,241.0,251.0,582.0
76.895,462.0,239.0,246.0,562.0
76.901,448.0,237.0,241.0,542.0
76.907,439.0,237.0,239.0,519.0
76.914,429.0,237.0,236.0,501.0
76.921,420.0,236.0,234.0,478.0
76.927,410.0,236.0,231.0,454.0
76.933,399.0,237.0,228.0,433.0
76.939,386.0,239.0,227.0,413.0
76.946,378.0,239.0,227.0,390.0
76.952,370.0,241.0,228.0,370.0
76.959,362.0,244.0,229.0,354.0
76.965,351.0,247.0,228.0,343.0
76.971,344.0,251.0,230.0,328.0
76.978,338.0,255.0,233.0,315.0
76.984,332.0,260.0,236.0,301.0
76.990,326.0,266.0,239.0,290.0
76.997,321.0,272.0,244.0,279.0
77.004,317.0,278.0,251.0,268.0
77.010,311.0,285.0,255.0,259.0
77.016,307.0,293.0,262.0,251.0
77.022,302.0,301.0,270.0,242.0
77.029,301.0,310.0,279.0,236.0
77.035,298.0,320.0,290.0,230.0
77.042,294.0,331.0,302.0,225.0
77.048,293.0,342.0,313.0,221.0
77.055,291.0,354.0,329.0,218.0
77.061,292.0,364.0,343.0,216.0
77.067,291.0,376.0,356.0,216.0
77.073,291.0,386.0,368.0,216.0
77.080,292.0,398.0,383.0,216.0
77.087,293.0,411.0,396.0,217.0
77.093,295.0,424.0,413.0,219.0
77.099,297.0,437.0,431.0,220.0
77.106,301.0,448.0,446.0,224.0
77.112,304.0,461.0,462.0,230.0
77.118,308.0,474.0,479.0,237.0
77.125,314.0,485.0,496.0,244.0
77.132,318.0,497.0,517.0,252.0
77.138,324.0,510.0,540.0,259.0
77.144,331.0,523.0,562.0,267.0
77.150,337.0,536.0,579.0,277.0
77.156,348.0,547.0,594.0,289.0
77.163,355.0,559.0,606.0,303.0
77.170,368.0,569.0,618.0,318.0
77.176,379.0,580.0,633.0,330.0
77.182,390.0,592.0,644.0,349.0
77.189,403.0,601.0,655.0,370.0
77.195,415.0,611.0,670.0,391.0
77.201,433.0,620.0,681.0,414.0
77.207,447.0,629.0,690.0,440.0
77.215,461.0,636.0,700.0,464.0
77.221,476.0,642.0,706.0,489.0
77.227,492.0,649.0,713.0,514.0
77.233,509.0,656.0,718.0,538.0
77.240,525.0,661.0,722.0,561.0
77.246,541.0,665.0,725.0,582.0
77.253,559.0,668.0,728.0,605.0
77.259,575.0,670.0,730.0,625.0
77.266,591.0,673.0,731.0,647.0
77.272,609.0,675.0,730.0,669.0
77.278,625.0,676.0,731.0,691.0
77.284,639.0,675.0,731.0,712.0
77.291,655.0,676.0,730.0,727.0
77.298,671.0,676.0,729.0,745.0
77.304,685.0,674.0,725.0,761.0
77.310,696.0,672.0,721.0,775.0
77.317,707.0,669.0,716.0,788.0
77.323,720.0,667.0,708.0,798.0
77.329,731.0,663.0,699.0,811.0
77.335,738.0,658.0,688.0,821.0
77.342,749.0,653.0,677.0,829.0
77.349,757.0,648.0,667.0,831.0
77.355,764.0,642.0,658.0,836.0
77.361,769.0,636.0,647.0,837.0
77.367,777.0,628.0,636.0,838.0
77.374,782.0,620.0,622.0,839.0
77.381,785.0,613.0,605.0,840.0
77.387,788.0,604.0,589.0,841.0
77.393,792.0,596.0,573.0,842.0
77.400,794.0,586.0,557.0,841.0
77.406,795.0,576.0,539.0,840.0
77.412,797.0,567.0,520.0,839.0
77.418,797.0,558.0,502.0,838.0
77.426,797.0,546.0,484.0,835.0
77.432,796.0,536.0,467.0,831.0
77.438,795.0,525.0,449.0,824.0
77.444,793.0,515.0,430.0,816.0
77.451,791.0,502.0,413.0,806.0
77.457,787.0,492.0,396.0,793.0
77.463,783.0,481.0,379.0,779.0
77.470,778.0,470.0,363.0,762.0
77.477,772.0,458.0,349.0,745.0
77.483,764.0,447.0,335.0,727.0
77.489,758.0,435.0,324.0,707.0
77.495,752.0,426.0,313.0,685.0
77.502,744.0,415.0,303.0,662.0
77.509,734.0,404.0,294.0,639.0
77.515,723.0,394.0,286.0,614.0
77.521,712.0,384.0,280.0,590.0
77.528,699.0,375.0,272.0,564.0
77.534,687.0,365.0,267.0,536.0
77.540,674.0,356.0,262.0,507.0
77.546,656.0,347.0,258.0,478.0
77.553,638.0,338.0,255.0,449.0
77.560,623.0,332.0,253.0,422.0
77.566,606.0,325.0,252.0,398.0
77.572,586.0,319.0,250.0,374.0
77.578,568.0,313.0,251.0,352.0
77.585,549.0,308.0,252.0,332.0
77.591,535.0,305.0,254.0,313.0
77.598,517.0,302.0,256.0,296.0
77.604,493.0,296.0,260.0,279.0
77.611,477.0,296.0,263.0,264.0
77.617,459.0,293.0,268.0,250.0
77.623,438.0,292.0,274.0,239.0
77.629,422.0,290.0,282.0,226.0
77.637,407.0,289.0,291.0,218.0
77.643,388.0,289.0,299.0,211.0
77.649,373.0,291.0,309.0,207.0
77.655,357.0,291.0,321.0,204.0
77.662,346.0,293.0,334.0,202.0
77.668,329.0,294.0,343.0,200.0
77.674,317.0,298.0,355.0,200.0
77.681,306.0,302.0,373.0,199.0
77.688,296.0,306.0,393.0,199.0
77.694,286.0,311.0,409.0,198.0
77.700,277.0,316.0,426.0,199.0
77.706,270.0,323.0,444.0,200.0
77.713,262.0,330.0,466.0,202.0
77.719,257.0,337.0,493.0,201.0
77.726,250.0,344.0,514.0,201.0
77.732,246.0,355.0,532.0,204.0
77.738,241.0,363.0,549.0,208.0
77.745,237.0,373.0,564.0,214.0
77.751,235.0,384.0,577.0,223.0
77.757,233.0,396.0,593.0,233.0
77.763,231.0,407.0,613.0,243.0
77.771,230.0,417.0,628.0,258.0
77.777,230.0,431.0,642.0,275.0
77.783,230.0,443.0,658.0,290.0
77.789,231.0,455.0,673.0,310.0
77.796,231.0,469.0,686.0,329.0
77.802,233.0,484.0,697.0,351.0
77.809,236.0,497.0,707.0,373.0
77.815,240.0,512.0,716.0,394.0
77.822,243.0,526.0,723.0,417.0
77.828,247.0,542.0,730.0,440.0
77.834,253.0,555.0,735.0,462.0
77.840,260.0,570.0,739.0,490.0
77.847,265.0,584.0,742.0,516.0
77.854,273.0,599.0,746.0,544.0
77.860,282.0,613.0,752.0,570.0
77.866,292.0,625.0,755.0,594.0
77.873,299.0,638.0,758.0,621.0
77.879,309.0,652.0,761.0,643.0
77.885,323.0,664.0,761.0,667.0
77.891,336.0,676.0,759.0,688.0
77.899,348.0,686.0,758.0,705.0
77.905,362.0,696.0,755.0,721.0
77.911,376.0,705.0,753.0,735.0
77.917,389.0,711.0,749.0,748.0
77.923,400.0,720.0,744.0,761.0
77.930,423.0,727.0,735.0,772.0
77.937,436.0,733.0,723.0,784.0
77.943,448.0,738.0,712.0,791.0
77.949,468.0,743.0,702.0,801.0
77.956,484.0,746.0,691.0,808.0
77.962,498.0,749.0,679.0,813.0
77.968,509.0,750.0,660.0,817.0
77.974,527.0,753.0,635.0,823.0
77.982,543.0,756.0,620.0,825.0
77.988,558.0,756.0,608.0,826.0
77.994,570.0,756.0,594.0,827.0
78.000,583.0,756.0,586.0,826.0
78.007,596.0,754.0,578.0,823.0
78.013,610.0,753.0,568.0,820.0
78.019,622.0,749.0,546.0,819.0
78.026,634.0,748.0,527.0,815.0
78.033,642.0,743.0,502.0,813.0
78.039,653.0,738.0,481.0,807.0
78.045,660.0,733.0,452.0,805.0
78.051,671.0,727.0,423.0,801.0
78.058,679.0,720.0,406.0,794.0
78.065,685.0,710.0,391.0,785.0
78.071,691.0,703.0,377.0,777.0
78.077,696.0,692.0,364.0,765.0
78.084,703.0,682.0,353.0,751.0
78.090,706.0,671.0,351.0,726.0
78.096,709.0,658.0,339.0,707.0
78.102,712.0,645.0,323.0,691.0
78.110,715.0,633.0,312.0,671.0
78.116,716.0,619.0,303.0,649.0
78.122,717.0,606.0,293.0,628.0
78.128,718.0,591.0,281.0,612.0
78.134,718.0,576.0,267.0,605.0
78.141,717.0,561.0,257.0,594.0
78.147,716.0,545.0,250.0,578.0
78.154,714.0,533.0,244.0,559.0
78.160,713.0,518.0,241.0,539.0
78.167,710.0,503.0,241.0,512.0
78.173,707.0,488.0,236.0,495.0
78.179,704.0,474.0,235.0,471.0
78.185,698.0,461.0,232.0,444.0
78.193,694.0,448.0,230.0,424.0
78.199,689.0,432.0,229.0,405.0
78.205,684.0,418.0,229.0,385.0
78.211,679.0,404.0,228.0,369.0
78.218,670.0,391.0,229.0,356.0
78.224,665.0,375.0,229.0,342.0
78.230,658.0,364.0,231.0,329.0
78.237,649.0,351.0,233.0,314.0
78.244,640.0,340.0,237.0,301.0
78.250,630.0,327.0,241.0,288.0
78.256,622.0,318.0,246.0,278.0
78.262,612.0,310.0,251.0,268.0
78.269,604.0,301.0,256.0,259.0
78.275,591.0,292.0,262.0,250.0
78.282,579.0,284.0,271.0,242.0
78.288,571.0,277.0,280.0,235.0
78.295,558.0,273.0,289.0,231.0
78.301,547.0,267.0,301.0,226.0
78.307,534.0,260.0,311.0,222.0
78.313,523.0,255.0,326.0,219.0
78.320,509.0,251.0,340.0,217.0
78.327,498.0,248.0,354.0,216.0
78.333,486.0,244.0,367.0,215.0
78.339,475.0,241.0,381.0,215.0
78.345,462.0,239.0,399.0,215.0
78.352,449.0,238.0,415.0,215.0
78.358,436.0,237.0,426.0,219.0
78.365,427.0,237.0,437.0,226.0
78.371,417.0,236.0,458.0,231.0
78.378,407.0,236.0,484.0,234.0
78.384,396.0,237.0,505.0,243.0
78.390,383.0,238.0,530.0,247.0
78.396,375.0,240.0,550.0,256.0
78.403,367.0,242.0,565.0,266.0
78.410,360.0,246.0,578.0,279.0
78.416,349.0,249.0,592.0,292.0
78.422,342.0,254.0,607.0,304.0
78.429,334.0,257.0,621.0,315.0
78.435,330.0,263.0,633.0,328.0
78.441,323.0,268.0,641.0,345.0
78.448,318.0,276.0,649.0,366.0
78.455,312.0,282.0,663.0,385.0
78.461,308.0,291.0,676.0,407.0
78.467,303.0,298.0,687.0,432.0
78.473,302.0,308.0,696.0,457.0
78.480,299.0,319.0,704.0,480.0
78.486,295.0,330.0,710.0,504.0
78.493,293.0,340.0,716.0,528.0
78.499,292.0,351.0,720.0,550.0
78.506,291.0,363.0,725.0,572.0
78.512,290.0,376.0,727.0,593.0
78.518,291.0,385.0,729.0,615.0
78.524,292.0,398.0,731.0,635.0
78.530,294.0,410.0,732.0,657.0
78.538,294.0,423.0,731.0,681.0
78.544,297.0,434.0,730.0,703.0
78.550,301.0,445.0,730.0,720.0
78.556,304.0,459.0,729.0,737.0
78.563,308.0,471.0,728.0,753.0
78.569,312.0,484.0,724.0,767.0
78.576,318.0,494.0,718.0,782.0
78.582,323.0,508.0,711.0,796.0
78.589,328.0,520.0,702.0,808.0
78.595,336.0,531.0,690.0,817.0
78.601,344.0,543.0,680.0,828.0
78.607,353.0,554.0,668.0,832.0
78.614,362.0,564.0,660.0,835.0
78.621,371.0,575.0,650.0,837.0
78.627,383.0,585.0,638.0,838.0
78.633,393.0,596.0,623.0,840.0
78.640,405.0,606.0,607.0,841.0
78.646,419.0,615.0,591.0,841.0
78.652,434.0,624.0,577.0,842.0
78.658,448.0,631.0,563.0,840.0
78.666,462.0,637.0,547.0,840.0
78.672,479.0,644.0,529.0,840.0
78.678,495.0,651.0,511.0,838.0
78.684,512.0,656.0,493.0,834.0
78.691,526.0,661.0,476.0,833.0
78.697,544.0,665.0,458.0,828.0
78.704,562.0,670.0,442.0,820.0
78.710,580.0,671.0,423.0,812.0
78.716,597.0,674.0,405.0,801.0
78.723,615.0,676.0,388.0,788.0
78.729,631.0,676.0,373.0,773.0
78.735,643.0,676.0,358.0,756.0
78.741,663.0,676.0,345.0,738.0
78.749,677.0,676.0,331.0,719.0
78.755,689.0,674.0,319.0,699.0
78.761,701.0,671.0,309.0,677.0
78.767,714.0,668.0,300.0,653.0
78.774,725.0,664.0,292.0,629.0
78.780,735.0,660.0,283.0,605.0
78.786,745.0,656.0,277.0,580.0
78.793,753.0,650.0,271.0,550.0
78.800,763.0,645.0,265.0,523.0
78.806,768.0,638.0,260.0,494.0
78.812,776.0,631.0,256.0,466.0
78.818,780.0,623.0,254.0,437.0
78.825,785.0,614.0,253.0,411.0
78.832,789.0,607.0,251.0,387.0
78.838,792.0,597.0,251.0,364.0
78.844,794.0,589.0,251.0,343.0
78.851,795.0,577.0,252.0,323.0
78.857,797.0,568.0,254.0,305.0
78.863,797.0,559.0,257.0,288.0
78.869,798.0,548.0,260.0,272.0
78.877,794.0,536.0,265.0,257.0
78.883,795.0,525.0,271.0,244.0
78.889,792.0,515.0,279.0,232.0
78.895,790.0,503.0,286.0,222.0
78.902,787.0,492.0,294.0,215.0
78.908,783.0,480.0,303.0,209.0
78.914,779.0,470.0,314.0,206.0
78.921,773.0,458.0,325.0,203.0
78.927,766.0,448.0,338.0,202.0
78.934,759.0,436.0,351.0,201.0
78.940,752.0,426.0,365.0,199.0
78.946,747.0,417.0,386.0,198.0
78.952,737.0,406.0,406.0,198.0
78.960,724.0,397.0,423.0,199.0
78.966,714.0,387.0,439.0,200.0
78.972,702.0,376.0,463.0,199.0
78.978,690.0,367.0,479.0,201.0
78.985,677.0,359.0,502.0,201.0
78.991,664.0,352.0,523.0,204.0
78.997,646.0,343.0,541.0,206.0
79.004,629.0,335.0,557.0,210.0
79.011,615.0,328.0,573.0,217.0
79.017,597.0,322.0,586.0,227.0
79.023,578.0,316.0,600.0,238.0
79.029,559.0,311.0,615.0,250.0
79.036,543.0,307.0,635.0,265.0
79.042,523.0,302.0,653.0,281.0
79.049,503.0,298.0,667.0,301.0
79.055,482.0,295.0,681.0,321.0
79.062,469.0,293.0,693.0,343.0
79.068,446.0,291.0,703.0,365.0
79.074,428.0,290.0,713.0,388.0
79.080,413.0,290.0,722.0,412.0
79.088,397.0,289.0,728.0,435.0
79.094,378.0,289.0,734.0,459.0
79.100,363.0,290.0,739.0,480.0
79.106,351.0,292.0,744.0,504.0
79.113,333.0,294.0,746.0,529.0
79.119,322.0,296.0,749.0,554.0
79.125,311.0,300.0,749.0,581.0
79.132,301.0,304.0,753.0,605.0
79.138,290.0,309.0,755.0,626.0
79.145,281.0,314.0,759.0,647.0
79.151,273.0,320.0,760.0,667.0
79.157,266.0,328.0,760.0,688.0
79.163,258.0,335.0,757.0,708.0
79.170,252.0,341.0,754.0,723.0
79.177,248.0,350.0,750.0,738.0
79.183,244.0,360.0,746.0,751.0
79.189,238.0,370.0,737.0,765.0
79.196,235.0,380.0,727.0,776.0
79.202,234.0,392.0,716.0,789.0
79.208,233.0,403.0,709.0,797.0
79.214,230.0,415.0,704.0,803.0
79.222,230.0,427.0,687.0,810.0
79.228,229.0,441.0,672.0,816.0
79.234,230.0,454.0,646.0,821.0
79.240,231.0,467.0,625.0,825.0
79.247,233.0,481.0,612.0,826.0
79.253,235.0,497.0,598.0,827.0
79.260,239.0,511.0,585.0,826.0
79.266,243.0,525.0,570.0,827.0
79.273,246.0,540.0,564.0,824.0
79.279,252.0,554.0,550.0,820.0
79.285,258.0,568.0,531.0,817.0
79.291,264.0,584.0,510.0,814.0
79.298,271.0,598.0,486.0,812.0
79.305,281.0,611.0,458.0,809.0
79.311,291.0,624.0,433.0,804.0
79.317,296.0,637.0,414.0,797.0
79.323,306.0,649.0,397.0,790.0
79.330,319.0,661.0,381.0,781.0
79.336,332.0,672.0,369.0,770.0
79.342,342.0,683.0,354.0,759.0
79.349,356.0,693.0,346.0,741.0
79.356,370.0,701.0,341.0,716.0
79.362,384.0,710.0,330.0,694.0
79.368,396.0,717.0,311.0,679.0
79.374,415.0,724.0,299.0,655.0
79.381,429.0,730.0,288.0,633.0
79.388,443.0,735.0,278.0,618.0
79.394,457.0,739.0,264.0,611.0
79.400,472.0,742.0,255.0,601.0
79.407,492.0,748.0,250.0,582.0
79.413,502.0,750.0,245.0,561.0
79.419,516.0,752.0,241.0,539.0
79.425,534.0,753.0,238.0,513.0
79.433,552.0,756.0,236.0,492.0
79.439,563.0,756.0,232.0,466.0
79.445,577.0,757.0,233.0,438.0
79.451,590.0,756.0,231.0,417.0
79.458,602.0,755.0,230.0,400.0
79.464,613.0,753.0,229.0,380.0
79.470,624.0,750.0,229.0,359.0
79.477,637.0,747.0,232.0,349.0
79.484,646.0,743.0,231.0,335.0
79.490,654.0,737.0,231.0,324.0
79.496,665.0,732.0,234.0,311.0
79.502,673.0,725.0,237.0,299.0
79.508,682.0,718.0,242.0,285.0
79.516,687.0,710.0,247.0,274.0
79.522,692.0,700.0,250.0,266.0
79.528,697.0,691.0,256.0,257.0
79.534,703.0,680.0,263.0,249.0
79.541,705.0,668.0,272.0,240.0
79.547,706.0,656.0,281.0,234.0
79.553,712.0,643.0,290.0,229.0
79.560,714.0,629.0,301.0,225.0
79.567,716.0,616.0,311.0,221.0
79.573,717.0,601.0,325.0,219.0
79.579,716.0,588.0,335.0,218.0
79.585,717.0,572.0,347.0,219.0
79.592,716.0,557.0,362.0,218.0
79.598,715.0,540.0,382.0,215.0
79.605,713.0,527.0,400.0,215.0
79.611,712.0,513.0,416.0,216.0
79.618,709.0,498.0,431.0,218.0
79.624,705.0,483.0,444.0,223.0
79.630,702.0,467.0,461.0,228.0
79.636,698.0,454.0,483.0,233.0
79.644,693.0,440.0,503.0,240.0
79.650,688.0,426.0,524.0,249.0
79.656,681.0,412.0,544.0,255.0
79.662,676.0,399.0,562.0,265.0
79.669,668.0,387.0,577.0,276.0
79.675,662.0,373.0,591.0,289.0
79.681,654.0,361.0,605.0,300.0
79.688,647.0,351.0,618.0,313.0
79.695,636.0,339.0,630.0,327.0
79.701,626.0,327.0,640.0,341.0
79.707,619.0,317.0,649.0,360.0
79.713,609.0,309.0,662.0,379.0
79.719,600.0,300.0,674.0,400.0
79.726,590.0,291.0,685.0,423.0
79.733,578.0,283.0,695.0,448.0
79.739,568.0,276.0,702.0,472.0
79.745,556.0,270.0,709.0,496.0
79.752,545.0,264.0,713.0,521.0
79.758,532.0,259.0,719.0,544.0
79.764,521.0,256.0,724.0,567.0
79.771,508.0,251.0,727.0,589.0
79.778,498.0,246.0,729.0,611.0
79.784,483.0,243.0,731.0,633.0
79.790,474.0,242.0,732.0,653.0
79.796,460.0,239.0,731.0,675.0
79.803,448.0,238.0,730.0,697.0
79.809,435.0,237.0,731.0,715.0
79.816,427.0,237.0,730.0,733.0
79.822,417.0,236.0,727.0,750.0
79.829,405.0,236.0,723.0,765.0
79.835,393.0,237.0,720.0,779.0
79.841,383.0,238.0,713.0,791.0
79.847,375.0,241.0,706.0,803.0
79.854,367.0,243.0,696.0,814.0
79.861,356.0,245.0,684.0,824.0
79.867,347.0,248.0,672.0,831.0
79.873,341.0,254.0,663.0,834.0
79.880,334.0,259.0,653.0,837.0
79.886,328.0,265.0,642.0,838.0
79.892,322.0,271.0,629.0,839.0
79.899,316.0,277.0,614.0,840.0
79.905,311.0,286.0,598.0,839.0
79.912,306.0,293.0,581.0,842.0
79.918,303.0,303.0,565.0,841.0
79.924,300.0,313.0,549.0,840.0
79.930,297.0,324.0,530.0,840.0
79.937,294.0,336.0,511.0,839.0
79.944,293.0,347.0,493.0,836.0
79.950,292.0,359.0,475.0,833.0
79.956,291.0,369.0,459.0,827.0
79.963,291.0,381.0,442.0,821.0
79.969,293.0,394.0,424.0,813.0
79.975,293.0,405.0,410.0,803.0
79.981,295.0,418.0,393.0,791.0
79.989,298.0,430.0,378.0,778.0
79.995,300.0,444.0,364.0,762.0
80.001,303.0,456.0,350.0,745.0
80.007,306.0,470.0,337.0,729.0
80.014,310.0,481.0,325.0,709.0
80.020,316.0,491.0,315.0,689.0
80.027,321.0,505.0,305.0,667.0
80.033,328.0,517.0,296.0,644.0
80.040,334.0,529.0,288.0,621.0
80.046,343.0,541.0,282.0,594.0
80.052,352.0,551.0,274.0,567.0
80.058,361.0,563.0,268.0,539.0
80.065,372.0,572.0,262.0,511.0
80.072,382.0,583.0,259.0,482.0
80.078,393.0,594.0,255.0,454.0
80.084,405.0,602.0,253.0,428.0
80.091,415.0,613.0,252.0,403.0
80.097,434.0,620.0,250.0,381.0
80.103,447.0,629.0,250.0,357.0
80.109,460.0,636.0,252.0,337.0
80.116,476.0,642.0,253.0,317.0
80.123,491.0,650.0,255.0,299.0
80.129,506.0,655.0,258.0,281.0
80.135,522.0,660.0,263.0,265.0
80.141,538.0,664.0,268.0,250.0
80.148,554.0,668.0,274.0,238.0
80.155,573.0,671.0,282.0,226.0
80.161,587.0,674.0,290.0,217.0
80.167,606.0,674.0,299.0,211.0
80.174,623.0,675.0,309.0,207.0
80.180,635.0,676.0,321.0,204.0
80.186,651.0,676.0,332.0,202.0
80.192,669.0,676.0,343.0,201.0
80.200,682.0,674.0,356.0,199.0
80.206,692.0,672.0,375.0,199.0
80.212,703.0,670.0,395.0,198.0
80.218,718.0,668.0,412.0,199.0
80.225,728.0,664.0,429.0,198.0
80.231,735.0,660.0,445.0,200.0
80.237,747.0,655.0,470.0,201.0
80.244,757.0,650.0,495.0,203.0
80.251,763.0,643.0,518.0,202.0
80.257,770.0,636.0,538.0,205.0
80.263,777.0,630.0,554.0,209.0
80.269,782.0,622.0,570.0,217.0
80.276,785.0,612.0,585.0,226.0
80.283,790.0,604.0,602.0,233.0
80.289,793.0,595.0,616.0,244.0
80.295,794.0,586.0,631.0,257.0
80.301,795.0,575.0,643.0,273.0
80.308,797.0,565.0,659.0,289.0
80.314,797.0,556.0,673.0,307.0
80.320,798.0,544.0,686.0,328.0
80.327,796.0,533.0,697.0,349.0
80.334,794.0,522.0,706.0,372.0
80.340,792.0,510.0,715.0,393.0
80.346,790.0,498.0,723.0,416.0
80.352,785.0,487.0,729.0,439.0
80.359,780.0,476.0,735.0,461.0
80.365,776.0,464.0,739.0,487.0
80.372,770.0,452.0,741.0,514.0
80.378,761.0,440.0,745.0,542.0
80.385,754.0,429.0,750.0,566.0
80.391,747.0,418.0,756.0,590.0
80.397,737.0,408.0,758.0,615.0
80.403,726.0,397.0,760.0,640.0
80.411,716.0,387.0,760.0,664.0
80.417,704.0,377.0,758.0,685.0
80.423,690.0,368.0,757.0,703.0
80.429,677.0,359.0,756.0,719.0
80.436,667.0,352.0,753.0,733.0
80.442,652.0,344.0,749.0,747.0
80.448,633.0,337.0,743.0,759.0
80.455,618.0,331.0,735.0,771.0
80.462,604.0,324.0,726.0,781.0
80.468,584.0,318.0,720.0,790.0
80.474,565.0,313.0,710.0,799.0
80.480,550.0,308.0,696.0,806.0
80.487,535.0,305.0,679.0,814.0
80.493,516.0,301.0,657.0,819.0
80.500,497.0,297.0,639.0,822.0
80.506,481.0,296.0,622.0,825.0
80.512,461.0,292.0,606.0,826.0
80.519,443.0,290.0,593.0,826.0
80.525,427.0,289.0,581.0,826.0
80.531,412.0,289.0,580.0,821.0
80.538,397.0,289.0,571.0,821.0
80.545,377.0,289.0,550.0,819.0
80.551,365.0,290.0,528.0,816.0
80.557,352.0,292.0,507.0,812.0
80.563,335.0,294.0,485.0,806.0
80.570,323.0,296.0,455.0,803.0
80.576,313.0,299.0,423.0,801.0
80.583,301.0,304.0,407.0,793.0
80.589,291.0,308.0,392.0,787.0
80.596,281.0,313.0,377.0,778.0
80.602,274.0,319.0,362.0,768.0
80.608,267.0,326.0,350.0,754.0
80.614,259.0,333.0,338.0,739.0
80.621,253.0,340.0,330.0,717.0
80.628,247.0,350.0,316.0,700.0
80.634,243.0,359.0,303.0,683.0
80.640,239.0,369.0,295.0,659.0
80.647,237.0,380.0,286.0,640.0
80.653,233.0,392.0,270.0,632.0
80.659,231.0,403.0,261.0,618.0
80.666,231.0,414.0,255.0,597.0
80.673,230.0,427.0,250.0,579.0
80.679,230.0,441.0,247.0,557.0
80.685,229.0,453.0,245.0,534.0
80.691,231.0,468.0,242.0,513.0
80.698,233.0,482.0,238.0,491.0
80.704,237.0,497.0,235.0,469.0
80.711,238.0,513.0,230.0,443.0
80.717,243.0,527.0,228.0,418.0
80.723,247.0,541.0,228.0,391.0
80.730,254.0,555.0,230.0,370.0
80.736,258.0,570.0,230.0,361.0
80.742,264.0,585.0,229.0,350.0
80.748,270.0,600.0,229.0,336.0
80.756,280.0,614.0,231.0,322.0
80.762,291.0,626.0,235.0,306.0
80.768,297.0,639.0,238.0,294.0
80.774,306.0,652.0,243.0,282.0
80.781,320.0,664.0,248.0,272.0
80.787,334.0,674.0,254.0,260.0
80.794,345.0,684.0,261.0,251.0
80.800,360.0,694.0,270.0,243.0
80.807,372.0,703.0,278.0,236.0
80.813,386.0,711.0,287.0,231.0
80.819,396.0,718.0,297.0,225.0
80.825,416.0,725.0,309.0,222.0
80.832,432.0,731.0,319.0,220.0
80.839,445.0,736.0,334.0,219.0
80.845,456.0,739.0,344.0,218.0
80.851,477.0,744.0,363.0,216.0
80.858,490.0,748.0,379.0,216.0
80.864,503.0,750.0,396.0,216.0
80.870,512.0,752.0,414.0,216.0
80.876,529.0,754.0,428.0,219.0
80.884,546.0,755.0,441.0,223.0
80.890,557.0,756.0,455.0,229.0
80.896,570.0,756.0,477.0,235.0
80.902,584.0,756.0,497.0,243.0
80.908,599.0,755.0,518.0,250.0
80.915,610.0,753.0,542.0,256.0
80.922,621.0,751.0,562.0,264.0
80.928,635.0,749.0,578.0,275.0
80.934,644.0,744.0,592.0,287.0
80.941,654.0,740.0,604.0,301.0
80.947,664.0,733.0,618.0,314.0
80.953,673.0,727.0,630.0,327.0
80.959,680.0,719.0,641.0,344.0
80.967,685.0,712.0,654.0,362.0
80.973,690.0,703.0,667.0,383.0
80.979,697.0,693.0,677.0,404.0
80.985,702.0,683.0,687.0,428.0
80.992,706.0,670.0,696.0,452.0
80.998,710.0,659.0,702.0,476.0
81.004,712.0,646.0,709.0,500.0
81.011,714.0,631.0,715.0,523.0
81.018,715.0,617.0,720.0,546.0
81.024,716.0,601.0,722.0,569.0
81.030,718.0,588.0,727.0,591.0
81.036,717.0,570.0,730.0,613.0
81.043,714.0,558.0,731.0,633.0
81.050,715.0,540.0,732.0,655.0
81.056,713.0,525.0,733.0,675.0
81.062,710.0,510.0,731.0,697.0
81.069,708.0,493.0,730.0,716.0
81.075,704.0,477.0,729.0,735.0
81.081,699.0,461.0,725.0,751.0
81.087,695.0,446.0,724.0,766.0
81.095,689.0,432.0,720.0,779.0
81.101,683.0,417.0,714.0,791.0
81.107,677.0,405.0,707.0,802.0
81.113,670.0,392.0,698.0,814.0
81.119,664.0,377.0,685.0,823.0
81.126,654.0,366.0,672.0,831.0
81.132,648.0,352.0,661.0,835.0
81.139,637.0,341.0,652.0,837.0
81.145,629.0,327.0,642.0,838.0
81.152,620.0,319.0,631.0,839.0
81.158,611.0,310.0,615.0,840.0
81.164,602.0,301.0,596.0,842.0
81.170,590.0,292.0,579.0,842.0
81.178,578.0,284.0,564.0,841.0
81.184,569.0,277.0,549.0,841.0
81.190,557.0,271.0,532.0,840.0
81.196,545.0,267.0,514.0,838.0
81.203,533.0,259.0,495.0,837.0
81.209,521.0,257.0,477.0,833.0
81.215,509.0,252.0,461.0,828.0
81.222,498.0,247.0,443.0,820.0
81.229,488.0,244.0,425.0,812.0
81.235,476.0,242.0,406.0,801.0
81.241,465.0,241.0,391.0,788.0
81.247,454.0,239.0,375.0,774.0
81.254,443.0,238.0,360.0,758.0
81.260,432.0,236.0,346.0,741.0
81.267,424.0,237.0,333.0,722.0
81.273,413.0,236.0,322.0,703.0
81.280,403.0,237.0,312.0,681.0
81.286,391.0,238.0,302.0,659.0
81.292,383.0,239.0,294.0,637.0
81.298,374.0,240.0,287.0,613.0
81.306,365.0,243.0,280.0,588.0
81.312,356.0,246.0,272.0,563.0
81.318,348.0,251.0,267.0,536.0
81.324,342.0,254.0,261.0,507.0
81.330,335.0,258.0,259.0,479.0
81.337,327.0,264.0,255.0,452.0
81.343,321.0,271.0,253.0,427.0
81.350,316.0,277.0,251.0,403.0
81.356,310.0,285.0,251.0,380.0
81.363,306.0,292.0,251.0,359.0
81.369,304.0,303.0,251.0,339.0
81.375,300.0,311.0,252.0,321.0
81.381,297.0,322.0,254.0,303.0
81.388,294.0,333.0,258.0,283.0
81.395,293.0,343.0,263.0,266.0
81.401,291.0,357.0,268.0,251.0
81.407,291.0,368.0,272.0,240.0
81.414,291.0,381.0,280.0,229.0
81.420,292.0,392.0,289.0,220.0
81.426,293.0,405.0,300.0,211.0
81.432,294.0,419.0,311.0,206.0
81.440,296.0,433.0,321.0,205.0
81.446,301.0,444.0,330.0,202.0
81.452,304.0,457.0,341.0,201.0
81.458,307.0,470.0,354.0,200.0
81.465,312.0,483.0,368.0,199.0
81.471,318.0,496.0,385.0,199.0
81.478,323.0,509.0,404.0,198.0
81.484,330.0,521.0,416.0,199.0
81.491,338.0,533.0,433.0,199.0
81.497,347.0,544.0,453.0,201.0
81.503,356.0,556.0,479.0,200.0
81.509,368.0,566.0,503.0,201.0
81.515,377.0,577.0,524.0,203.0
81.523,390.0,588.0,543.0,207.0
81.529,399.0,598.0,559.0,211.0
81.535,411.0,607.0,574.0,219.0
81.541,425.0,617.0,590.0,228.0
81.548,438.0,625.0,602.0,240.0
81.554,453.0,632.0,615.0,254.0
81.560,466.0,640.0,631.0,268.0
81.567,480.0,645.0,650.0,285.0
81.574,497.0,651.0,663.0,304.0
81.580,514.0,656.0,681.0,322.0
81.586,528.0,661.0,693.0,344.0
81.592,548.0,666.0,704.0,367.0
81.599,566.0,669.0,714.0,390.0
81.606,580.0,671.0,722.0,414.0
81.612,596.0,674.0,729.0,437.0
81.618,616.0,676.0,735.0,461.0
81.625,628.0,676.0,740.0,482.0
81.631,642.0,676.0,745.0,504.0
81.637,660.0,676.0,749.0,526.0
81.643,673.0,675.0,750.0,550.0
81.651,687.0,674.0,749.0,579.0
81.657,697.0,672.0,752.0,602.0
81.663,707.0,668.0,755.0,624.0
81.669,721.0,667.0,759.0,645.0
81.676,728.0,663.0,761.0,666.0
81.682,739.0,658.0,760.0,689.0
81.688,750.0,654.0,758.0,708.0
81.695,758.0,649.0,754.0,726.0
81.701,763.0,641.0,749.0,742.0
81.708,770.0,636.0,745.0,755.0
81.714,778.0,628.0,741.0,766.0
81.720,782.0,621.0,733.0,777.0
81.726,785.0,611.0,724.0,785.0
81.734,789.0,603.0,716.0,793.0
81.740,793.0,597.0,705.0,802.0
81.746,794.0,585.0,692.0,809.0
81.752,796.0,575.0,679.0,815.0
81.759,797.0,566.0,656.0,820.0
81.765,798.0,556.0,631.0,823.0
81.771,797.0,545.0,612.0,826.0
81.778,796.0,533.0,603.0,826.0
81.785,794.0,522.0,594.0,825.0
81.791,792.0,513.0,581.0,823.0
81.797,790.0,499.0,575.0,822.0
81.803,785.0,488.0,558.0,819.0
81.810,781.0,477.0,538.0,817.0
81.816,777.0,465.0,519.0,813.0
81.823,770.0,454.0,499.0,809.0
81.829,762.0,443.0,478.0,804.0
81.836,756.0,432.0,453.0,800.0
81.842,749.0,422.0,428.0,795.0
81.848,740.0,411.0,403.0,791.0
81.854,729.0,400.0,389.0,782.0
81.862,719.0,390.0,380.0,770.0
81.868,708.0,379.0,366.0,757.0
81.874,693.0,370.0,356.0,740.0
81.880,680.0,362.0,349.0,718.0
81.887,667.0,353.0,333.0,702.0
81.893,652.0,346.0,317.0,686.0
81.899,635.0,337.0,307.0,665.0
81.906,620.0,330.0,295.0,646.0
81.913,603.0,324.0,284.0,630.0
81.919,585.0,319.0,271.0,622.0
81.925,568.0,314.0,260.0,614.0
81.931,551.0,308.0,255.0,593.0
81.937,532.0,304.0,248.0,573.0
81.944,513.0,301.0,243.0,552.0
81.951,493.0,296.0,239.0,531.0
81.957,478.0,294.0,236.0,509.0
81.963,460.0,292.0,232.0,487.0
81.970,439.0,291.0,230.0,462.0
81.976,423.0,289.0,228.0,438.0
81.982,409.0,289.0,227.0,418.0
81.989,394.0,289.0,227.0,397.0
81.996,377.0,290.0,228.0,378.0
82.002,363.0,290.0,228.0,362.0
82.008,351.0,292.0,228.0,348.0
82.014,335.0,293.0,230.0,334.0
82.021,325.0,296.0,232.0,319.0
82.027,312.0,299.0,235.0,306.0
82.034,304.0,303.0,238.0,294.0
82.040,295.0,307.0,242.0,284.0
82.047,285.0,311.0,249.0,270.0
82.053,276.0,317.0,252.0,262.0
82.059,268.0,323.0,260.0,253.0
82.065,263.0,330.0,268.0,243.0
82.072,257.0,337.0,277.0,236.0
82.079,251.0,344.0,287.0,231.0
82.085,246.0,352.0,299.0,226.0
82.091,241.0,361.0,311.0,222.0
82.098,238.0,371.0,328.0,219.0
82.104,236.0,381.0,340.0,216.0
82.110,233.0,393.0,355.0,216.0
82.117,231.0,404.0,368.0,216.0
82.123,230.0,416.0,383.0,217.0
82.130,230.0,428.0,398.0,217.0
82.136,231.0,442.0,416.0,218.0
82.142,230.0,454.0,432.0,219.0
82.148,232.0,468.0,445.0,224.0
82.155,233.0,482.0,462.0,228.0
82.162,237.0,497.0,480.0,236.0
82.168,239.0,513.0,499.0,243.0
82.174,243.0,527.0,521.0,252.0
82.181,247.0,544.0,543.0,260.0
82.187,254.0,559.0,564.0,267.0
82.193,260.0,572.0,581.0,278.0
82.199,266.0,588.0,595.0,290.0
82.207,275.0,604.0,608.0,305.0
82.213,284.0,618.0,621.0,319.0
82.219,295.0,630.0,634.0,333.0
82.225,301.0,643.0,645.0,349.0
82.232,312.0,655.0,656.0,369.0
82.238,326.0,668.0,669.0,390.0
82.245,337.0,679.0,680.0,413.0
82.251,347.0,689.0,691.0,438.0
82.258,363.0,700.0,700.0,465.0
82.264,378.0,708.0,707.0,489.0
82.270,391.0,716.0,713.0,515.0
82.276,407.0,723.0,718.0,540.0
82.283,425.0,729.0,722.0,563.0
82.290,438.0,734.0,727.0,586.0
82.296,453.0,738.0,729.0,607.0
82.302,473.0,743.0,731.0,629.0
82.309,484.0,747.0,731.0,650.0
82.315,502.0,750.0,733.0,670.0
82.321,511.0,751.0,732.0,690.0
82.327,528.0,754.0,731.0,709.0
82.334,545.0,756.0,729.0,728.0
82.341,559.0,756.0,727.0,746.0
82.347,571.0,756.0,725.0,761.0
82.353,585.0,756.0,722.0,774.0
82.359,597.0,755.0,717.0,786.0
82.366,610.0,754.0,711.0,798.0
82.373,620.0,751.0,703.0,808.0
82.379,633.0,748.0,693.0,818.0
82.385,644.0,745.0,679.0,828.0
82.392,652.0,740.0,667.0,833.0
82.398,659.0,734.0,658.0,835.0
82.404,670.0,727.0,649.0,837.0
82.410,680.0,721.0,639.0,838.0
82.418,685.0,711.0,626.0,838.0
82.424,690.0,704.0,608.0,841.0
82.430,695.0,693.0,589.0,841.0
82.436,701.0,683.0,571.0,842.0
82.443,705.0,671.0,555.0,840.0
82.449,708.0,660.0,538.0,839.0
82.455,711.0,648.0,521.0,839.0
82.462,714.0,636.0,501.0,838.0
82.469,715.0,622.0,484.0,835.0
82.475,717.0,607.0,467.0,831.0
82.481,717.0,593.0,450.0,825.0
82.487,719.0,577.0,434.0,817.0
82.494,717.0,563.0,417.0,807.0
82.501,717.0,546.0,398.0,796.0
82.507,716.0,533.0,382.0,781.0
82.513,712.0,517.0,366.0,766.0
82.519,709.0,504.0,352.0,749.0
82.526,706.0,486.0,338.0,730.0
82.532,703.0,471.0,326.0,711.0
82.538,699.0,456.0,315.0,690.0
82.545,692.0,442.0,305.0,667.0
82.552,688.0,425.0,296.0,644.0
82.558,681.0,413.0,287.0,619.0
82.564,675.0,398.0,281.0,593.0
82.570,668.0,384.0,274.0,568.0
82.577,659.0,372.0,268.0,539.0
82.583,653.0,358.0,263.0,510.0
82.590,642.0,349.0,258.0,482.0
82.596,633.0,335.0,255.0,454.0
82.603,623.0,324.0,253.0,427.0
82.609,616.0,314.0,251.0,403.0
82.615,605.0,305.0,251.0,378.0
82.621,595.0,296.0,251.0,357.0
82.629,583.0,286.0,252.0,337.0
82.635,571.0,279.0,253.0,318.0
82.641,561.0,271.0,255.0,301.0
82.647,548.0,266.0,258.0,284.0
82.654,537.0,261.0,263.0,269.0
82.660,523.0,257.0,267.0,255.0
82.666,512.0,252.0,272.0,241.0
82.673,500.0,248.0,280.0,230.0
82.680,490.0,245.0,287.0,221.0
82.686,478.0,242.0,295.0,214.0
82.692,466.0,240.0,304.0,208.0
82.698,452.0,238.0,316.0,206.0
82.705,442.0,236.0,327.0,202.0
82.711,432.0,237.0,339.0,201.0
82.718,423.0,237.0,349.0,201.0
82.724,413.0,236.0,363.0,199.0
82.730,403.0,237.0,384.0,198.0
82.737,390.0,237.0,401.0,197.0
82.743,381.0,240.0,418.0,198.0
82.749,374.0,241.0,432.0,199.0
82.755,364.0,243.0,455.0,200.0
82.763,354.0,246.0,474.0,201.0
82.769,345.0,249.0,502.0,201.0
82.775,340.0,254.0,522.0,203.0
82.781,332.0,258.0,539.0,206.0
82.788,328.0,264.0,555.0,211.0
82.794,322.0,270.0,570.0,217.0
82.801,317.0,277.0,585.0,226.0
82.807,312.0,283.0,600.0,235.0
82.814,308.0,292.0,616.0,244.0
82.820,304.0,299.0,630.0,258.0
82.826,302.0,308.0,642.0,275.0
82.832,298.0,318.0,655.0,296.0
82.839,295.0,328.0,672.0,313.0
82.846,294.0,339.0,686.0,331.0
82.852,292.0,351.0,697.0,353.0
82.858,291.0,361.0,708.0,376.0
82.865,291.0,374.0,717.0,399.0
82.871,291.0,385.0,725.0,424.0
82.877,292.0,396.0,732.0,447.0
82.883,293.0,409.0,738.0,470.0
82.891,294.0,421.0,742.0,494.0
82.897,297.0,433.0,746.0,517.0
82.903,300.0,446.0,748.0,542.0
82.909,304.0,459.0,751.0,568.0
82.915,307.0,471.0,753.0,593.0
82.922,311.0,483.0,755.0,618.0
82.929,317.0,494.0,759.0,638.0
82.935,323.0,507.0,761.0,660.0
82.941,331.0,519.0,760.0,681.0
82.948,336.0,532.0,758.0,700.0
82.954,348.0,542.0,754.0,718.0
82.960,355.0,556.0,752.0,733.0
82.966,367.0,565.0,750.0,746.0
82.974,378.0,577.0,744.0,758.0
82.980,391.0,589.0,734.0,771.0
82.986,399.0,600.0,721.0,784.0
82.992,411.0,610.0,711.0,792.0
82.999,431.0,618.0,701.0,801.0
83.005,441.0,628.0,692.0,807.0
83.011,456.0,634.0,681.0,811.0
83.018,470.0,640.0,666.0,818.0
83.025,484.0,648.0,642.0,822.0
83.031,505.0,654.0,623.0,825.0
83.037,520.0,659.0,610.0,826.0
83.043,536.0,664.0,598.0,824.0
83.050,555.0,667.0,591.0,824.0
83.057,571.0,671.0,585.0,821.0
83.063,588.0,672.0,569.0,820.0
83.069,605.0,673.0,548.0,818.0
83.076,622.0,676.0,528.0,815.0
83.082,637.0,678.0,506.0,812.0
83.088,650.0,677.0,485.0,808.0
83.094,668.0,676.0,457.0,804.0
83.102,682.0,675.0,424.0,802.0
83.108,694.0,673.0,408.0,795.0
83.114,703.0,670.0,393.0,788.0
83.120,717.0,667.0,378.0,778.0
83.126,729.0,663.0,366.0,765.0
83.133,737.0,660.0,355.0,749.0
83.139,745.0,655.0,348.0,729.0
83.146,755.0,650.0,339.0,707.0
83.152,763.0,644.0,324.0,691.0
83.159,767.0,637.0,313.0,672.0
83.165,776.0,632.0,304.0,651.0
83.171,781.0,624.0,296.0,630.0
83.177,784.0,616.0,283.0,616.0
83.185,788.0,608.0,268.0,605.0
83.191,791.0,600.0,258.0,596.0
83.197,793.0,592.0,250.0,580.0
83.203,794.0,581.0,245.0,560.0
83.210,797.0,573.0,240.0,540.0
83.216,797.0,564.0,239.0,515.0
83.222,797.0,553.0,235.0,495.0
83.229,797.0,543.0,233.0,472.0
83.236,796.0,532.0,232.0,444.0
83.242,794.0,521.0,231.0,423.0
83.248,792.0,511.0,230.0,407.0
83.254,789.0,499.0,229.0,387.0
83.261,786.0,489.0,229.0,370.0
83.267,780.0,478.0,229.0,356.0
83.274,777.0,467.0,229.0,341.0
83.280,771.0,455.0,230.0,327.0
83.287,764.0,445.0,233.0,314.0
83.293,758.0,435.0,237.0,302.0
83.299,751.0,424.0,240.0,289.0
83.305,742.0,413.0,246.0,278.0
83.313,732.0,403.0,250.0,268.0
83.319,721.0,392.0,257.0,259.0
83.325,711.0,383.0,263.0,248.0
83.331,699.0,374.0,273.0,241.0
83.337,685.0,365.0,280.0,235.0
83.344,673.0,358.0,290.0,230.0
83.350,659.0,349.0,302.0,224.0
83.357,644.0,340.0,315.0,221.0
83.363,627.0,334.0,331.0,219.0
83.370,611.0,326.0,344.0,216.0
83.376,590.0,320.0,356.0,216.0
83.382,572.0,314.0,371.0,216.0
83.388,556.0,309.0,387.0,216.0
83.395,540.0,306.0,406.0,215.0
83.402,520.0,302.0,423.0,216.0
83.408,500.0,298.0,434.0,220.0
83.414,483.0,295.0,445.0,226.0
83.421,466.0,293.0,460.0,231.0
83.427,446.0,291.0,483.0,237.0
83.433,429.0,291.0,510.0,242.0
83.440,411.0,290.0,530.0,252.0
83.447,395.0,289.0,553.0,259.0
83.453,378.0,289.0,572.0,270.0
83.459,364.0,290.0,587.0,283.0
83.465,352.0,293.0,601.0,297.0
83.472,335.0,294.0,615.0,311.0
83.478,323.0,297.0,628.0,326.0
83.485,311.0,300.0,641.0,339.0
83.491,301.0,304.0,651.0,356.0
83.498,290.0,309.0,658.0,377.0
83.504,281.0,313.0,667.0,399.0
83.510,274.0,320.0,680.0,418.0
83.516,266.0,326.0,690.0,443.0
83.522,259.0,333.0,700.0,468.0
83.530,253.0,341.0,708.0,494.0
83.536,249.0,349.0,714.0,520.0
83.542,244.0,359.0,719.0,544.0
83.548,239.0,368.0,724.0,569.0
83.555,237.0,377.0,727.0,593.0
83.561,235.0,390.0,728.0,615.0
83.568,232.0,400.0,731.0,635.0
83.574,231.0,410.0,733.0,655.0
83.581,231.0,423.0,733.0,675.0
83.587,230.0,436.0,733.0,695.0
83.593,230.0,448.0,731.0,715.0
83.599,231.0,460.0,728.0,735.0
83.606,232.0,475.0,726.0,752.0
83.613,234.0,489.0,722.0,766.0
83.619,237.0,504.0,720.0,778.0
83.625,241.0,517.0,716.0,788.0
83.632,245.0,533.0,710.0,800.0
83.638,250.0,548.0,701.0,811.0
83.644,256.0,563.0,689.0,821.0
83.650,261.0,576.0,675.0,830.0
83.658,269.0,592.0,661.0,836.0
83.664,278.0,605.0,651.0,837.0
83.670,287.0,619.0,642.0,838.0
83.676,295.0,631.0,633.0,839.0
83.683,301.0,645.0,619.0,840.0
83.689,313.0,657.0,600.0,841.0
83.696,331.0,669.0,580.0,841.0
83.702,341.0,680.0,562.0,842.0
83.708,352.0,691.0,547.0,841.0
83.715,367.0,700.0,532.0,840.0
83.721,382.0,708.0,515.0,838.0
83.727,394.0,716.0,494.0,837.0
83.733,414.0,724.0,477.0,834.0
83.741,430.0,730.0,461.0,829.0
83.747,444.0,735.0,444.0,822.0
83.753,455.0,740.0,426.0,813.0
83.759,475.0,745.0,408.0,801.0
83.766,493.0,748.0,391.0,790.0
83.772,506.0,751.0,375.0,775.0
83.778,519.0,753.0,361.0,759.0
83.785,536.0,755.0,347.0,742.0
83.792,555.0,756.0,333.0,723.0
83.798,565.0,756.0,321.0,702.0
83.804,580.0,755.0,311.0,681.0
83.810,593.0,754.0,302.0,659.0
83.817,603.0,753.0,293.0,635.0
83.824,615.0,751.0,286.0,611.0
83.830,629.0,750.0,279.0,586.0
83.836,639.0,745.0,272.0,559.0
83.843,649.0,741.0,267.0,530.0
83.849,659.0,736.0,261.0,502.0
83.855,668.0,729.0,257.0,474.0
83.861,675.0,723.0,255.0,446.0
83.869,682.0,715.0,252.0,420.0
83.875,688.0,707.0,251.0,396.0
83.881,694.0,697.0,250.0,373.0
83.887,700.0,687.0,251.0,351.0
83.894,704.0,675.0,252.0,332.0
83.900,708.0,663.0,254.0,313.0
83.906,711.0,652.0,255.0,296.0
83.913,714.0,640.0,259.0,280.0
83.919,715.0,625.0,264.0,262.0
83.926,717.0,611.0,270.0,248.0
83.932,717.0,597.0,275.0,236.0
83.938,718.0,585.0,284.0,225.0
83.944,716.0,568.0,293.0,216.0
83.952,716.0,555.0,301.0,210.0
83.958,714.0,539.0,313.0,205.0
83.964,713.0,524.0,325.0,203.0
83.970,710.0,510.0,337.0,201.0
83.977,707.0,494.0,350.0,200.0
83.983,704.0,478.0,364.0,200.0
83.989,701.0,463.0,376.0,199.0
83.996,696.0,449.0,392.0,198.0
84.003,691.0,435.0,409.0,198.0
84.009,686.0,420.0,427.0,199.0
84.015,680.0,407.0,448.0,199.0
84.021,674.0,394.0,469.0,200.0
84.028,668.0,380.0,491.0,201.0
84.034,659.0,368.0,512.0,203.0
84.041,653.0,355.0,534.0,205.0
84.047,643.0,343.0,551.0,208.0
84.054,633.0,332.0,569.0,214.0
84.060,623.0,321.0,584.0,223.0
84.066,616.0,312.0,600.0,233.0
84.072,605.0,304.0,614.0,243.0
84.080,594.0,295.0,629.0,256.0
84.086,582.0,286.0,642.0,270.0
84.092,573.0,279.0,657.0,286.0
84.098,562.0,272.0,671.0,305.0
84.104,549.0,267.0,684.0,323.0
84.111,535.0,261.0,694.0,344.0
84.117,523.0,256.0,704.0,366.0
84.124,512.0,252.0,713.0,388.0
84.130,501.0,248.0,720.0,410.0
84.137,488.0,245.0,728.0,434.0
84.143,476.0,243.0,734.0,456.0
84.149,464.0,241.0,739.0,482.0
84.155,452.0,239.0,741.0,509.0
84.162,438.0,238.0,747.0,535.0
84.169,429.0,236.0,752.0,561.0
84.175,418.0,236.0,754.0,586.0
84.181,408.0,236.0,757.0,610.0
84.188,398.0,237.0,759.0,632.0
84.194,386.0,238.0,761.0,652.0
84.200,377.0,240.0,761.0,672.0
84.206,368.0,242.0,760.0,690.0
84.214,361.0,245.0,757.0,708.0
84.220,351.0,247.0,752.0,723.0
84.226,344.0,251.0,750.0,738.0
84.232,337.0,256.0,744.0,751.0
84.239,331.0,262.0,737.0,765.0
84.245,325.0,266.0,731.0,777.0
84.252,320.0,274.0,722.0,787.0
84.258,313.0,281.0,713.0,796.0
84.265,309.0,289.0,703.0,802.0
84.271,304.0,296.0,684.0,811.0
84.277,302.0,305.0,667.0,817.0
84.283,299.0,315.0,647.0,822.0
84.290,297.0,325.0,628.0,823.0
84.297,293.0,336.0,615.0,825.0
84.303,293.0,347.0,602.0,826.0
84.309,293.0,358.0,589.0,827.0
84.315,292.0,370.0,575.0,827.0
84.322,292.0,382.0,564.0,824.0
84.328,292.0,395.0,546.0,822.0
84.334,294.0,407.0,527.0,820.0
84.341,294.0,420.0,507.0,817.0
84.348,297.0,431.0,489.0,812.0
84.354,299.0,445.0,467.0,809.0
84.360,303.0,457.0,440.0,806.0
84.366,306.0,469.0,420.0,799.0
84.373,310.0,481.0,405.0,793.0
84.380,314.0,491.0,390.0,785.0
84.386,320.0,505.0,376.0,775.0
84.392,327.0,515.0,360.0,766.0
84.399,334.0,527.0,349.0,751.0
84.405,340.0,540.0,342.0,730.0
84.411,350.0,549.0,333.0,706.0
84.417,357.0,561.0,320.0,686.0
84.425,370.0,571.0,307.0,666.0
84.431,379.0,581.0,294.0,646.0
84.437,389.0,591.0,282.0,629.0
84.443,402.0,601.0,270.0,618.0
84.450,413.0,612.0,258.0,611.0
84.456,431.0,619.0,253.0,591.0
84.462,444.0,628.0,249.0,572.0
84.469,457.0,635.0,243.0,552.0
84.476,473.0,641.0,239.0,529.0
84.482,488.0,648.0,235.0,506.0
84.488,505.0,654.0,233.0,482.0
84.494,522.0,659.0,233.0,453.0
84.500,536.0,664.0,232.0,427.0
84.508,555.0,668.0,229.0,409.0
84.514,573.0,670.0,230.0,390.0
84.520,588.0,673.0,230.0,370.0
84.526,608.0,674.0,230.0,355.0
84.533,623.0,676.0,229.0,343.0
84.539,637.0,676.0,229.0,331.0
84.545,652.0,676.0,232.0,318.0
84.552,672.0,676.0,235.0,305.0
84.559,683.0,675.0,239.0,294.0
84.565,692.0,672.0,243.0,282.0
84.571,706.0,670.0,249.0,270.0
84.577,719.0,667.0,253.0,262.0
84.584,729.0,663.0,260.0,252.0
84.590,738.0,659.0,268.0,243.0
84.597,747.0,653.0,276.0,237.0
84.603,756.0,648.0,286.0,232.0
84.610,764.0,643.0,296.0,226.0
84.616,770.0,636.0,308.0,223.0
84.622,777.0,629.0,321.0,220.0
84.628,781.0,621.0,334.0,218.0
84.636,785.0,614.0,346.0,217.0
84.642,790.0,605.0,364.0,216.0
84.648,792.0,595.0,382.0,215.0
84.654,794.0,587.0,398.0,216.0
84.661,795.0,576.0,416.0,216.0
84.667,796.0,566.0,429.0,217.0
84.673,797.0,557.0,442.0,222.0
84.680,797.0,546.0,455.0,227.0
84.687,796.0,535.0,475.0,232.0
84.693,795.0,525.0,498.0,238.0
84.699,793.0,514.0,521.0,245.0
84.705,791.0,504.0,539.0,253.0
84.711,788.0,493.0,558.0,264.0
84.718,783.0,481.0,575.0,274.0
84.725,778.0,470.0,590.0,286.0
84.731,774.0,460.0,604.0,301.0
84.737,767.0,448.0,618.0,313.0
84.744,759.0,437.0,629.0,327.0
84.750,753.0,428.0,642.0,341.0
84.756,746.0,417.0,651.0,358.0
84.763,736.0,406.0,660.0,378.0
84.770,725.0,397.0,672.0,398.0
84.776,716.0,387.0,683.0,421.0
84.782,703.0,378.0,693.0,446.0
84.788,690.0,368.0,701.0,470.0
84.795,678.0,360.0,709.0,495.0
84.801,666.0,352.0,715.0,520.0
84.808,649.0,345.0,719.0,545.0
84.814,632.0,336.0,723.0,568.0
84.821,617.0,329.0,726.0,591.0
84.827,600.0,323.0,728.0,613.0
84.833,580.0,317.0,729.0,634.0
84.839,562.0,312.0,731.0,655.0
84.846,546.0,307.0,732.0,677.0
84.853,527.0,303.0,732.0,698.0
84.859,506.0,299.0,731.0,717.0
84.865,486.0,296.0,730.0,735.0
84.872,471.0,293.0,727.0,752.0
84.878,450.0,291.0,723.0,767.0
84.884,432.0,290.0,719.0,781.0
84.891,415.0,289.0,711.0,794.0
84.897,399.0,289.0,704.0,805.0
84.904,381.0,289.0,695.0,816.0
84.910,367.0,290.0,683.0,825.0
84.916,354.0,291.0,671.0,831.0
84.922,336.0,294.0,661.0,835.0
84.929,325.0,297.0,650.0,838.0
84.936,312.0,300.0,639.0,838.0
84.942,303.0,303.0,626.0,839.0
84.948,293.0,308.0,610.0,841.0
84.955,282.0,312.0,593.0,841.0
84.961,274.0,319.0,577.0,842.0
84.967,268.0,326.0,562.0,841.0
84.973,260.0,333.0,545.0,840.0
84.981,252.0,341.0,526.0,840.0
84.987,248.0,351.0,506.0,838.0
84.993,243.0,359.0,488.0,836.0
84.999,240.0,370.0,471.0,832.0
85.006,236.0,380.0,453.0,826.0
85.012,233.0,393.0,436.0,817.0
85.019,231.0,403.0,419.0,810.0
85.025,231.0,415.0,402.0,800.0
85.032,230.0,427.0,387.0,786.0
85.038,230.0,440.0,372.0,771.0
85.044,230.0,454.0,357.0,756.0
85.050,231.0,466.0,344.0,738.0
85.057,233.0,481.0,332.0,720.0
85.064,236.0,496.0,321.0,700.0
85.070,238.0,511.0,310.0,679.0
85.076,242.0,525.0,301.0,657.0
85.083,246.0,540.0,293.0,634.0
85.089,252.0,554.0,285.0,608.0
85.095,258.0,568.0,277.0,580.0
85.101,264.0,583.0,269.0,551.0
85.108,270.0,598.0,264.0,522.0
85.115,280.0,613.0,260.0,492.0
85.121,293.0,625.0,256.0,463.0
85.127,298.0,637.0,254.0,435.0
85.133,307.0,651.0,252.0,411.0
85.140,321.0,663.0,251.0,386.0
85.147,335.0,674.0,250.0,363.0
85.153,344.0,684.0,251.0,344.0
85.159,358.0,693.0,252.0,323.0
85.166,373.0,703.0,253.0,305.0
85.172,384.0,711.0,256.0,289.0
85.178,395.0,718.0,260.0,272.0
85.184,417.0,724.0,265.0,256.0
85.192,432.0,731.0,270.0,243.0
85.198,446.0,736.0,280.0,230.0
85.204,461.0,740.0,286.0,223.0
85.210,480.0,745.0,294.0,214.0
85.217,495.0,748.0,305.0,208.0
85.223,503.0,750.0,317.0,204.0
85.229,518.0,753.0,329.0,202.0
85.236,538.0,755.0,343.0,201.0
85.243,554.0,756.0,353.0,200.0
85.249,565.0,756.0,365.0,200.0
85.255,579.0,756.0,383.0,199.0
85.261,593.0,756.0,403.0,199.0
85.268,605.0,755.0,419.0,198.0
85.275,616.0,752.0,434.0,199.0
85.281,628.0,749.0,459.0,200.0
85.287,640.0,746.0,478.0,201.0
85.294,649.0,741.0,502.0,202.0
85.300,657.0,735.0,525.0,203.0
85.306,667.0,730.0,544.0,206.0
85.312,676.0,723.0,560.0,211.0
85.319,684.0,716.0,575.0,220.0
85.326,688.0,707.0,591.0,228.0
85.332,694.0,695.0,607.0,237.0
85.338,701.0,685.0,622.0,249.0
85.344,705.0,675.0,635.0,262.0
85.351,708.0,661.0,650.0,278.0
85.357,710.0,649.0,663.0,296.0
85.364,713.0,637.0,678.0,315.0
85.370,715.0,622.0,689.0,335.0
85.377,716.0,609.0,699.0,356.0
85.383,716.0,593.0,708.0,378.0
85.389,717.0,579.0,717.0,399.0
85.395,716.0,563.0,724.0,421.0
85.403,715.0,549.0,731.0,444.0
85.409,712.0,534.0,735.0,467.0
85.415,713.0,520.0,740.0,494.0
85.421,710.0,505.0,743.0,522.0
85.428,708.0,489.0,749.0,548.0
85.434,703.0,474.0,754.0,573.0
85.440,700.0,459.0,757.0,601.0
85.447,695.0,445.0,758.0,624.0
85.454,689.0,432.0,760.0,648.0
85.460,683.0,417.0,758.0,670.0
85.466,678.0,405.0,760.0,689.0
85.472,671.0,392.0,758.0,706.0
85.479,666.0,378.0,756.0,722.0
85.485,657.0,367.0,752.0,735.0
85.492,650.0,354.0,746.0,750.0
85.498,640.0,345.0,739.0,761.0
85.504,631.0,331.0,733.0,772.0
85.511,622.0,322.0,727.0,782.0
85.517,614.0,312.0,719.0,792.0
85.523,604.0,303.0,708.0,800.0
85.530,595.0,295.0,692.0,808.0
85.537,584.0,285.0,675.0,814.0
85.543,572.0,278.0,660.0,817.0
85.549,561.0,272.0,643.0,822.0
85.555,549.0,268.0,626.0,825.0
85.562,539.0,261.0,609.0,826.0
85.568,526.0,256.0,594.0,827.0
85.575,514.0,253.0,587.0,825.0
85.581,503.0,248.0,587.0,821.0
85.588,491.0,246.0,568.0,820.0
85.594,479.0,242.0,545.0,818.0
85.600,469.0,240.0,528.0,815.0
85.606,455.0,238.0,506.0,811.0
85.613,442.0,237.0,484.0,807.0
85.620,431.0,236.0,456.0,804.0
85.626,423.0,235.0,426.0,802.0
85.632,413.0,236.0,410.0,796.0
85.639,401.0,237.0,395.0,787.0
85.645,389.0,237.0,380.0,779.0
85.651,382.0,239.0,364.0,769.0
85.658,374.0,241.0,350.0,758.0
85.665,364.0,244.0,338.0,742.0
85.671,352.0,247.0,328.0,724.0
85.677,346.0,251.0,317.0,707.0
85.683,338.0,255.0,305.0,687.0
85.690,330.0,261.0,296.0,665.0
85.696,325.0,267.0,285.0,646.0
85.703,320.0,274.0,273.0,636.0
85.709,313.0,280.0,264.0,624.0
85.715,308.0,289.0,257.0,603.0
85.722,304.0,298.0,251.0,586.0
85.728,301.0,306.0,246.0,566.0
85.734,299.0,316.0,242.0,547.0
85.740,297.0,326.0,240.0,524.0
85.748,293.0,336.0,237.0,504.0
85.754,292.0,348.0,234.0,481.0
85.760,291.0,361.0,231.0,456.0
85.766,291.0,372.0,229.0,434.0
85.773,292.0,382.0,229.0,409.0
85.779,292.0,395.0,228.0,384.0
85.786,294.0,406.0,228.0,369.0
85.792,295.0,419.0,229.0,354.0
85.799,298.0,430.0,229.0,340.0
85.805,302.0,444.0,231.0,328.0
85.811,304.0,456.0,232.0,315.0
85.817,307.0,470.0,236.0,302.0
85.824,311.0,482.0,240.0,289.0
85.831,317.0,492.0,246.0,277.0
85.837,322.0,506.0,251.0,267.0
85.843,329.0,516.0,255.0,258.0
85.850,335.0,529.0,264.0,248.0
85.856,341.0,541.0,272.0,241.0
85.862,352.0,551.0,281.0,234.0
85.868,359.0,563.0,292.0,228.0
85.876,371.0,572.0,301.0,224.0
85.882,381.0,582.0,312.0,221.0
85.888,393.0,593.0,324.0,219.0
85.894,404.0,601.0,338.0,217.0
85.900,414.0,611.0,349.0,218.0
85.907,431.0,619.0,367.0,217.0
85.914,443.0,628.0,386.0,215.0
85.920,456.0,634.0,402.0,216.0
85.926,471.0,640.0,419.0,216.0
85.933,487.0,647.0,433.0,219.0
85.939,502.0,653.0,447.0,224.0
85.945,515.0,658.0,463.0,231.0
85.951,533.0,662.0,484.0,237.0
85.959,550.0,665.0,504.0,244.0
85.965,566.0,670.0,526.0,253.0
85.971,584.0,672.0,548.0,260.0
85.977,598.0,674.0,568.0,269.0
85.984,616.0,675.0,583.0,279.0
85.990,633.0,676.0,596.0,293.0
85.996,644.0,676.0,608.0,307.0
86.003,663.0,676.0,622.0,320.0
86.010,677.0,675.0,636.0,333.0
86.016,689.0,674.0,646.0,351.0
86.022,701.0,671.0,657.0,372.0
86.028,713.0,669.0,671.0,391.0
86.035,725.0,666.0,681.0,414.0
86.042,733.0,661.0,690.0,437.0
86.048,743.0,656.0,698.0,461.0
86.054,753.0,651.0,705.0,484.0
86.061,762.0,646.0,711.0,508.0
86.067,766.0,639.0,717.0,531.0
86.073,774.0,632.0,721.0,553.0
86.079,779.0,625.0,725.0,576.0
86.087,783.0,617.0,727.0,597.0
86.093,787.0,609.0,729.0,620.0
86.099,792.0,600.0,731.0,642.0
86.105,793.0,590.0,732.0,664.0
86.112,795.0,580.0,732.0,687.0
86.118,797.0,571.0,731.0,707.0
86.124,797.0,561.0,731.0,725.0
86.131,796.0,549.0,729.0,743.0
86.138,796.0,538.0,725.0,758.0
86.144,795.0,527.0,722.0,774.0
86.150,793.0,515.0,716.0,786.0
86.156,790.0,505.0,708.0,799.0
86.162,787.0,493.0,700.0,811.0
86.170,783.0,481.0,689.0,821.0
86.176,779.0,470.0,679.0,828.0
86.182,773.0,458.0,668.0,833.0
86.188,766.0,447.0,658.0,834.0
86.195,759.0,435.0,647.0,837.0
86.201,752.0,425.0,635.0,839.0
86.207,743.0,414.0,620.0,840.0
86.214,733.0,403.0,603.0,841.0
86.221,721.0,394.0,588.0,841.0
86.227,711.0,383.0,573.0,841.0
86.233,698.0,373.0,557.0,841.0
86.239,685.0,364.0,540.0,840.0
86.246,672.0,356.0,522.0,837.0
86.252,661.0,349.0,502.0,837.0
86.259,643.0,341.0,485.0,835.0
86.265,625.0,333.0,468.0,830.0
86.272,611.0,327.0,450.0,823.0
86.278,596.0,322.0,430.0,816.0
86.284,576.0,315.0,413.0,804.0
86.290,557.0,310.0,394.0,792.0
86.298,542.0,306.0,378.0,777.0
86.304,528.0,303.0,361.0,761.0
86.310,508.0,299.0,347.0,743.0
86.316,490.0,297.0,334.0,723.0
86.323,472.0,294.0,322.0,703.0
86.329,453.0,291.0,311.0,680.0
86.335,438.0,291.0,300.0,656.0
86.342,420.0,291.0,292.0,633.0
86.349,403.0,289.0,285.0,609.0
86.355,384.0,289.0,278.0,584.0
86.361,371.0,290.0,272.0,559.0
86.367,357.0,291.0,267.0,535.0
86.373,342.0,293.0,262.0,509.0
86.380,327.0,295.0,259.0,484.0
86.387,314.0,298.0,255.0,458.0
86.393,306.0,301.0,253.0,432.0
86.399,298.0,306.0,252.0,408.0
86.406,286.0,311.0,250.0,384.0
86.412,275.0,316.0,251.0,362.0
86.418,270.0,323.0,252.0,342.0
86.424,262.0,330.0,252.0,322.0
86.432,255.0,339.0,254.0,302.0
86.438,250.0,346.0,259.0,282.0
86.444,246.0,355.0,264.0,265.0
86.450,239.0,366.0,268.0,251.0
86.457,237.0,375.0,274.0,240.0
86.463,235.0,388.0,283.0,227.0
86.470,233.0,399.0,292.0,216.0
86.476,231.0,411.0,302.0,209.0
86.483,229.0,423.0,312.0,206.0
86.489,229.0,437.0,322.0,204.0
86.495,230.0,451.0,333.0,202.0
86.501,231.0,464.0,344.0,201.0
86.508,233.0,479.0,360.0,199.0
86.515,234.0,494.0,376.0,199.0
86.521,238.0,509.0,393.0,199.0
86.527,241.0,524.0,410.0,198.0
86.534,247.0,539.0,422.0,199.0
86.540,252.0,553.0,436.0,199.0
86.546,257.0,569.0,458.0,201.0
86.552,263.0,582.0,484.0,200.0
86.559,271.0,598.0,505.0,202.0
86.566,279.0,612.0,526.0,204.0
86.572,290.0,624.0,544.0,207.0
86.578,296.0,637.0,560.0,212.0
86.584,307.0,650.0,573.0,221.0
86.591,319.0,662.0,587.0,231.0
86.598,334.0,671.0,602.0,244.0
86.604,345.0,683.0,623.0,257.0
86.610,357.0,693.0,643.0,271.0
86.617,372.0,702.0,658.0,291.0
86.623,386.0,709.0,672.0,310.0
86.629,396.0,717.0,687.0,330.0
86.635,414.0,724.0,697.0,352.0
86.643,431.0,731.0,708.0,375.0
86.649,445.0,736.0,716.0,397.0
86.655,455.0,740.0,725.0,420.0
86.661,471.0,744.0,730.0,442.0
86.668,488.0,747.0,736.0,465.0
86.674,502.0,750.0,741.0,486.0
86.680,514.0,752.0,745.0,508.0
86.687,532.0,755.0,748.0,533.0
86.694,547.0,756.0,750.0,558.0
86.700,558.0,756.0,754.0,584.0
86.706,574.0,757.0,758.0,608.0
86.712,589.0,755.0,760.0,631.0
86.719,599.0,755.0,761.0,654.0
86.726,611.0,753.0,760.0,674.0
86.732,621.0,751.0,757.0,695.0
86.738,634.0,748.0,755.0,711.0
86.745,644.0,744.0,755.0,725.0
86.751,653.0,739.0,752.0,739.0
86.757,663.0,734.0,748.0,752.0
86.763,672.0,728.0,738.0,766.0
86.770,678.0,720.0,725.0,778.0
86.777,684.0,713.0,720.0,787.0
86.783,691.0,704.0,716.0,794.0
86.789,697.0,693.0,706.0,803.0
86.795,702.0,684.0,691.0,809.0
86.802,706.0,670.0,670.0,816.0
86.808,710.0,659.0,647.0,820.0
86.815,712.0,646.0,631.0,823.0
86.821,713.0,632.0,618.0,825.0
86.828,716.0,618.0,611.0,826.0
86.834,718.0,601.0,599.0,825.0
86.840,718.0,589.0,583.0,825.0
86.846,717.0,572.0,575.0,822.0
86.854,714.0,560.0,558.0,820.0
86.860,715.0,542.0,538.0,818.0
86.866,714.0,527.0,520.0,814.0
86.872,710.0,512.0,499.0,810.0
86.879,708.0,496.0,480.0,805.0
86.885,705.0,479.0,454.0,800.0
86.891,702.0,463.0,428.0,796.0
86.898,696.0,449.0,402.0,792.0
86.905,690.0,435.0,389.0,782.0
86.911,683.0,419.0,378.0,769.0
86.917,679.0,407.0,362.0,760.0
86.923,672.0,394.0,354.0,743.0
86.930,665.0,380.0,352.0,719.0
86.936,657.0,369.0,336.0,704.0
86.943,651.0,355.0,319.0,688.0
86.949,641.0,344.0,309.0,667.0
86.955,633.0,331.0,296.0,647.0
86.962,624.0,323.0,283.0,632.0
86.968,615.0,313.0,270.0,624.0
86.974,607.0,305.0,260.0,614.0
86.981,596.0,295.0,254.0,594.0
86.988,584.0,288.0,249.0,575.0
86.994,575.0,281.0,243.0,554.0
87.000,564.0,276.0,241.0,532.0
87.006,553.0,270.0,240.0,511.0
87.013,540.0,263.0,235.0,492.0
87.019,526.0,259.0,231.0,468.0
87.026,517.0,254.0,229.0,445.0
87.032,506.0,250.0,228.0,423.0
87.039,496.0,245.0,227.0,402.0
87.045,484.0,244.0,228.0,383.0
87.051,472.0,241.0,228.0,366.0
87.057,460.0,239.0,228.0,351.0
87.064,450.0,237.0,229.0,338.0
87.071,441.0,237.0,231.0,324.0
87.077,430.0,235.0,234.0,311.0
87.083,422.0,237.0,237.0,299.0
87.090,413.0,236.0,240.0,288.0
87.096,401.0,236.0,247.0,275.0
87.102,390.0,237.0,254.0,265.0
87.109,380.0,239.0,256.0,256.0
87.116,374.0,242.0,265.0,248.0
87.122,365.0,243.0,273.0,239.0
87.128,356.0,246.0,283.0,233.0
87.134,347.0,250.0,293.0,228.0
87.141,341.0,254.0,304.0,224.0
87.147,333.0,258.0,320.0,220.0
87.154,327.0,263.0,331.0,218.0
87.160,322.0,271.0,347.0,216.0
87.166,316.0,277.0,360.0,215.0
87.173,311.0,284.0,370.0,217.0
87.179,305.0,292.0,384.0,215.0
87.185,304.0,302.0,399.0,216.0
87.191,301.0,311.0,414.0,217.0
87.199,297.0,323.0,429.0,223.0
87.205,294.0,333.0,445.0,228.0
87.211,293.0,343.0,462.0,235.0
87.217,291.0,356.0,484.0,241.0
87.224,291.0,368.0,509.0,245.0
87.230,290.0,380.0,531.0,252.0
87.237,292.0,393.0,552.0,259.0
87.243,293.0,405.0,569.0,269.0
87.250,294.0,419.0,582.0,282.0
87.256,296.0,431.0,595.0,293.0
87.262,300.0,444.0,610.0,306.0
87.268,303.0,458.0,623.0,319.0
87.275,308.0,469.0,636.0,334.0
87.282,312.0,482.0,649.0,353.0
87.288,318.0,493.0,660.0,375.0
87.294,323.0,508.0,672.0,397.0
87.301,329.0,520.0,684.0,421.0
87.307,338.0,532.0,693.0,445.0
87.313,346.0,543.0,701.0,469.0
87.319,356.0,555.0,707.0,494.0
87.327,366.0,565.0,713.0,518.0
87.333,376.0,576.0,719.0,541.0
87.339,389.0,586.0,723.0,564.0
87.345,398.0,597.0,727.0,587.0
87.351,410.0,606.0,728.0,609.0
87.358,425.0,615.0,731.0,629.0
87.365,440.0,624.0,733.0,651.0
87.371,454.0,631.0,732.0,673.0
87.377,466.0,640.0,732.0,693.0
87.384,482.0,645.0,731.0,712.0
87.390,497.0,652.0,729.0,730.0
87.396,514.0,657.0,728.0,747.0
87.402,530.0,661.0,725.0,761.0
87.410,545.0,666.0,721.0,776.0
87.416,562.0,669.0,714.0,789.0
87.422,580.0,670.0,708.0,800.0
87.428,593.0,673.0,700.0,811.0
87.435,612.0,675.0,688.0,822.0
87.441,627.0,677.0,676.0,829.0
87.447,639.0,677.0,665.0,834.0
87.454,658.0,677.0,656.0,836.0
87.461,674.0,676.0,647.0,837.0
87.467,685.0,674.0,635.0,839.0
87.473,695.0,672.0,621.0,841.0
87.479,709.0,670.0,605.0,841.0
87.486,721.0,667.0,586.0,841.0
87.493,729.0,663.0,567.0,842.0
87.499,739.0,658.0,550.0,841.0
87.505,750.0,653.0,532.0,840.0
87.512,757.0,649.0,515.0,839.0
87.518,764.0,641.0,497.0,837.0
87.524,768.0,635.0,479.0,834.0
87.530,776.0,629.0,462.0,829.0
87.537,782.0,622.0,445.0,823.0
87.544,785.0,612.0,428.0,815.0
87.550,790.0,604.0,413.0,804.0
87.556,793.0,596.0,395.0,792.0
87.562,795.0,586.0,378.0,779.0
87.569,796.0,575.0,363.0,762.0
87.575,797.0,566.0,349.0,744.0
87.582,797.0,556.0,335.0,725.0
87.588,797.0,545.0,323.0,705.0
87.595,794.0,534.0,312.0,683.0
87.601,795.0,523.0,302.0,659.0
87.607,792.0,512.0,293.0,635.0
87.613,789.0,500.0,285.0,611.0
87.621,785.0,489.0,278.0,584.0
87.627,782.0,478.0,272.0,559.0
87.633,777.0,466.0,266.0,531.0
87.639,771.0,455.0,262.0,502.0
87.646,764.0,443.0,258.0,474.0
87.652,756.0,434.0,255.0,447.0
87.658,750.0,423.0,253.0,421.0
87.665,742.0,412.0,253.0,395.0
87.672,731.0,401.0,251.0,373.0
87.678,720.0,392.0,251.0,350.0
87.684,709.0,381.0,252.0,330.0
87.690,696.0,371.0,254.0,311.0
87.697,683.0,362.0,256.0,293.0
87.703,668.0,353.0,259.0,276.0
87.710,651.0,345.0,263.0,261.0
87.716,634.0,337.0,270.0,246.0
87.723,619.0,330.0,278.0,233.0
87.729,602.0,323.0,285.0,224.0
87.735,582.0,317.0,292.0,216.0
87.741,562.0,312.0,302.0,211.0
87.747,545.0,306.0,313.0,206.0
87.755,532.0,304.0,324.0,203.0
87.761,512.0,300.0,338.0,201.0
87.767,488.0,297.0,347.0,201.0
87.773,473.0,294.0,360.0,200.0
87.780,456.0,291.0,377.0,199.0
87.786,436.0,290.0,400.0,197.0
87.793,419.0,289.0,418.0,198.0
87.799,405.0,289.0,438.0,198.0
87.806,388.0,289.0,455.0,199.0
87.812,373.0,289.0,471.0,201.0
87.818,359.0,290.0,495.0,202.0
87.824,348.0,293.0,517.0,203.0
87.831,330.0,295.0,536.0,205.0
87.838,320.0,297.0,553.0,209.0
87.844,310.0,300.0,569.0,214.0
87.850,299.0,304.0,582.0,225.0
87.857,290.0,309.0,591.0,238.0
87.863,280.0,315.0,608.0,252.0
87.869,273.0,319.0,626.0,265.0
87.875,267.0,327.0,644.0,281.0
87.883,258.0,333.0,660.0,300.0
87.889,253.0,341.0,676.0,318.0
87.895,249.0,348.0,690.0,337.0
87.901,245.0,358.0,700.0,359.0
87.908,239.0,367.0,710.0,381.0
87.914,236.0,376.0,719.0,403.0
87.921,235.0,389.0,725.0,426.0
87.927,232.0,399.0,732.0,449.0
87.934,229.0,411.0,737.0,470.0
87.940,230.0,423.0,742.0,494.0
87.946,230.0,436.0,745.0,519.0
87.952,230.0,449.0,746.0,547.0
87.958,231.0,463.0,751.0,571.0
87.966,233.0,477.0,756.0,595.0
87.972,234.0,492.0,759.0,619.0
87.978,238.0,507.0,761.0,643.0
87.984,242.0,522.0,761.0,667.0
87.991,247.0,538.0,759.0,688.0
87.997,252.0,553.0,755.0,707.0
88.003,258.0,568.0,754.0,722.0
88.010,264.0,583.0,751.0,736.0
88.017,272.0,598.0,748.0,749.0
88.023,282.0,613.0,743.0,760.0
88.029,291.0,625.0,734.0,773.0
88.035,298.0,639.0,720.0,785.0
88.042,309.0,652.0,711.0,795.0
88.049,323.0,664.0,704.0,802.0
88.055,335.0,675.0,693.0,808.0
88.061,347.0,687.0,686.0,812.0
88.068,360.0,697.0,664.0,818.0
88.074,374.0,705.0,636.0,824.0
88.080,387.0,713.0,616.0,826.0
88.086,401.0,720.0,603.0,827.0
88.094,419.0,727.0,589.0,827.0
88.100,431.0,732.0,577.0,826.0
88.106,449.0,737.0,569.0,824.0
88.112,464.0,742.0,565.0,819.0
88.119,481.0,745.0,544.0,816.0
88.125,495.0,749.0,520.0,815.0
88.131,506.0,751.0,500.0,811.0
88.138,523.0,754.0,475.0,807.0
88.144,539.0,755.0,448.0,803.0
88.151,556.0,756.0,420.0,799.0
88.157,566.0,756.0,401.0,792.0
88.163,580.0,756.0,388.0,784.0
88.169,593.0,755.0,375.0,771.0
88.177,606.0,753.0,361.0,762.0
88.183,617.0,752.0,355.0,744.0
88.189,627.0,749.0,350.0,720.0
88.195,640.0,745.0,335.0,702.0
88.202,649.0,742.0,320.0,685.0
88.208,657.0,736.0,308.0,665.0
88.214,665.0,731.0,300.0,643.0
88.221,673.0,724.0,290.0,624.0
88.228,682.0,717.0,277.0,610.0
88.234,688.0,709.0,264.0,603.0
88.240,693.0,699.0,255.0,591.0
88.246,699.0,689.0,250.0,576.0
88.253,703.0,678.0,245.0,556.0
88.259,707.0,667.0,240.0,536.0
88.266,710.0,655.0,239.0,512.0
88.272,713.0,642.0,234.0,492.0
88.279,715.0,630.0,233.0,466.0
88.285,716.0,616.0,232.0,438.0
88.291,718.0,601.0,231.0,420.0
88.297,718.0,588.0,230.0,403.0
88.305,718.0,572.0,229.0,383.0
88.311,717.0,558.0,228.0,367.0
88.317,716.0,542.0,229.0,352.0
88.323,714.0,527.0,230.0,339.0
88.330,711.0,515.0,231.0,325.0
88.336,709.0,500.0,234.0,312.0
88.342,706.0,484.0,238.0,296.0
88.349,703.0,470.0,244.0,283.0
88.355,697.0,457.0,247.0,272.0
88.362,691.0,443.0,251.0,264.0
88.368,686.0,426.0,257.0,255.0
88.374,680.0,412.0,264.0,248.0
88.380,674.0,397.0,272.0,240.0
88.387,667.0,382.0,282.0,234.0
88.394,660.0,371.0,293.0,229.0
88.400,653.0,356.0,306.0,222.0
88.406,643.0,345.0,318.0,219.0
88.413,633.0,331.0,330.0,218.0
88.419,624.0,322.0,337.0,219.0
88.425,616.0,313.0,347.0,219.0
88.432,607.0,305.0,364.0,217.0
88.439,598.0,295.0,385.0,216.0
88.445,583.0,286.0,403.0,214.0
88.451,573.0,279.0,420.0,216.0
88.457,562.0,273.0,435.0,219.0
88.464,549.0,269.0,447.0,225.0
88.470,540.0,262.0,462.0,230.0
88.477,525.0,257.0,486.0,236.0
88.483,513.0,253.0,507.0,244.0
88.490,501.0,250.0,531.0,251.0
88.496,493.0,246.0,551.0,258.0
88.502,479.0,244.0,569.0,268.0
88.508,468.0,241.0,583.0,281.0
88.515,455.0,239.0,596.0,295.0
88.522,442.0,237.0,611.0,308.0
88.528,431.0,236.0,624.0,320.0
88.534,424.0,236.0,637.0,333.0
88.541,413.0,236.0,646.0,349.0
88.547,402.0,237.0,652.0,372.0
88.553,390.0,237.0,663.0,390.0
88.560,381.0,239.0,677.0,409.0
88.566,372.0,241.0,687.0,433.0
88.573,365.0,244.0,697.0,457.0
88.579,356.0,246.0,705.0,484.0
88.585,347.0,249.0,711.0,508.0
88.591,340.0,253.0,717.0,533.0
88.598,333.0,258.0,721.0,556.0
88.605,328.0,264.0,725.0,579.0
88.611,322.0,269.0,727.0,600.0
88.617,317.0,277.0,730.0,621.0
88.624,311.0,282.0,732.0,641.0
88.630,307.0,291.0,732.0,661.0
88.636,304.0,299.0,731.0,682.0
88.642,302.0,308.0,729.0,705.0
88.650,298.0,318.0,728.0,725.0
88.656,296.0,327.0,728.0,740.0
88.662,293.0,338.0,726.0,755.0
88.668,292.0,350.0,724.0,769.0
88.675,292.0,361.0,720.0,781.0
88.681,291.0,373.0,714.0,794.0
88.688,291.0,383.0,703.0,807.0
88.694,291.0,396.0,690.0,819.0
88.701,293.0,408.0,679.0,828.0
88.707,295.0,420.0,670.0,832.0
88.713,297.0,434.0,663.0,834.0
88.719,300.0,445.0,653.0,836.0
88.726,304.0,458.0,642.0,838.0
88.733,308.0,470.0,625.0,840.0
88.739,311.0,482.0,610.0,840.0
88.745,317.0,494.0,594.0,841.0
88.751,323.0,508.0,579.0,841.0
88.758,329.0,521.0,565.0,841.0
88.764,337.0,533.0,548.0,840.0
88.770,346.0,544.0,529.0,840.0
88.777,354.0,558.0,510.0,839.0
88.784,365.0,567.0,492.0,836.0
88.790,376.0,578.0,476.0,833.0
88.796,387.0,589.0,459.0,828.0
88.802,399.0,599.0,442.0,820.0
88.809,411.0,610.0,423.0,812.0
88.816,429.0,619.0,405.0,801.0
88.822,442.0,627.0,390.0,787.0
88.828,454.0,635.0,373.0,773.0
88.835,471.0,640.0,359.0,757.0
88.841,486.0,648.0,344.0,740.0
88.847,504.0,654.0,332.0,721.0
88.853,520.0,659.0,320.0,700.0
88.861,537.0,664.0,311.0,678.0
88.867,555.0,667.0,300.0,655.0
88.873,571.0,671.0,291.0,630.0
88.879,589.0,673.0,284.0,606.0
88.886,606.0,674.0,278.0,580.0
88.892,622.0,676.0,271.0,551.0
88.898,636.0,676.0,265.0,523.0
88.905,650.0,676.0,260.0,495.0
88.912,667.0,676.0,257.0,468.0
88.918,683.0,674.0,254.0,440.0
88.924,694.0,673.0,251.0,415.0
88.930,706.0,671.0,251.0,390.0
88.937,716.0,667.0,250.0,368.0
88.944,729.0,664.0,251.0,347.0
88.950,738.0,659.0,253.0,328.0
88.956,747.0,654.0,253.0,308.0
88.962,755.0,650.0,257.0,291.0
88.969,763.0,644.0,261.0,273.0
88.975,768.0,636.0,265.0,258.0
88.981,776.0,630.0,271.0,244.0
88.988,780.0,623.0,279.0,231.0
88.995,784.0,615.0,286.0,221.0
89.001,789.0,608.0,295.0,214.0
89.007,792.0,599.0,304.0,208.0
89.013,793.0,590.0,316.0,205.0
89.020,795.0,580.0,328.0,203.0
89.026,796.0,572.0,340.0,201.0
89.033,796.0,562.0,354.0,200.0
89.039,797.0,550.0,364.0,199.0
89.046,796.0,539.0,382.0,198.0
89.052,795.0,529.0,402.0,198.0
89.058,792.0,518.0,421.0,198.0
89.064,791.0,507.0,439.0,199.0
89.072,788.0,496.0,459.0,199.0
89.078,784.0,484.0,479.0,200.0
89.084,780.0,474.0,501.0,202.0
89.090,774.0,462.0,522.0,203.0
89.097,768.0,450.0,541.0,205.0
89.103,760.0,439.0,558.0,210.0
89.109,754.0,430.0,573.0,217.0
89.116,747.0,419.0,589.0,226.0
89.123,739.0,409.0,603.0,237.0
89.129,725.0,398.0,617.0,248.0
89.135,715.0,387.0,634.0,261.0
89.141,704.0,379.0,650.0,278.0
89.148,691.0,368.0,664.0,296.0
89.154,678.0,360.0,678.0,316.0
89.161,665.0,351.0,690.0,336.0
89.167,647.0,343.0,701.0,357.0
89.173,630.0,335.0,710.0,380.0
89.180,614.0,328.0,717.0,402.0
89.186,598.0,322.0,726.0,424.0
89.192,577.0,316.0,732.0,447.0
89.198,557.0,311.0,737.0,471.0
89.206,543.0,306.0,740.0,498.0
89.212,524.0,302.0,743.0,525.0
89.218,503.0,299.0,749.0,552.0
89.224,483.0,295.0,753.0,579.0
89.231,467.0,293.0,756.0,603.0
89.237,447.0,291.0,758.0,626.0
89.244,429.0,290.0,759.0,650.0
89.250,412.0,289.0,761.0,669.0
89.257,397.0,289.0,760.0,688.0
89.263,378.0,290.0,757.0,706.0
89.269,363.0,291.0,755.0,721.0
89.275,352.0,292.0,751.0,735.0
89.282,336.0,294.0,748.0,748.0
89.289,322.0,297.0,739.0,762.0
89.295,311.0,301.0,729.0,774.0
89.301,303.0,303.0,720.0,786.0
89.308,292.0,308.0,716.0,794.0
89.314,282.0,312.0,707.0,801.0
89.320,273.0,319.0,692.0,809.0
89.326,266.0,326.0,675.0,815.0
89.334,260.0,332.0,649.0,822.0
89.340,254.0,341.0,629.0,825.0
89.346,248.0,348.0,616.0,826.0
89.352,244.0,358.0,603.0,827.0
89.359,239.0,368.0,588.0,827.0
89.365,237.0,376.0,571.0,827.0
89.372,236.0,388.0,561.0,825.0
89.378,232.0,398.0,551.0,821.0
89.385,231.0,411.0,536.0,816.0
89.391,230.0,423.0,518.0,814.0
89.397,231.0,435.0,496.0,810.0
89.403,230.0,448.0,467.0,808.0
89.409,231.0,460.0,440.0,804.0
89.417,233.0,475.0,419.0,798.0
89.423,234.0,488.0,402.0,792.0
89.429,237.0,502.0,386.0,784.0
89.435,241.0,516.0,373.0,773.0
89.442,244.0,530.0,358.0,763.0
89.448,248.0,546.0,349.0,747.0
89.454,254.0,560.0,342.0,726.0
89.461,262.0,573.0,331.0,703.0
89.468,266.0,589.0,318.0,684.0
89.474,274.0,604.0,304.0,662.0
89.480,285.0,617.0,291.0,644.0
89.486,293.0,629.0,281.0,625.0
89.493,300.0,642.0,269.0,612.0
89.500,312.0,655.0,259.0,606.0
89.506,326.0,666.0,252.0,588.0
89.512,338.0,677.0,248.0,568.0
89.519,350.0,688.0,246.0,543.0
89.525,365.0,698.0,245.0,520.0
89.531,378.0,706.0,240.0,499.0
89.537,391.0,714.0,237.0,477.0
89.545,408.0,722.0,232.0,452.0
89.551,426.0,728.0,230.0,424.0
89.557,439.0,734.0,230.0,399.0
89.563,449.0,737.0,230.0,383.0
89.570,467.0,743.0,229.0,367.0
89.576,483.0,747.0,230.0,354.0
89.582,502.0,749.0,230.0,340.0
89.589,513.0,752.0,232.0,328.0
89.595,529.0,754.0,233.0,317.0
89.602,546.0,756.0,235.0,303.0
89.608,558.0,755.0,241.0,289.0
89.614,571.0,756.0,245.0,280.0
89.620,584.0,756.0,248.0,269.0
89.628,596.0,755.0,255.0,261.0
89.634,608.0,753.0,261.0,251.0
89.640,621.0,750.0,270.0,242.0
89.646,633.0,748.0,278.0,235.0
89.653,640.0,744.0,288.0,231.0
89.659,652.0,740.0,298.0,227.0
89.665,660.0,734.0,308.0,223.0
89.672,671.0,727.0,323.0,219.0
89.679,678.0,722.0,334.0,218.0
89.685,684.0,714.0,348.0,217.0
89.691,688.0,705.0,363.0,216.0
89.697,693.0,696.0,380.0,216.0
89.704,701.0,686.0,397.0,215.0
89.710,704.0,673.0,415.0,215.0
89.717,706.0,663.0,428.0,218.0
89.723,710.0,651.0,442.0,222.0
89.730,714.0,638.0,457.0,226.0
89.736,715.0,622.0,476.0,231.0
89.742,716.0,609.0,499.0,237.0
89.748,718.0,595.0,519.0,245.0
89.756,717.0,582.0,538.0,254.0
89.762,717.0,565.0,557.0,262.0
89.768,716.0,551.0,573.0,273.0
89.774,715.0,535.0,589.0,285.0
89.781,713.0,522.0,602.0,299.0
89.787,710.0,507.0,615.0,312.0
89.793,709.0,491.0,628.0,325.0
89.800,705.0,478.0,640.0,339.0
89.807,701.0,462.0,650.0,356.0
89.813,696.0,447.0,659.0,378.0
89.819,690.0,434.0,672.0,398.0
89.825,686.0,419.0,684.0,421.0
89.831,680.0,406.0,694.0,445.0
89.838,673.0,393.0,702.0,471.0
89.845,665.0,379.0,709.0,495.0
89.851,658.0,367.0,714.0,521.0
89.857,650.0,354.0,719.0,544.0
89.864,640.0,345.0,724.0,567.0
89.870,631.0,331.0,727.0,590.0
89.876,622.0,320.0,729.0,611.0
89.883,614.0,311.0,731.0,633.0
89.890,603.0,302.0,732.0,653.0
89.896,592.0,292.0,732.0,674.0
89.902,579.0,284.0,731.0,696.0
89.908,570.0,277.0,730.0,716.0
89.915,557.0,272.0,728.0,734.0
89.921,546.0,264.0,726.0,751.0
89.928,531.0,260.0,723.0,766.0
89.934,521.0,255.0,720.0,778.0
89.941,507.0,251.0,715.0,790.0
89.947,496.0,247.0,708.0,801.0
89.953,483.0,243.0,700.0,813.0
89.959,472.0,241.0,689.0,822.0
89.966,458.0,239.0,673.0,831.0
89.973,446.0,238.0,660.0,835.0
89.979,435.0,236.0,651.0,837.0
89.985,426.0,236.0,642.0,838.0
89.992,416.0,236.0,632.0,839.0
89.998,407.0,237.0,616.0,839.0
90.004,394.0,237.0,599.0,841.0
90.011,384.0,238.0,581.0,842.0
90.018,375.0,241.0,565.0,839.0
90.024,365.0,243.0,550.0,841.0
90.030,357.0,246.0,532.0,840.0
90.036,347.0,248.0,514.0,838.0
90.043,341.0,253.0,495.0,837.0
90.049,334.0,257.0,477.0,834.0
90.056,329.0,265.0,461.0,828.0
90.062,324.0,269.0,444.0,822.0
90.068,319.0,277.0,427.0,814.0
90.075,312.0,283.0,410.0,804.0
90.081,308.0,292.0,394.0,791.0
90.087,303.0,300.0,379.0,778.0
90.093,302.0,310.0,365.0,765.0
90.101,299.0,320.0,352.0,748.0
90.107,295.0,330.0,339.0,730.0
90.113,292.0,341.0,327.0,711.0
90.119,292.0,353.0,316.0,692.0
90.126,291.0,365.0,306.0,671.0
90.132,290.0,377.0,298.0,649.0
90.139,292.0,388.0,290.0,625.0
90.145,292.0,400.0,282.0,598.0
90.152,293.0,412.0,275.0,571.0
90.158,296.0,425.0,269.0,542.0
90.164,297.0,437.0,263.0,513.0
90.170,301.0,449.0,259.0,483.0
90.177,304.0,463.0,256.0,456.0
90.184,308.0,473.0,252.0,429.0
90.190,312.0,485.0,252.0,404.0
90.196,317.0,496.0,251.0,380.0
90.203,322.0,510.0,251.0,358.0
90.209,330.0,522.0,251.0,339.0
90.215,336.0,533.0,253.0,319.0
90.221,345.0,545.0,255.0,302.0
90.229,354.0,555.0,256.0,285.0
90.235,365.0,565.0,262.0,269.0
90.241,374.0,576.0,267.0,253.0
90.247,386.0,586.0,272.0,241.0
90.254,396.0,596.0,280.0,229.0
90.260,406.0,607.0,288.0,219.0
90.267,424.0,615.0,297.0,213.0
90.273,438.0,624.0,308.0,208.0
90.279,453.0,632.0,320.0,204.0
90.286,466.0,639.0,332.0,202.0
90.292,483.0,645.0,343.0,201.0
90.298,498.0,653.0,356.0,201.0
90.304,515.0,657.0,369.0,199.0
90.312,530.0,662.0,387.0,198.0
90.318,548.0,667.0,406.0,199.0
90.324,564.0,670.0,422.0,199.0
90.330,583.0,672.0,438.0,199.0
90.337,599.0,674.0,463.0,200.0
90.343,618.0,676.0,482.0,201.0
90.349,633.0,675.0,506.0,202.0
90.356,646.0,677.0,527.0,203.0
90.363,665.0,676.0,545.0,207.0
90.369,680.0,675.0,561.0,212.0
90.375,691.0,672.0,576.0,220.0
90.381,702.0,671.0,592.0,230.0
90.388,713.0,668.0,607.0,240.0
90.395,727.0,664.0,626.0,253.0
90.401,735.0,660.0,641.0,266.0
90.407,745.0,655.0,656.0,284.0
90.414,755.0,649.0,670.0,303.0
90.420,763.0,644.0,683.0,323.0
90.426,769.0,637.0,693.0,343.0
90.432,777.0,630.0,705.0,365.0
90.440,781.0,622.0,713.0,386.0
90.446,785.0,614.0,721.0,409.0
90.452,789.0,605.0,728.0,431.0
90.458,792.0,595.0,733.0,453.0
90.464,794.0,586.0,738.0,476.0
90.471,795.0,576.0,740.0,504.0
90.477,795.0,566.0,743.0,530.0
90.484,798.0,558.0,747.0,558.0
90.490,797.0,546.0,752.0,582.0
90.497,796.0,535.0,755.0,608.0
90.503,794.0,524.0,759.0,631.0
90.509,792.0,514.0,761.0,656.0
90.515,790.0,502.0,761.0,677.0
90.523,787.0,491.0,760.0,696.0
90.529,783.0,480.0,756.0,716.0
90.535,778.0,469.0,751.0,732.0
90.541,772.0,458.0,748.0,745.0
90.548,767.0,447.0,743.0,756.0
90.554,759.0,436.0,737.0,767.0
90.560,752.0,426.0,728.0,777.0
90.567,744.0,415.0,722.0,788.0
90.574,734.0,404.0,713.0,797.0
90.580,723.0,394.0,700.0,805.0
90.586,713.0,385.0,687.0,809.0
90.592,699.0,374.0,665.0,817.0
90.599,688.0,366.0,645.0,822.0
90.605,674.0,357.0,626.0,824.0
90.612,663.0,350.0,609.0,827.0
90.618,645.0,342.0,596.0,827.0
90.625,627.0,335.0,584.0,826.0
90.631,612.0,327.0,576.0,824.0
90.637,594.0,321.0,574.0,821.0
90.643,574.0,315.0,554.0,819.0
90.651,556.0,311.0,533.0,815.0
90.657,544.0,306.0,511.0,813.0
90.663,524.0,302.0,489.0,808.0
90.669,501.0,298.0,459.0,806.0
90.675,484.0,295.0,429.0,802.0
90.682,468.0,293.0,410.0,796.0
90.688,445.0,291.0,394.0,788.0
90.695,430.0,289.0,380.0,779.0
90.701,413.0,289.0,365.0,769.0
90.708,397.0,289.0,350.0,758.0
90.714,380.0,289.0,338.0,742.0
90.720,365.0,290.0,328.0,724.0
90.726,353.0,292.0,317.0,705.0
90.733,335.0,293.0,306.0,686.0
90.740,324.0,296.0,296.0,665.0
90.746,312.0,300.0,285.0,647.0
90.752,302.0,304.0,273.0,636.0
90.759,292.0,308.0,264.0,624.0
90.765,281.0,313.0,257.0,604.0
90.771,274.0,320.0,251.0,584.0
90.778,267.0,326.0,246.0,563.0
90.785,260.0,333.0,242.0,542.0
90.791,253.0,341.0,238.0,521.0
90.797,248.0,349.0,234.0,497.0
90.803,244.0,358.0,231.0,474.0
90.810,239.0,368.0,230.0,448.0
90.816,238.0,379.0,230.0,422.0
90.823,234.0,390.0,228.0,399.0
90.829,232.0,401.0,229.0,380.0
90.836,231.0,413.0,228.0,365.0
90.842,230.0,424.0,229.0,351.0
90.848,230.0,437.0,230.0,337.0
90.854,229.0,450.0,230.0,325.0
90.860,231.0,464.0,234.0,311.0
90.868,233.0,477.0,237.0,298.0
90.874,234.0,492.0,241.0,285.0
90.880,237.0,505.0,248.0,273.0
90.886,241.0,520.0,252.0,263.0
90.893,245.0,534.0,259.0,254.0
90.899,250.0,550.0,267.0,245.0
90.906,258.0,564.0,276.0,237.0
90.912,262.0,577.0,284.0,231.0
90.919,267.0,592.0,295.0,226.0
90.925,275.0,607.0,305.0,223.0
90.931,288.0,620.0,318.0,220.0
90.937,295.0,632.0,329.0,219.0
90.944,303.0,645.0,346.0,217.0
90.951,314.0,657.0,359.0,216.0
90.957,328.0,669.0,377.0,216.0
90.963,338.0,679.0,395.0,216.0
90.970,351.0,687.0,412.0,215.0
90.976,365.0,698.0,424.0,219.0
90.982,378.0,706.0,440.0,223.0
90.988,389.0,714.0,455.0,227.0
90.996,405.0,721.0,475.0,233.0
91.002,425.0,728.0,496.0,240.0
91.008,438.0,733.0,516.0,249.0
91.014,450.0,738.0,537.0,256.0
91.021,470.0,743.0,559.0,263.0
91.027,485.0,745.0,575.0,274.0
91.034,500.0,750.0,591.0,286.0
91.040,509.0,752.0,603.0,299.0
91.046,524.0,753.0,616.0,313.0
91.053,544.0,755.0,629.0,326.0
91.059,557.0,757.0,641.0,341.0
91.065,568.0,756.0,650.0,359.0
91.071,581.0,756.0,663.0,380.0
91.079,597.0,755.0,675.0,400.0
91.085,610.0,754.0,685.0,423.0
91.091,620.0,751.0,694.0,447.0
91.097,635.0,748.0,702.0,472.0
91.104,644.0,744.0,709.0,496.0
91.110,654.0,739.0,714.0,520.0
91.116,664.0,733.0,720.0,543.0
91.123,673.0,726.0,723.0,566.0
91.130,681.0,720.0,727.0,589.0
91.136,686.0,711.0,729.0,611.0
91.142,691.0,701.0,731.0,632.0
91.148,697.0,691.0,732.0,652.0
91.155,704.0,680.0,732.0,672.0
91.162,707.0,668.0,732.0,694.0
91.168,708.0,656.0,730.0,714.0
91.174,712.0,643.0,729.0,732.0
91.181,714.0,629.0,727.0,748.0
91.187,716.0,616.0,725.0,762.0
91.193,716.0,602.0,721.0,776.0
91.199,716.0,588.0,716.0,789.0
91.207,717.0,569.0,709.0,800.0
91.213,715.0,557.0,700.0,812.0
91.219,715.0,540.0,687.0,822.0
91.225,712.0,525.0,674.0,830.0
91.232,712.0,510.0,664.0,834.0
91.238,708.0,494.0,655.0,836.0
91.244,704.0,480.0,646.0,836.0
91.251,701.0,464.0,634.0,839.0
91.257,697.0,448.0,618.0,840.0
91.264,691.0,435.0,600.0,841.0
91.270,686.0,421.0,582.0,840.0
91.276,679.0,408.0,565.0,841.0
91.282,673.0,395.0,549.0,841.0
91.290,665.0,381.0,532.0,840.0
91.296,658.0,369.0,515.0,839.0
91.302,652.0,356.0,495.0,837.0
91.308,642.0,344.0,478.0,834.0
91.315,633.0,333.0,462.0,829.0
91.321,623.0,322.0,444.0,823.0
91.327,617.0,314.0,427.0,814.0
91.334,605.0,305.0,408.0,803.0
91.341,597.0,296.0,391.0,790.0
91.347,585.0,287.0,374.0,774.0
91.353,576.0,280.0,360.0,757.0
91.359,563.0,273.0,344.0,739.0
91.366,551.0,269.0,331.0,720.0
91.372,540.0,262.0,320.0,698.0
91.379,527.0,257.0,309.0,676.0
91.385,515.0,254.0,299.0,652.0
91.392,504.0,250.0,291.0,628.0
91.398,493.0,245.0,284.0,605.0
91.404,479.0,243.0,278.0,581.0
91.410,468.0,240.0,272.0,557.0
91.418,456.0,239.0,267.0,533.0
91.424,443.0,238.0,262.0,509.0
91.430,431.0,236.0,258.0,484.0
91.436,423.0,235.0,257.0,458.0
91.442,410.0,237.0,254.0,432.0
91.449,399.0,237.0,251.0,407.0
91.455,388.0,237.0,251.0,385.0
91.462,380.0,239.0,251.0,363.0
91.468,371.0,242.0,251.0,343.0
91.475,361.0,244.0,252.0,324.0
91.481,351.0,247.0,254.0,302.0
91.487,344.0,251.0,258.0,283.0
91.493,336.0,256.0,262.0,267.0
91.500,331.0,262.0,267.0,252.0
91.507,325.0,268.0,273.0,239.0
91.513,318.0,275.0,282.0,227.0
91.519,312.0,282.0,294.0,216.0
91.526,308.0,290.0,301.0,210.0
91.532,303.0,299.0,311.0,207.0
91.538,302.0,308.0,319.0,205.0
91.544,299.0,319.0,330.0,204.0
91.552,295.0,329.0,345.0,201.0
91.558,293.0,339.0,360.0,199.0
91.564,292.0,352.0,369.0,199.0
91.570,291.0,364.0,386.0,199.0
91.577,291.0,375.0,400.0,198.0
91.583,293.0,385.0,413.0,199.0
91.590,293.0,399.0,433.0,199.0
91.596,294.0,410.0,456.0,200.0
91.603,297.0,423.0,479.0,200.0
91.609,297.0,437.0,502.0,202.0
91.615,303.0,447.0,524.0,203.0
91.621,305.0,462.0,543.0,206.0
91.627,309.0,473.0,560.0,211.0
91.635,313.0,487.0,576.0,220.0
91.641,319.0,498.0,592.0,227.0
91.647,325.0,510.0,604.0,238.0
91.653,331.0,522.0,619.0,249.0
91.660,338.0,535.0,633.0,265.0
91.666,346.0,546.0,646.0,283.0
91.672,356.0,558.0,660.0,301.0
91.679,365.0,567.0,679.0,317.0
91.686,376.0,577.0,691.0,340.0
91.692,387.0,589.0,703.0,362.0
91.698,398.0,599.0,711.0,386.0
91.704,410.0,607.0,721.0,410.0
91.711,423.0,615.0,728.0,433.0
91.718,437.0,625.0,734.0,458.0
91.724,452.0,632.0,739.0,481.0
91.730,464.0,639.0,744.0,505.0
91.737,479.0,645.0,749.0,527.0
91.743,495.0,650.0,751.0,550.0
91.749,512.0,656.0,754.0,576.0
91.755,527.0,661.0,756.0,601.0
91.763,546.0,665.0,758.0,625.0
91.769,564.0,669.0,760.0,645.0
91.775,579.0,672.0,761.0,667.0
91.781,595.0,674.0,760.0,687.0
91.788,615.0,676.0,757.0,705.0
91.794,627.0,676.0,754.0,721.0
91.800,641.0,675.0,752.0,735.0
91.807,661.0,677.0,747.0,749.0
91.814,672.0,675.0,738.0,763.0
91.820,686.0,674.0,730.0,776.0
91.826,698.0,672.0,724.0,786.0
91.832,709.0,670.0,715.0,794.0
91.838,723.0,667.0,706.0,802.0
91.846,732.0,663.0,687.0,810.0
91.852,741.0,657.0,669.0,816.0
91.858,751.0,653.0,650.0,820.0
91.864,760.0,647.0,635.0,823.0
91.871,766.0,640.0,622.0,825.0
91.877,772.0,634.0,609.0,825.0
91.883,779.0,626.0,597.0,826.0
91.890,783.0,617.0,583.0,825.0
91.897,787.0,610.0,578.0,822.0
91.903,791.0,600.0,559.0,820.0
91.909,794.0,592.0,539.0,818.0
91.915,794.0,580.0,521.0,815.0
91.922,796.0,571.0,501.0,810.0
91.928,797.0,561.0,480.0,804.0
91.935,797.0,550.0,455.0,801.0
91.941,796.0,538.0,429.0,796.0
91.948,796.0,527.0,405.0,792.0
91.954,793.0,516.0,390.0,783.0
91.960,791.0,506.0,379.0,770.0
91.966,788.0,493.0,363.0,760.0
91.974,784.0,482.0,355.0,742.0
91.980,778.0,471.0,350.0,717.0
91.986,774.0,459.0,333.0,701.0
91.992,765.0,448.0,318.0,685.0
91.999,759.0,436.0,306.0,666.0
92.005,753.0,426.0,296.0,646.0
92.011,745.0,415.0,284.0,632.0
92.018,735.0,406.0,270.0,623.0
92.024,723.0,394.0,260.0,613.0
92.031,714.0,385.0,255.0,591.0
92.037,701.0,375.0,247.0,571.0
92.043,687.0,367.0,243.0,550.0
92.049,675.0,358.0,239.0,528.0
92.056,664.0,351.0,237.0,508.0
92.063,649.0,343.0,233.0,487.0
92.069,630.0,335.0,230.0,462.0
92.075,615.0,329.0,229.0,439.0
92.082,601.0,323.0,227.0,419.0
92.088,582.0,317.0,227.0,397.0
92.094,566.0,313.0,228.0,377.0
92.101,550.0,308.0,228.0,360.0
92.108,532.0,304.0,228.0,347.0
92.114,514.0,300.0,230.0,332.0
92.120,496.0,297.0,233.0,319.0
92.126,479.0,295.0,236.0,306.0
92.133,462.0,292.0,238.0,295.0
92.139,442.0,292.0,243.0,285.0
92.146,427.0,290.0,249.0,272.0
92.152,413.0,289.0,256.0,261.0
92.159,397.0,289.0,262.0,252.0
92.165,380.0,289.0,269.0,242.0
92.171,366.0,290.0,278.0,236.0
92.177,353.0,292.0,289.0,230.0
92.184,336.0,293.0,300.0,225.0
92.191,324.0,296.0,313.0,222.0
92.197,313.0,299.0,330.0,218.0
92.203,303.0,303.0,344.0,216.0
92.209,293.0,307.0,357.0,215.0
92.216,281.0,312.0,371.0,216.0
92.222,274.0,318.0,386.0,216.0
92.229,268.0,327.0,402.0,217.0
92.235,260.0,332.0,419.0,216.0
92.242,254.0,339.0,435.0,219.0
92.248,248.0,349.0,446.0,224.0
92.254,243.0,358.0,459.0,232.0
92.260,239.0,368.0,478.0,238.0
92.267,237.0,378.0,501.0,246.0
92.274,234.0,391.0,524.0,253.0
92.280,232.0,402.0,550.0,260.0
92.286,231.0,414.0,570.0,269.0
92.293,230.0,426.0,585.0,281.0
92.299,230.0,440.0,599.0,295.0
92.305,230.0,454.0,613.0,309.0
92.311,231.0,467.0,626.0,324.0
92.319,233.0,482.0,639.0,337.0
92.325,236.0,497.0,649.0,354.0
92.331,239.0,513.0,656.0,377.0
92.337,242.0,526.0,668.0,397.0
92.344,246.0,541.0,682.0,418.0
92.350,252.0,556.0,691.0,444.0
92.357,259.0,571.0,700.0,470.0
92.363,264.0,585.0,709.0,495.0
92.370,271.0,600.0,714.0,522.0
92.376,282.0,615.0,720.0,546.0
92.382,293.0,627.0,724.0,571.0
92.388,297.0,639.0,728.0,594.0
92.395,307.0,652.0,730.0,616.0
92.402,321.0,664.0,732.0,638.0
92.408,335.0,674.0,733.0,658.0
92.414,345.0,684.0,733.0,678.0
92.420,355.0,695.0,733.0,696.0
92.427,375.0,705.0,731.0,715.0
92.433,389.0,712.0,729.0,734.0
92.439,400.0,720.0,726.0,752.0
92.446,421.0,726.0,722.0,766.0
92.453,435.0,732.0,720.0,777.0
92.459,447.0,737.0,716.0,788.0
92.465,463.0,742.0,710.0,798.0
92.471,482.0,746.0,703.0,808.0
92.478,497.0,749.0,692.0,818.0
92.485,506.0,751.0,680.0,827.0
92.491,519.0,753.0,666.0,832.0
92.497,538.0,755.0,655.0,836.0
92.504,554.0,756.0,646.0,837.0
92.510,565.0,756.0,638.0,838.0
92.516,581.0,757.0,624.0,839.0
92.522,592.0,755.0,603.0,841.0
92.530,603.0,755.0,580.0,841.0
92.536,616.0,752.0,562.0,842.0
92.542,629.0,749.0,547.0,840.0
92.548,640.0,746.0,532.0,839.0
92.555,649.0,742.0,513.0,838.0
92.561,657.0,736.0,491.0,836.0
92.567,667.0,730.0,474.0,834.0
92.574,678.0,723.0,458.0,828.0
92.581,684.0,715.0,442.0,821.0
92.587,688.0,706.0,425.0,813.0
92.593,695.0,695.0,408.0,802.0
92.599,703.0,687.0,393.0,791.0
92.606,706.0,674.0,379.0,778.0
92.613,709.0,662.0,364.0,762.0
92.619,712.0,648.0,350.0,747.0
92.625,713.0,636.0,337.0,729.0
92.631,715.0,621.0,326.0,710.0
92.638,717.0,606.0,314.0,689.0
92.644,718.0,591.0,304.0,666.0
92.650,717.0,575.0,295.0,642.0
92.657,716.0,560.0,287.0,616.0
92.664,716.0,543.0,280.0,587.0
92.670,714.0,529.0,271.0,558.0
92.676,711.0,513.0,266.0,528.0
92.682,709.0,498.0,261.0,500.0
92.689,705.0,482.0,257.0,470.0
92.695,702.0,466.0,255.0,442.0
92.702,697.0,451.0,252.0,416.0
92.708,690.0,438.0,251.0,392.0
92.715,685.0,422.0,251.0,369.0
92.721,679.0,409.0,252.0,347.0
92.727,673.0,395.0,252.0,328.0
92.733,665.0,383.0,254.0,310.0
92.741,657.0,370.0,256.0,293.0
92.747,650.0,356.0,260.0,276.0
92.753,641.0,347.0,263.0,262.0
92.759,632.0,333.0,270.0,248.0
92.766,622.0,323.0,275.0,236.0
92.772,613.0,313.0,283.0,225.0
92.778,604.0,304.0,291.0,217.0
92.785,594.0,294.0,301.0,210.0
92.792,580.0,286.0,312.0,206.0
92.798,571.0,279.0,323.0,204.0
92.804,561.0,272.0,335.0,202.0
92.810,549.0,266.0,348.0,201.0
92.817,537.0,261.0,356.0,200.0
92.823,523.0,258.0,372.0,199.0
92.830,514.0,252.0,391.0,198.0
92.836,502.0,249.0,408.0,198.0
92.842,492.0,245.0,424.0,199.0
92.849,481.0,243.0,444.0,200.0
92.855,469.0,240.0,465.0,201.0
92.861,455.0,238.0,491.0,201.0
92.867,446.0,237.0,513.0,202.0
92.875,436.0,236.0,532.0,204.0
92.881,428.0,236.0,549.0,208.0
92.887,416.0,237.0,565.0,215.0
92.893,407.0,236.0,579.0,223.0
92.900,394.0,237.0,595.0,231.0
92.906,386.0,238.0,611.0,241.0
92.913,377.0,241.0,624.0,253.0
92.919,368.0,242.0,636.0,270.0
92.926,359.0,245.0,647.0,291.0
92.932,350.0,248.0,665.0,308.0
92.938,343.0,252.0,682.0,323.0
92.944,335.0,256.0,693.0,346.0
92.951,329.0,262.0,704.0,368.0
92.958,322.0,267.0,714.0,391.0
92.964,319.0,274.0,722.0,414.0
92.970,313.0,283.0,729.0,438.0
92.977,307.0,289.0,735.0,461.0
92.983,303.0,298.0,740.0,484.0
92.989,302.0,308.0,744.0,506.0
92.995,298.0,319.0,747.0,531.0
93.003,294.0,330.0,750.0,557.0
93.009,293.0,341.0,751.0,583.0
93.015,291.0,354.0,756.0,605.0
93.021,291.0,364.0,758.0,629.0
93.028,290.0,378.0,761.0,651.0
93.034,291.0,390.0,761.0,672.0
93.041,293.0,402.0,760.0,692.0
93.047,294.0,416.0,757.0,710.0
93.053,297.0,427.0,751.0,727.0
93.060,298.0,441.0,746.0,741.0
93.066,302.0,455.0,745.0,753.0
93.072,306.0,467.0,737.0,766.0
93.078,311.0,480.0,726.0,778.0
93.086,316.0,490.0,715.0,790.0
93.092,321.0,505.0,709.0,796.0
93.098,328.0,517.0,700.0,804.0
93.104,335.0,530.0,686.0,811.0
93.111,345.0,539.0,672.0,816.0
93.117,355.0,551.0,648.0,820.0
93.123,365.0,563.0,626.0,824.0
93.130,374.0,574.0,612.0,826.0
93.137,387.0,584.0,600.0,827.0
93.143,397.0,595.0,589.0,825.0
93.149,410.0,605.0,580.0,825.0
93.155,421.0,615.0,576.0,821.0
93.162,437.0,625.0,557.0,819.0
93.169,450.0,632.0,536.0,817.0
93.175,464.0,637.0,513.0,813.0
93.181,478.0,644.0,492.0,809.0
93.188,493.0,651.0,467.0,805.0
93.194,513.0,656.0,439.0,802.0
93.200,526.0,661.0,414.0,798.0
93.206,542.0,665.0,399.0,790.0
93.214,559.0,669.0,385.0,781.0
93.220,577.0,672.0,370.0,770.0
93.226,591.0,673.0,356.0,756.0
93.232,611.0,675.0,349.0,737.0
93.239,626.0,676.0,344.0,712.0
93.245,638.0,676.0,330.0,697.0
93.251,654.0,677.0,316.0,680.0
93.258,671.0,676.0,307.0,657.0
93.264,686.0,675.0,300.0,634.0
93.271,694.0,672.0,286.0,618.0
93.277,707.0,670.0,272.0,607.0
93.283,719.0,667.0,260.0,601.0
93.289,728.0,664.0,252.0,585.0
93.297,738.0,659.0,246.0,565.0
93.303,747.0,654.0,242.0,546.0
93.309,755.0,650.0,238.0,526.0
93.315,763.0,644.0,235.0,504.0
93.322,767.0,636.0,232.0,480.0
93.328,776.0,631.0,232.0,452.0
93.334,781.0,624.0,230.0,429.0
93.341,784.0,616.0,229.0,413.0
93.348,789.0,608.0,228.0,393.0
93.354,792.0,598.0,230.0,375.0
93.360,793.0,590.0,230.0,359.0
93.366,796.0,580.0,229.0,346.0
93.373,796.0,570.0,230.0,333.0
93.379,797.0,561.0,233.0,318.0
93.386,797.0,550.0,236.0,303.0
93.392,797.0,539.0,239.0,292.0
93.399,795.0,529.0,244.0,280.0
93.405,792.0,519.0,250.0,269.0
93.411,791.0,507.0,254.0,260.0
93.417,788.0,495.0,260.0,252.0
93.425,784.0,485.0,269.0,244.0
93.431,780.0,475.0,277.0,238.0
93.437,775.0,462.0,287.0,231.0
93.443,770.0,452.0,299.0,226.0
93.450,763.0,440.0,308.0,223.0
93.456,755.0,429.0,325.0,219.0
93.462,747.0,419.0,336.0,218.0
93.469,738.0,408.0,354.0,216.0
93.475,728.0,397.0,369.0,215.0
93.482,718.0,388.0,385.0,215.0
93.488,704.0,378.0,400.0,215.0
93.494,691.0,368.0,417.0,217.0
93.500,678.0,360.0,429.0,218.0
93.507,665.0,352.0,439.0,224.0
93.514,651.0,344.0,453.0,230.0
93.520,633.0,337.0,477.0,235.0
93.526,617.0,330.0,501.0,241.0
93.533,600.0,323.0,527.0,248.0
93.539,580.0,317.0,548.0,257.0
93.545,563.0,313.0,567.0,268.0
93.552,547.0,307.0,581.0,280.0
93.559,530.0,304.0,596.0,293.0
93.565,509.0,300.0,610.0,306.0
93.571,489.0,296.0,623.0,319.0
93.577,473.0,294.0,636.0,333.0
93.584,455.0,292.0,646.0,349.0
93.590,435.0,290.0,654.0,369.0
93.597,418.0,289.0,664.0,389.0
93.603,405.0,289.0,676.0,409.0
93.610,387.0,289.0,687.0,433.0
93.616,373.0,290.0,696.0,458.0
93.622,360.0,291.0,706.0,483.0
93.628,348.0,293.0,712.0,508.0
93.635,331.0,296.0,717.0,534.0
93.642,320.0,297.0,721.0,558.0
93.648,309.0,300.0,725.0,581.0
93.654,299.0,304.0,727.0,604.0
93.660,290.0,310.0,730.0,623.0
93.667,280.0,314.0,731.0,643.0
93.673,273.0,320.0,731.0,664.0
93.680,266.0,326.0,731.0,688.0
93.686,259.0,332.0,730.0,709.0
93.693,253.0,340.0,730.0,727.0
93.699,250.0,349.0,728.0,743.0
93.705,245.0,358.0,725.0,759.0
93.711,239.0,367.0,721.0,774.0
93.718,236.0,376.0,717.0,786.0
93.725,234.0,389.0,708.0,800.0
93.731,232.0,399.0,699.0,812.0
93.737,230.0,411.0,687.0,822.0
93.744,230.0,422.0,675.0,830.0
93.750,229.0,436.0,666.0,833.0
93.756,230.0,449.0,656.0,836.0
93.762,231.0,462.0,646.0,838.0
93.770,233.0,476.0,633.0,839.0
93.776,235.0,492.0,620.0,840.0
93.782,238.0,508.0,602.0,841.0
93.788,243.0,523.0,587.0,841.0
93.795,246.0,538.0,572.0,841.0
93.801,252.0,553.0,558.0,840.0
93.808,259.0,568.0,541.0,839.0
93.814,264.0,584.0,523.0,839.0
93.821,272.0,600.0,503.0,838.0
93.827,283.0,613.0,486.0,835.0
93.833,293.0,626.0,469.0,830.0
93.839,297.0,640.0,452.0,825.0
93.846,308.0,653.0,433.0,817.0
93.853,324.0,665.0,415.0,807.0
93.859,337.0,676.0,398.0,794.0
93.865,346.0,687.0,381.0,781.0
93.871,360.0,697.0,366.0,764.0
93.878,373.0,705.0,352.0,748.0
93.884,388.0,713.0,339.0,730.0
93.890,403.0,721.0,326.0,710.0
93.897,422.0,726.0,315.0,688.0
93.904,433.0,733.0,305.0,667.0
93.910,449.0,738.0,296.0,644.0
93.916,463.0,742.0,288.0,619.0
93.922,482.0,745.0,281.0,595.0
93.929,499.0,749.0,274.0,569.0
93.936,507.0,752.0,268.0,539.0
93.942,525.0,754.0,263.0,510.0
93.948,542.0,755.0,258.0,482.0
93.955,559.0,755.0,256.0,452.0
93.961,569.0,756.0,253.0,426.0
93.967,583.0,756.0,251.0,400.0
93.973,596.0,755.0,251.0,376.0
93.981,609.0,754.0,251.0,352.0
93.987,618.0,749.0,251.0,332.0
93.993,631.0,749.0,253.0,315.0
93.999,641.0,745.0,254.0,298.0
94.006,652.0,741.0,258.0,284.0
94.012,660.0,734.0,261.0,268.0
94.018,670.0,729.0,268.0,253.0
94.025,677.0,723.0,273.0,240.0
94.032,683.0,714.0,283.0,227.0
94.038,689.0,706.0,289.0,219.0
94.044,695.0,696.0,297.0,213.0
94.050,701.0,686.0,307.0,208.0
94.057,705.0,676.0,320.0,205.0
94.064,708.0,662.0,335.0,201.0
94.070,712.0,650.0,347.0,200.0
94.076,713.0,638.0,358.0,200.0
94.082,716.0,625.0,369.0,200.0
94.089,716.0,612.0,385.0,199.0
94.095,718.0,596.0,404.0,198.0
94.101,718.0,581.0,423.0,197.0
94.108,716.0,567.0,442.0,199.0
94.115,715.0,551.0,463.0,200.0
94.121,714.0,536.0,485.0,201.0
94.127,713.0,520.0,506.0,201.0
94.133,710.0,506.0,528.0,204.0
94.140,707.0,491.0,546.0,207.0
94.146,704.0,474.0,563.0,212.0
94.153,696.0,459.0,579.0,220.0
94.160,694.0,444.0,595.0,229.0
94.166,687.0,428.0,607.0,241.0
94.172,682.0,416.0,625.0,251.0
94.178,677.0,401.0,639.0,267.0
94.185,670.0,387.0,654.0,282.0
94.192,662.0,374.0,668.0,301.0
94.198,652.0,360.0,681.0,320.0
94.205,647.0,349.0,692.0,340.0
94.211,636.0,335.0,703.0,361.0
94.217,626.0,325.0,712.0,384.0
94.223,619.0,315.0,720.0,406.0
94.230,609.0,307.0,727.0,430.0
94.237,598.0,297.0,733.0,454.0
94.243,587.0,287.0,738.0,480.0
94.249,574.0,281.0,742.0,507.0
94.256,564.0,275.0,748.0,535.0
94.262,551.0,269.0,752.0,560.0
94.268,540.0,263.0,755.0,587.0
94.275,524.0,258.0,757.0,610.0
94.282,513.0,253.0,759.0,633.0
94.288,501.0,249.0,760.0,654.0
94.295,493.0,246.0,761.0,673.0
94.301,479.0,244.0,760.0,692.0
94.307,469.0,241.0,758.0,709.0
94.313,455.0,239.0,754.0,724.0
94.321,443.0,237.0,750.0,738.0
94.327,431.0,236.0,744.0,752.0
94.333,423.0,236.0,734.0,767.0
94.340,412.0,236.0,730.0,777.0
94.346,401.0,237.0,722.0,788.0
94.352,388.0,237.0,713.0,796.0
94.358,381.0,239.0,703.0,803.0
94.366,373.0,241.0,681.0,812.0
94.372,364.0,243.0,659.0,818.0
94.378,356.0,247.0,641.0,822.0
94.385,346.0,250.0,627.0,825.0
94.391,339.0,254.0,614.0,826.0
94.397,332.0,259.0,601.0,827.0
94.403,327.0,264.0,585.0,827.0
94.411,320.0,270.0,571.0,826.0
94.417,317.0,278.0,561.0,824.0
94.423,310.0,285.0,548.0,822.0
94.429,307.0,293.0,530.0,819.0
94.436,303.0,301.0,513.0,815.0
94.442,301.0,310.0,493.0,812.0
94.449,298.0,319.0,465.0,810.0
94.456,295.0,330.0,441.0,806.0
94.462,293.0,341.0,422.0,798.0
94.468,293.0,351.0,405.0,793.0
94.474,294.0,361.0,389.0,785.0
94.481,291.0,374.0,375.0,774.0
94.487,291.0,386.0,358.0,764.0
94.494,293.0,399.0,349.0,748.0
94.501,293.0,412.0,342.0,726.0
94.507,295.0,424.0,332.0,703.0
94.513,296.0,438.0,318.0,683.0
94.520,301.0,449.0,305.0,663.0
94.526,304.0,464.0,292.0,644.0
94.533,307.0,476.0,281.0,626.0
94.539,314.0,487.0,269.0,613.0
94.546,318.0,499.0,257.0,607.0
94.552,325.0,512.0,253.0,588.0
94.558,332.0,524.0,247.0,569.0
94.565,338.0,538.0,243.0,548.0
94.571,349.0,547.0,241.0,522.0
94.578,357.0,560.0,237.0,501.0
94.584,368.0,571.0,234.0,479.0
94.591,380.0,581.0,232.0,450.0
94.597,391.0,593.0,231.0,424.0
94.603,403.0,602.0,229.0,407.0
94.610,416.0,612.0,230.0,387.0
94.616,433.0,621.0,230.0,365.0
94.623,448.0,630.0,230.0,353.0
94.629,462.0,637.0,230.0,339.0
94.636,476.0,644.0,231.0,326.0
94.642,492.0,650.0,233.0,315.0
94.648,509.0,656.0,235.0,301.0
94.655,526.0,660.0,242.0,289.0
94.662,542.0,665.0,244.0,277.0
94.668,560.0,668.0,250.0,268.0
94.674,576.0,672.0,255.0,259.0
94.681,592.0,673.0,263.0,250.0
94.687,611.0,675.0,271.0,241.0
94.693,625.0,676.0,279.0,235.0
94.699,640.0,676.0,289.0,230.0
94.707,654.0,676.0,300.0,225.0
94.713,671.0,675.0,310.0,222.0
94.719,685.0,674.0,326.0,219.0
94.726,695.0,673.0,339.0,218.0
94.732,707.0,670.0,353.0,216.0
94.738,719.0,667.0,368.0,216.0
94.744,730.0,664.0,385.0,215.0
94.752,737.0,659.0,400.0,216.0
94.758,748.0,654.0,418.0,216.0
94.764,755.0,649.0,432.0,219.0
94.771,764.0,644.0,446.0,225.0
94.777,768.0,636.0,467.0,228.0
94.783,776.0,629.0,489.0,233.0
94.791,780.0,623.0,507.0,241.0
94.797,784.0,614.0,529.0,248.0
94.803,789.0,607.0,546.0,259.0
94.809,792.0,598.0,564.0,268.0
94.816,794.0,590.0,581.0,279.0
94.822,796.0,580.0,596.0,291.0
94.828,797.0,570.0,607.0,305.0
94.836,797.0,561.0,621.0,317.0
94.842,796.0,549.0,633.0,330.0
94.848,796.0,539.0,643.0,347.0
94.854,795.0,528.0,655.0,367.0
94.861,793.0,517.0,669.0,387.0
94.867,791.0,506.0,680.0,411.0
94.874,788.0,495.0,690.0,436.0
94.881,783.0,484.0,699.0,461.0
94.887,779.0,473.0,706.0,485.0
94.893,774.0,461.0,712.0,509.0
94.899,767.0,449.0,718.0,534.0
94.906,761.0,439.0,721.0,557.0
94.912,755.0,429.0,726.0,579.0
94.919,748.0,418.0,729.0,601.0
94.926,737.0,407.0,729.0,623.0
94.932,725.0,396.0,731.0,647.0
94.938,715.0,386.0,732.0,670.0
94.944,703.0,377.0,732.0,691.0
94.951,689.0,367.0,732.0,711.0
94.957,676.0,359.0,731.0,731.0
94.964,662.0,350.0,728.0,746.0
94.971,645.0,342.0,724.0,764.0
94.977,627.0,334.0,719.0,778.0
94.983,614.0,328.0,714.0,790.0
94.989,595.0,322.0,707.0,803.0
94.996,575.0,316.0,698.0,813.0
95.003,557.0,310.0,685.0,823.0
95.009,540.0,306.0,673.0,828.0
95.015,520.0,302.0,662.0,834.0
95.022,500.0,298.0,653.0,837.0
95.028,482.0,295.0,642.0,838.0
95.034,464.0,293.0,629.0,837.0
95.041,444.0,291.0,613.0,840.0
95.048,426.0,290.0,597.0,839.0
95.054,410.0,289.0,581.0,841.0
95.060,393.0,289.0,565.0,841.0
95.067,375.0,289.0,548.0,839.0
95.073,361.0,291.0,528.0,840.0
95.079,349.0,292.0,509.0,839.0
95.086,332.0,295.0,491.0,836.0
95.093,321.0,298.0,474.0,832.0
95.099,308.0,300.0,456.0,827.0
95.105,300.0,304.0,439.0,819.0
95.112,289.0,309.0,421.0,811.0
95.118,279.0,314.0,404.0,800.0
95.124,272.0,321.0,387.0,785.0
95.132,265.0,328.0,372.0,771.0
95.138,257.0,335.0,357.0,754.0
95.144,251.0,342.0,344.0,738.0
95.150,247.0,352.0,331.0,718.0
95.157,242.0,361.0,319.0,699.0
95.163,238.0,371.0,309.0,676.0
95.169,236.0,382.0,300.0,654.0
95.177,233.0,393.0,291.0,629.0
95.183,230.0,405.0,284.0,606.0
95.189,230.0,415.0,277.0,580.0
95.195,231.0,428.0,271.0,553.0
95.202,231.0,441.0,265.0,525.0
95.208,231.0,455.0,262.0,495.0
95.214,231.0,467.0,257.0,466.0
95.222,233.0,482.0,255.0,438.0
95.228,235.0,495.0,252.0,412.0
95.234,238.0,511.0,250.0,388.0
95.240,242.0,524.0,251.0,365.0
95.247,247.0,540.0,252.0,343.0
95.253,252.0,554.0,253.0,322.0
95.260,259.0,568.0,256.0,304.0
95.267,263.0,583.0,257.0,286.0
95.273,271.0,597.0,261.0,269.0
95.279,280.0,613.0,266.0,255.0
95.285,293.0,625.0,273.0,241.0
95.292,298.0,639.0,280.0,229.0
95.298,308.0,652.0,289.0,219.0
95.305,323.0,664.0,296.0,213.0
95.312,337.0,675.0,306.0,208.0
95.318,347.0,685.0,317.0,204.0
95.324,363.0,695.0,327.0,202.0
95.330,376.0,705.0,341.0,201.0
95.337,388.0,713.0,354.0,200.0
95.344,403.0,720.0,372.0,199.0
95.350,425.0,727.0,389.0,197.0
95.357,438.0,733.0,408.0,198.0
95.363,451.0,738.0,425.0,199.0
95.369,470.0,743.0,439.0,199.0
95.375,485.0,746.0,465.0,200.0
95.382,501.0,749.0,489.0,200.0
95.389,511.0,752.0,511.0,201.0
95.395,529.0,754.0,530.0,204.0
95.402,546.0,756.0,548.0,207.0
95.408,559.0,755.0,562.0,213.0
95.414,571.0,756.0,576.0,222.0
95.420,586.0,755.0,593.0,230.0
95.427,599.0,755.0,611.0,240.0
95.434,610.0,752.0,628.0,253.0
95.440,623.0,750.0,643.0,269.0
95.447,635.0,747.0,658.0,288.0
95.453,643.0,743.0,671.0,305.0
95.459,654.0,739.0,684.0,325.0
95.465,662.0,733.0,695.0,345.0
95.473,673.0,726.0,704.0,365.0
95.479,680.0,719.0,713.0,387.0
95.485,685.0,711.0,721.0,409.0
95.492,691.0,702.0,727.0,431.0
95.498,697.0,691.0,733.0,453.0
95.504,704.0,682.0,737.0,479.0
95.510,707.0,670.0,740.0,509.0
95.518,710.0,657.0,744.0,536.0
95.524,713.0,643.0,752.0,562.0
95.530,715.0,632.0,755.0,588.0
95.537,716.0,618.0,759.0,614.0
95.543,717.0,604.0,759.0,638.0
95.549,717.0,590.0,758.0,663.0
95.555,718.0,574.0,758.0,683.0
95.563,717.0,559.0,758.0,700.0
95.569,715.0,543.0,756.0,716.0
95.575,714.0,531.0,754.0,732.0
95.582,712.0,515.0,750.0,744.0
95.588,709.0,501.0,744.0,757.0
95.594,706.0,484.0,735.0,769.0
95.602,702.0,470.0,728.0,779.0
95.608,699.0,456.0,722.0,789.0
95.614,693.0,441.0,712.0,798.0
95.620,688.0,427.0,698.0,806.0
95.627,682.0,413.0,683.0,812.0
95.633,676.0,400.0,662.0,818.0
95.639,670.0,386.0,645.0,822.0
95.647,662.0,373.0,626.0,824.0
95.653,655.0,359.0,607.0,826.0
95.659,645.0,352.0,594.0,826.0
95.665,636.0,338.0,581.0,826.0
95.672,625.0,326.0,579.0,823.0
95.678,618.0,316.0,572.0,821.0
95.685,607.0,306.0,552.0,819.0
95.692,596.0,297.0,531.0,816.0
95.698,586.0,287.0,510.0,813.0
95.704,574.0,281.0,487.0,808.0
95.710,563.0,274.0,457.0,805.0
95.717,551.0,269.0,426.0,803.0
95.723,539.0,262.0,410.0,796.0
95.730,526.0,257.0,395.0,788.0
95.737,514.0,253.0,380.0,779.0
95.743,502.0,249.0,366.0,767.0
95.749,490.0,245.0,350.0,758.0
95.755,478.0,243.0,339.0,742.0
95.762,467.0,240.0,332.0,723.0
95.768,453.0,239.0,319.0,703.0
95.775,442.0,237.0,305.0,687.0
95.782,430.0,236.0,295.0,665.0
95.788,421.0,236.0,284.0,646.0
95.794,413.0,237.0,272.0,633.0
95.800,402.0,237.0,262.0,621.0
95.807,389.0,237.0,256.0,600.0
95.814,380.0,239.0,250.0,581.0
95.820,373.0,243.0,246.0,562.0
95.827,363.0,244.0,242.0,543.0
95.833,354.0,247.0,240.0,519.0
95.839,344.0,250.0,236.0,500.0
95.845,337.0,255.0,234.0,476.0
95.852,331.0,260.0,233.0,451.0
95.859,326.0,266.0,229.0,429.0
95.865,320.0,273.0,228.0,404.0
95.871,315.0,280.0,228.0,381.0
95.878,309.0,288.0,229.0,366.0
95.884,305.0,295.0,229.0,350.0
95.890,302.0,303.0,229.0,340.0
95.898,299.0,312.0,230.0,328.0
95.904,297.0,322.0,233.0,314.0
95.910,294.0,332.0,237.0,299.0
95.916,293.0,344.0,241.0,288.0
95.923,291.0,356.0,246.0,276.0
95.929,292.0,367.0,252.0,266.0
95.935,290.0,379.0,258.0,255.0
95.943,292.0,390.0,266.0,246.0
95.949,293.0,402.0,272.0,239.0
95.955,294.0,415.0,283.0,233.0
95.961,295.0,427.0,292.0,227.0
95.968,298.0,439.0,303.0,224.0
95.974,303.0,449.0,314.0,221.0
95.980,305.0,464.0,327.0,219.0
95.988,310.0,475.0,339.0,217.0
95.994,314.0,487.0,355.0,217.0
96.000,319.0,499.0,370.0,216.0
96.006,324.0,512.0,388.0,214.0
96.013,331.0,523.0,407.0,213.0
96.019,338.0,535.0,419.0,216.0
96.026,347.0,546.0,428.0,222.0
96.033,355.0,559.0,442.0,229.0
96.039,367.0,567.0,467.0,234.0
96.045,376.0,578.0,487.0,240.0
96.051,388.0,589.0,512.0,247.0
96.058,398.0,598.0,534.0,253.0
96.064,409.0,609.0,555.0,261.0
96.071,427.0,617.0,571.0,271.0
96.078,440.0,625.0,584.0,283.0
96.084,453.0,633.0,598.0,295.0
96.090,468.0,639.0,613.0,307.0
96.096,485.0,646.0,625.0,321.0
96.103,501.0,652.0,637.0,338.0
96.109,518.0,657.0,651.0,355.0
96.116,532.0,662.0,662.0,376.0
96.123,552.0,667.0,674.0,398.0
96.129,568.0,670.0,684.0,421.0
96.135,585.0,672.0,693.0,444.0
96.141,602.0,674.0,701.0,468.0
96.148,621.0,676.0,708.0,492.0
96.155,635.0,676.0,713.0,516.0
96.161,649.0,676.0,719.0,539.0
96.168,667.0,676.0,723.0,563.0
96.174,683.0,675.0,726.0,585.0
96.180,692.0,672.0,729.0,606.0
96.186,704.0,670.0,731.0,629.0
96.193,720.0,668.0,732.0,651.0
96.200,730.0,664.0,732.0,673.0
96.206,738.0,658.0,732.0,695.0
96.213,747.0,654.0,731.0,714.0
96.219,757.0,648.0,729.0,733.0
96.225,765.0,642.0,728.0,748.0
96.231,769.0,635.0,725.0,764.0
96.238,776.0,628.0,719.0,778.0
96.245,781.0,621.0,715.0,791.0
96.251,785.0,612.0,706.0,803.0
96.258,789.0,604.0,695.0,814.0
96.264,792.0,594.0,684.0,824.0
96.270,794.0,585.0,673.0,831.0
96.277,796.0,575.0,665.0,834.0
96.284,797.0,566.0,655.0,836.0
96.290,797.0,556.0,643.0,837.0
96.296,797.0,545.0,632.0,839.0
96.303,795.0,532.0,614.0,840.0
96.309,793.0,521.0,595.0,841.0
96.315,792.0,511.0,576.0,842.0
96.322,790.0,500.0,559.0,841.0
96.329,786.0,489.0,542.0,840.0
96.335,780.0,478.0,525.0,839.0
96.341,777.0,467.0,506.0,838.0
96.348,771.0,456.0,488.0,835.0
96.354,765.0,445.0,470.0,832.0
96.360,756.0,433.0,453.0,827.0
96.368,750.0,423.0,438.0,818.0
96.374,741.0,412.0,419.0,809.0
96.380,731.0,402.0,401.0,798.0
96.386,722.0,392.0,384.0,784.0
96.393,710.0,383.0,368.0,768.0
96.399,696.0,372.0,353.0,751.0
96.405,683.0,363.0,339.0,732.0
96.413,671.0,356.0,326.0,711.0
96.419,658.0,349.0,315.0,690.0
96.425,639.0,339.0,304.0,666.0
96.431,622.0,333.0,296.0,642.0
96.438,607.0,326.0,287.0,617.0
96.444,587.0,319.0,280.0,592.0
96.450,569.0,314.0,274.0,565.0
96.458,551.0,308.0,268.0,540.0
96.464,536.0,306.0,263.0,513.0
96.470,517.0,301.0,259.0,487.0
96.476,495.0,297.0,256.0,460.0
96.483,478.0,295.0,255.0,434.0
96.489,460.0,293.0,251.0,409.0
96.496,441.0,291.0,250.0,385.0
96.503,422.0,289.0,251.0,362.0
96.509,406.0,289.0,251.0,341.0
96.515,385.0,289.0,252.0,322.0
96.521,372.0,290.0,254.0,302.0
96.528,358.0,291.0,258.0,282.0
96.534,343.0,293.0,261.0,266.0
96.541,327.0,296.0,267.0,250.0
96.548,314.0,298.0,274.0,238.0
96.554,306.0,302.0,284.0,225.0
96.560,297.0,307.0,293.0,216.0
96.566,284.0,311.0,302.0,209.0
96.573,275.0,317.0,310.0,206.0
96.579,268.0,324.0,322.0,204.0
96.586,261.0,331.0,333.0,202.0
96.592,255.0,341.0,343.0,202.0
96.599,248.0,347.0,356.0,200.0
96.605,244.0,356.0,374.0,199.0
96.611,240.0,366.0,391.0,199.0
96.618,237.0,376.0,405.0,197.0
96.625,234.0,388.0,420.0,199.0
96.631,232.0,400.0,443.0,200.0
96.637,230.0,411.0,466.0,201.0
96.644,229.0,423.0,493.0,201.0
96.650,230.0,438.0,516.0,203.0
96.656,230.0,450.0,534.0,205.0
96.663,231.0,463.0,553.0,208.0
96.670,233.0,478.0,569.0,217.0
96.676,234.0,492.0,585.0,225.0
96.682,237.0,506.0,601.0,234.0
96.689,242.0,522.0,614.0,247.0
96.695,245.0,536.0,627.0,259.0
96.701,250.0,551.0,640.0,277.0
96.709,256.0,566.0,657.0,294.0
96.715,263.0,579.0,674.0,310.0
96.721,268.0,594.0,687.0,331.0
96.727,278.0,608.0,698.0,352.0
96.734,289.0,621.0,707.0,376.0
96.740,296.0,633.0,717.0,399.0
96.746,304.0,647.0,725.0,424.0
96.754,316.0,659.0,731.0,446.0
96.760,330.0,670.0,736.0,470.0
96.766,340.0,681.0,743.0,493.0
96.772,354.0,690.0,746.0,518.0
96.779,369.0,700.0,749.0,543.0
96.785,382.0,708.0,753.0,568.0
96.791,393.0,716.0,755.0,593.0
96.798,411.0,723.0,759.0,618.0
96.805,428.0,729.0,759.0,641.0
96.811,441.0,734.0,761.0,664.0
96.817,454.0,739.0,760.0,684.0
96.824,472.0,743.0,757.0,701.0
96.830,489.0,747.0,756.0,717.0
96.837,501.0,750.0,754.0,732.0
96.843,514.0,753.0,749.0,745.0
96.850,532.0,754.0,742.0,760.0
96.856,551.0,756.0,730.0,774.0
96.862,562.0,756.0,722.0,784.0
96.869,576.0,757.0,718.0,792.0
96.875,592.0,756.0,710.0,800.0
96.882,602.0,754.0,695.0,807.0
96.888,614.0,753.0,676.0,814.0
96.895,624.0,751.0,655.0,819.0
96.901,636.0,745.0,634.0,823.0
96.907,646.0,742.0,621.0,825.0
96.914,655.0,737.0,611.0,826.0
96.920,667.0,731.0,596.0,827.0
96.927,674.0,723.0,584.0,826.0
96.933,681.0,717.0,576.0,823.0
96.940,687.0,708.0,566.0,821.0
96.946,694.0,697.0,545.0,819.0
96.952,700.0,687.0,526.0,815.0
96.959,704.0,675.0,506.0,811.0
96.966,708.0,664.0,486.0,806.0
96.972,710.0,651.0,461.0,801.0
96.978,711.0,639.0,430.0,798.0
96.985,715.0,624.0,408.0,793.0
96.991,716.0,612.0,392.0,785.0
96.997,717.0,596.0,376.0,776.0
97.004,716.0,582.0,365.0,764.0
97.011,716.0,567.0,355.0,749.0
97.017,714.0,552.0,351.0,726.0
97.023,713.0,536.0,340.0,707.0
97.030,713.0,520.0,323.0,691.0
97.036,710.0,506.0,309.0,671.0
97.042,708.0,490.0,299.0,650.0
97.050,704.0,476.0,287.0,633.0
97.056,700.0,461.0,274.0,623.0
97.062,696.0,446.0,262.0,618.0
97.068,689.0,434.0,256.0,600.0
97.075,685.0,418.0,250.0,579.0
97.081,678.0,406.0,244.0,559.0
97.087,672.0,393.0,240.0,538.0
97.095,666.0,379.0,238.0,513.0
97.101,658.0,368.0,235.0,494.0
97.107,652.0,354.0,231.0,471.0
97.113,642.0,344.0,230.0,447.0
97.120,635.0,332.0,228.0,425.0
97.126,624.0,322.0,228.0,404.0
97.132,617.0,313.0,228.0,384.0
97.140,608.0,306.0,229.0,367.0
97.146,599.0,296.0,228.0,351.0
97.152,587.0,289.0,229.0,336.0
97.158,578.0,282.0,232.0,322.0
97.165,566.0,276.0,234.0,308.0
97.171,555.0,272.0,238.0,296.0
97.178,542.0,264.0,244.0,282.0
97.184,529.0,258.0,247.0,271.0
97.191,518.0,254.0,253.0,262.0
97.197,506.0,250.0,258.0,254.0
97.203,496.0,246.0,265.0,246.0
97.210,483.0,243.0,276.0,239.0
97.216,472.0,241.0,287.0,231.0
97.223,458.0,238.0,298.0,225.0
97.229,448.0,238.0,310.0,221.0
97.236,436.0,236.0,322.0,219.0
97.242,426.0,236.0,328.0,220.0
97.248,417.0,236.0,339.0,219.0
97.255,406.0,236.0,353.0,218.0
97.261,393.0,237.0,372.0,216.0
97.268,383.0,238.0,393.0,215.0
97.274,375.0,240.0,412.0,215.0
97.281,366.0,243.0,427.0,218.0
97.287,356.0,246.0,442.0,222.0
97.293,348.0,250.0,454.0,228.0
97.300,340.0,254.0,470.0,234.0
97.307,333.0,259.0,491.0,241.0
97.313,327.0,265.0,511.0,248.0
97.319,321.0,271.0,535.0,255.0
97.326,316.0,278.0,556.0,262.0
97.332,309.0,286.0,572.0,272.0
97.338,304.0,293.0,587.0,284.0
97.345,301.0,304.0,600.0,297.0
97.352,300.0,314.0,613.0,310.0
97.358,297.0,325.0,627.0,324.0
97.364,294.0,337.0,639.0,341.0
97.371,292.0,347.0,652.0,359.0
97.377,291.0,359.0,662.0,382.0
97.383,291.0,370.0,676.0,402.0
97.390,292.0,382.0,687.0,426.0
97.397,292.0,394.0,696.0,452.0
97.403,293.0,406.0,703.0,476.0
97.409,296.0,419.0,710.0,501.0
97.416,297.0,431.0,715.0,525.0
97.422,299.0,446.0,720.0,548.0
97.428,304.0,456.0,724.0,571.0
97.435,308.0,470.0,727.0,593.0
97.442,311.0,482.0,729.0,615.0
97.448,317.0,493.0,731.0,636.0
97.454,322.0,506.0,732.0,659.0
97.461,329.0,518.0,731.0,681.0
97.467,335.0,530.0,731.0,701.0
97.473,342.0,543.0,731.0,719.0
97.480,352.0,553.0,730.0,737.0
97.487,361.0,565.0,727.0,753.0
97.493,373.0,574.0,723.0,769.0
97.499,383.0,585.0,718.0,782.0
97.506,394.0,595.0,711.0,795.0
97.512,407.0,604.0,703.0,806.0
97.518,418.0,614.0,693.0,817.0
97.525,435.0,621.0,681.0,826.0
97.532,448.0,630.0,670.0,831.0
97.538,461.0,637.0,661.0,834.0
97.544,478.0,644.0,652.0,836.0
97.551,492.0,650.0,641.0,838.0
97.557,508.0,656.0,627.0,839.0
97.564,524.0,660.0,611.0,840.0
97.570,541.0,665.0,594.0,841.0
97.577,557.0,668.0,579.0,841.0
97.583,575.0,671.0,564.0,841.0
97.589,590.0,674.0,546.0,840.0
97.596,607.0,675.0,527.0,839.0
97.602,623.0,676.0,507.0,839.0
97.609,636.0,676.0,489.0,836.0
97.615,656.0,677.0,472.0,832.0
97.622,672.0,676.0,455.0,827.0
97.628,684.0,675.0,437.0,818.0
97.634,695.0,672.0,419.0,810.0
97.641,708.0,670.0,401.0,798.0
97.648,721.0,667.0,386.0,785.0
97.654,730.0,663.0,369.0,770.0
97.660,740.0,658.0,355.0,753.0
97.667,750.0,653.0,341.0,735.0
97.673,759.0,648.0,329.0,715.0
97.679,765.0,641.0,317.0,694.0
97.686,773.0,635.0,307.0,671.0
97.693,779.0,628.0,297.0,648.0
97.699,783.0,619.0,289.0,623.0
97.705,786.0,610.0,281.0,598.0
97.712,791.0,601.0,275.0,570.0
97.718,793.0,593.0,268.0,542.0
97.724,794.0,581.0,263.0,513.0
97.731,797.0,572.0,258.0,484.0
97.738,797.0,562.0,256.0,456.0
97.744,797.0,551.0,253.0,429.0
97.750,796.0,539.0,251.0,404.0
97.757,795.0,528.0,250.0,381.0
97.763,793.0,517.0,251.0,358.0
97.769,791.0,505.0,252.0,338.0
97.777,788.0,494.0,253.0,318.0
97.783,783.0,482.0,255.0,300.0
97.789,778.0,470.0,258.0,282.0
97.795,774.0,458.0,263.0,265.0
97.802,766.0,447.0,268.0,251.0
97.808,759.0,435.0,275.0,237.0
97.814,751.0,425.0,282.0,227.0
97.822,745.0,415.0,290.0,218.0
97.828,734.0,404.0,299.0,211.0
97.834,722.0,394.0,310.0,207.0
97.840,712.0,384.0,320.0,204.0
97.847,700.0,375.0,333.0,202.0
97.853,686.0,365.0,344.0,201.0
97.859,673.0,357.0,355.0,201.0
97.867,659.0,348.0,372.0,199.0
97.873,640.0,340.0,393.0,199.0
97.879,624.0,333.0,409.0,198.0
97.885,610.0,326.0,426.0,199.0
97.892,593.0,321.0,444.0,200.0
97.898,574.0,314.0,466.0,201.0
97.905,554.0,310.0,493.0,201.0
97.912,540.0,307.0,515.0,203.0
97.918,525.0,303.0,534.0,205.0
97.924,504.0,299.0,552.0,209.0
97.930,486.0,297.0,567.0,216.0
97.937,467.0,293.0,579.0,225.0
97.943,449.0,292.0,594.0,236.0
97.950,434.0,290.0,613.0,243.0
97.957,416.0,289.0,629.0,257.0
97.963,401.0,290.0,642.0,275.0
97.969,382.0,289.0,658.0,292.0
97.975,369.0,290.0,672.0,310.0
97.982,357.0,292.0,686.0,330.0
97.989,339.0,293.0,697.0,350.0
97.995,326.0,297.0,706.0,374.0
98.001,315.0,298.0,715.0,395.0
98.008,304.0,303.0,723.0,417.0
98.014,293.0,307.0,730.0,440.0
98.020,283.0,312.0,736.0,463.0
98.027,274.0,318.0,738.0,491.0
98.034,268.0,325.0,742.0,518.0
98.040,260.0,333.0,747.0,546.0
98.046,253.0,339.0,752.0,572.0
98.053,248.0,349.0,758.0,597.0
98.059,243.0,358.0,758.0,623.0
98.065,239.0,370.0,760.0,647.0
98.072,236.0,379.0,760.0,669.0
98.079,233.0,392.0,759.0,690.0
98.085,230.0,404.0,757.0,707.0
98.091,231.0,415.0,756.0,723.0
98.098,230.0,428.0,752.0,738.0
98.104,230.0,442.0,747.0,751.0
98.110,230.0,455.0,742.0,762.0
98.118,232.0,469.0,735.0,773.0
98.124,234.0,484.0,725.0,785.0
98.130,236.0,499.0,717.0,793.0
98.136,240.0,515.0,706.0,802.0
98.143,243.0,528.0,695.0,808.0
98.149,248.0,544.0,678.0,815.0
98.155,254.0,559.0,652.0,820.0
98.163,260.0,573.0,628.0,824.0
98.169,266.0,589.0,614.0,826.0
98.175,273.0,603.0,598.0,827.0
98.181,284.0,617.0,585.0,827.0
98.188,294.0,631.0,569.0,827.0
98.194,299.0,643.0,563.0,824.0
98.200,312.0,656.0,562.0,820.0
98.208,326.0,668.0,543.0,818.0
98.214,339.0,678.0,519.0,815.0
98.220,351.0,688.0,498.0,809.0
98.226,365.0,698.0,469.0,807.0
98.233,380.0,707.0,441.0,803.0
98.239,391.0,714.0,413.0,798.0
98.246,403.0,721.0,398.0,790.0
98.253,424.0,728.0,384.0,782.0
98.259,436.0,734.0,371.0,771.0
98.265,450.0,738.0,358.0,759.0
98.271,468.0,743.0,354.0,739.0
98.278,484.0,747.0,348.0,716.0
98.284,497.0,749.0,332.0,700.0
98.291,507.0,752.0,318.0,681.0
98.298,527.0,753.0,307.0,660.0
98.304,542.0,755.0,299.0,637.0
98.310,554.0,755.0,288.0,619.0
98.316,568.0,757.0,274.0,606.0
98.323,583.0,756.0,261.0,599.0
98.330,594.0,755.0,253.0,586.0
98.336,607.0,754.0,249.0,570.0
98.342,618.0,751.0,246.0,547.0
98.349,631.0,749.0,244.0,526.0
98.355,641.0,746.0,241.0,505.0
98.361,651.0,741.0,236.0,484.0
98.368,659.0,736.0,233.0,459.0
98.375,668.0,729.0,230.0,433.0
98.381,678.0,723.0,229.0,413.0
98.387,684.0,713.0,229.0,393.0
98.394,689.0,706.0,230.0,376.0
98.400,696.0,697.0,230.0,361.0
98.406,702.0,686.0,229.0,348.0
98.413,706.0,674.0,230.0,336.0
98.420,708.0,662.0,232.0,321.0
98.426,712.0,649.0,236.0,306.0
98.432,714.0,637.0,239.0,293.0
98.439,715.0,623.0,243.0,282.0
98.445,716.0,607.0,247.0,271.0
98.451,718.0,593.0,253.0,263.0
98.459,718.0,577.0,260.0,253.0
98.465,717.0,562.0,268.0,244.0
98.471,716.0,546.0,277.0,238.0
98.477,715.0,532.0,286.0,232.0
98.484,712.0,517.0,296.0,227.0
98.490,710.0,502.0,311.0,222.0
98.496,706.0,486.0,324.0,219.0
98.504,703.0,471.0,335.0,218.0
98.510,697.0,457.0,347.0,218.0
98.516,691.0,443.0,363.0,217.0
98.522,687.0,426.0,382.0,215.0
98.529,680.0,412.0,398.0,215.0
98.535,674.0,397.0,415.0,215.0
98.541,667.0,384.0,429.0,219.0
98.549,660.0,370.0,440.0,222.0
98.555,652.0,357.0,454.0,228.0
98.561,643.0,345.0,475.0,234.0
98.567,633.0,333.0,498.0,240.0
98.574,624.0,323.0,524.0,246.0
98.580,616.0,313.0,546.0,254.0
98.587,607.0,305.0,563.0,264.0
98.594,598.0,295.0,579.0,277.0
98.600,584.0,287.0,593.0,291.0
98.606,573.0,279.0,607.0,303.0
98.612,563.0,274.0,622.0,317.0
98.619,550.0,269.0,634.0,331.0
98.625,541.0,262.0,645.0,346.0
98.632,525.0,257.0,652.0,367.0
98.639,515.0,253.0,664.0,388.0
98.645,503.0,248.0,677.0,407.0
98.651,494.0,245.0,686.0,433.0
98.657,481.0,243.0,697.0,456.0
98.664,471.0,241.0,704.0,482.0
98.670,458.0,239.0,712.0,507.0
98.677,446.0,238.0,717.0,531.0
98.683,436.0,237.0,722.0,556.0
98.690,427.0,236.0,726.0,578.0
98.696,416.0,237.0,728.0,600.0
98.702,406.0,236.0,731.0,622.0
98.709,394.0,237.0,732.0,641.0
98.716,384.0,238.0,733.0,662.0
98.722,376.0,240.0,733.0,681.0
98.728,367.0,243.0,731.0,702.0
98.735,358.0,245.0,730.0,721.0
98.741,349.0,248.0,728.0,740.0
98.747,343.0,253.0,724.0,758.0
98.754,335.0,257.0,722.0,770.0
98.761,328.0,262.0,719.0,781.0
98.767,322.0,269.0,713.0,794.0
98.773,317.0,276.0,705.0,804.0
98.780,311.0,284.0,695.0,816.0
98.786,305.0,290.0,682.0,826.0
98.792,303.0,300.0,667.0,833.0
98.800,300.0,310.0,656.0,836.0
98.806,298.0,320.0,647.0,835.0
98.812,294.0,332.0,638.0,838.0
98.818,292.0,342.0,625.0,839.0
98.825,291.0,356.0,608.0,841.0
98.831,291.0,368.0,591.0,841.0
98.837,291.0,380.0,574.0,842.0
98.845,292.0,393.0,562.0,840.0
98.851,293.0,405.0,546.0,840.0
98.857,294.0,419.0,531.0,837.0
98.863,296.0,431.0,510.0,838.0
98.870,300.0,444.0,492.0,836.0
98.876,304.0,458.0,474.0,831.0
98.882,308.0,470.0,457.0,827.0
98.890,312.0,483.0,440.0,820.0
98.896,318.0,495.0,422.0,812.0
98.902,323.0,509.0,404.0,800.0
98.908,331.0,523.0,388.0,786.0
98.915,338.0,534.0,373.0,772.0
98.921,347.0,546.0,358.0,755.0
98.928,358.0,557.0,344.0,738.0
98.935,368.0,567.0,331.0,719.0
98.941,377.0,578.0,319.0,699.0
98.947,390.0,588.0,309.0,675.0
98.953,402.0,599.0,299.0,653.0
98.960,413.0,610.0,291.0,629.0
98.966,428.0,619.0,284.0,604.0
98.973,441.0,627.0,276.0,578.0
98.979,456.0,634.0,270.0,548.0
98.986,471.0,641.0,263.0,520.0
98.992,485.0,647.0,259.0,490.0
98.998,502.0,653.0,256.0,461.0
99.005,519.0,659.0,254.0,433.0
99.011,532.0,662.0,252.0,407.0
99.018,551.0,667.0,251.0,382.0
99.024,567.0,670.0,250.0,359.0
99.031,585.0,672.0,251.0,339.0
99.037,600.0,675.0,253.0,320.0
99.043,618.0,676.0,254.0,302.0
99.050,633.0,677.0,258.0,286.0
99.057,643.0,677.0,260.0,270.0
99.063,665.0,676.0,267.0,255.0
99.069,679.0,676.0,272.0,243.0
99.076,688.0,673.0,280.0,229.0
99.082,702.0,671.0,288.0,220.0
99.088,714.0,669.0,298.0,213.0
99.095,722.0,665.0,309.0,207.0
99.102,734.0,662.0,321.0,205.0
99.108,745.0,656.0,333.0,202.0
99.114,753.0,650.0,345.0,200.0
99.121,761.0,646.0,360.0,201.0
99.127,765.0,638.0,368.0,200.0
99.133,774.0,632.0,386.0,199.0
99.141,780.0,625.0,406.0,198.0
99.147,783.0,617.0,426.0,198.0
99.153,788.0,608.0,444.0,200.0
99.159,790.0,600.0,463.0,200.0
99.166,794.0,591.0,484.0,201.0
99.172,795.0,581.0,504.0,203.0
99.178,796.0,571.0,526.0,204.0
99.186,797.0,562.0,544.0,207.0
99.192,796.0,551.0,560.0,211.0
99.198,796.0,540.0,575.0,219.0
99.204,794.0,528.0,587.0,230.0
99.211,793.0,517.0,604.0,241.0
99.217,790.0,505.0,622.0,254.0
99.223,787.0,494.0,642.0,269.0
99.231,782.0,482.0,658.0,287.0
99.237,779.0,471.0,673.0,307.0
99.243,774.0,458.0,685.0,328.0
99.249,767.0,447.0,697.0,351.0
99.256,758.0,436.0,707.0,374.0
99.262,752.0,425.0,717.0,397.0
99.269,744.0,415.0,723.0,421.0
99.276,735.0,404.0,731.0,443.0
99.282,722.0,393.0,736.0,466.0
99.288,711.0,383.0,741.0,488.0
99.294,698.0,373.0,745.0,511.0
99.301,686.0,364.0,746.0,537.0
99.307,671.0,355.0,748.0,564.0
99.314,656.0,347.0,748.0,589.0
99.321,639.0,339.0,752.0,613.0
99.327,621.0,332.0,755.0,635.0
99.333,606.0,325.0,760.0,656.0
99.339,586.0,319.0,759.0,678.0
99.346,569.0,312.0,760.0,699.0
99.352,549.0,307.0,754.0,718.0
99.359,533.0,305.0,751.0,735.0
99.366,514.0,300.0,747.0,747.0
99.372,492.0,297.0,743.0,760.0
99.378,474.0,294.0,734.0,772.0
99.384,458.0,293.0,725.0,783.0
99.391,437.0,290.0,716.0,791.0
99.398,419.0,289.0,707.0,801.0
99.404,406.0,289.0,697.0,807.0
99.410,389.0,289.0,682.0,813.0
99.417,372.0,289.0,660.0,819.0
99.423,359.0,290.0,633.0,824.0
99.429,348.0,292.0,615.0,826.0
99.436,330.0,294.0,601.0,827.0
99.443,320.0,297.0,587.0,827.0
99.449,310.0,300.0,573.0,828.0
99.455,300.0,304.0,562.0,825.0
99.462,289.0,309.0,551.0,823.0
99.468,280.0,314.0,539.0,818.0
99.474,273.0,320.0,523.0,815.0
99.482,265.0,326.0,496.0,813.0
99.488,258.0,333.0,470.0,810.0
99.494,253.0,340.0,441.0,806.0
99.500,248.0,348.0,420.0,800.0
99.507,244.0,358.0,403.0,793.0
99.513,240.0,367.0,388.0,784.0
99.519,237.0,376.0,375.0,774.0
99.527,235.0,389.0,359.0,765.0
99.533,232.0,400.0,350.0,749.0
99.539,230.0,411.0,342.0,728.0
99.545,230.0,424.0,333.0,705.0
99.552,230.0,438.0,320.0,685.0
99.558,231.0,451.0,306.0,665.0
99.564,231.0,464.0,293.0,646.0
99.572,233.0,478.0,282.0,626.0
99.578,236.0,493.0,270.0,614.0
99.584,238.0,509.0,259.0,608.0
99.590,242.0,523.0,252.0,589.0
99.597,247.0,539.0,248.0,568.0
99.603,252.0,554.0,243.0,546.0
99.610,257.0,569.0,238.0,523.0
99.617,265.0,585.0,235.0,499.0
99.623,272.0,600.0,233.0,474.0
99.629,284.0,614.0,233.0,447.0
99.635,292.0,626.0,231.0,422.0
99.642,299.0,640.0,230.0,403.0
99.648,309.0,653.0,229.0,385.0
99.655,324.0,665.0,230.0,363.0
99.662,335.0,677.0,230.0,352.0
99.668,346.0,687.0,230.0,339.0
99.674,361.0,696.0,232.0,327.0
99.680,373.0,705.0,233.0,314.0
99.687,389.0,713.0,236.0,301.0
99.693,403.0,719.0,242.0,287.0
99.700,421.0,727.0,245.0,278.0
99.707,432.0,732.0,250.0,268.0
99.713,449.0,737.0,255.0,259.0
99.719,462.0,742.0,264.0,249.0
99.725,480.0,746.0,272.0,240.0
99.732,497.0,749.0,281.0,235.0
99.739,507.0,751.0,289.0,230.0
99.745,523.0,754.0,300.0,225.0
99.751,540.0,755.0,312.0,222.0
99.758,556.0,756.0,327.0,218.0
99.764,568.0,756.0,340.0,217.0
99.770,582.0,756.0,355.0,216.0
99.777,593.0,755.0,370.0,214.0
99.784,606.0,755.0,385.0,216.0
99.790,616.0,752.0,401.0,216.0
99.796,628.0,749.0,417.0,216.0
99.803,640.0,746.0,431.0,220.0
99.809,650.0,742.0,447.0,224.0
99.815,658.0,735.0,467.0,227.0
99.822,668.0,730.0,490.0,232.0
99.829,673.0,724.0,505.0,241.0
99.835,683.0,716.0,528.0,248.0
99.841,687.0,709.0,546.0,256.0
99.848,694.0,699.0,563.0,267.0
99.854,699.0,688.0,579.0,276.0
99.860,704.0,678.0,594.0,288.0
99.868,706.0,667.0,607.0,302.0
99.874,709.0,654.0,620.0,316.0
99.880,714.0,641.0,632.0,329.0
99.886,715.0,625.0,642.0,345.0
99.893,716.0,614.0,654.0,364.0
99.899,718.0,596.0,667.0,385.0
99.905,718.0,583.0,679.0,408.0
99.913,718.0,567.0,688.0,432.0
99.919,717.0,552.0,696.0,457.0
99.925,715.0,537.0,705.0,482.0
99.931,714.0,522.0,711.0,507.0
99.938,711.0,507.0,717.0,531.0
99.944,708.0,492.0,722.0,556.0
99.950,704.0,476.0,726.0,579.0
99.958,700.0,460.0,729.0,603.0
99.964,696.0,445.0,731.0,625.0
99.970,690.0,431.0,732.0,646.0
99.976,682.0,416.0,732.0,668.0
99.983,677.0,403.0,732.0,688.0
99.989,670.0,389.0,731.0,710.0
99.996,663.0,374.0,729.0,729.0
100.003,655.0,361.0,728.0,746.0
100.009,646.0,351.0,724.0,762.0
100.015,636.0,339.0,722.0,774.0
100.021,625.0,325.0,716.0,787.0
100.028,617.0,315.0,710.0,800.0
100.034,607.0,306.0,700.0,811.0
100.041,597.0,296.0,689.0,821.0
100.047,585.0,286.0,674.0,829.0
100.054,572.0,279.0,663.0,833.0
100.060,561.0,273.0,654.0,836.0
100.066,548.0,269.0,644.0,837.0
100.073,538.0,261.0,633.0,839.0
100.080,523.0,257.0,617.0,840.0
100.086,511.0,253.0,599.0,841.0
100.092,498.0,248.0,581.0,842.0
100.099,489.0,245.0,564.0,842.0
100.105,476.0,243.0,549.0,839.0
100.111,465.0,240.0,532.0,840.0
100.118,451.0,238.0,512.0,838.0
100.125,440.0,237.0,493.0,836.0
100.131,428.0,236.0,476.0,833.0
100.137,421.0,237.0,460.0,828.0
100.144,411.0,236.0,443.0,822.0
100.150,398.0,237.0,425.0,813.0
100.156,385.0,239.0,409.0,804.0
100.163,376.0,239.0,392.0,791.0
100.170,369.0,242.0,377.0,777.0
100.176,361.0,245.0,362.0,761.0
100.182,350.0,247.0,348.0,744.0
100.189,343.0,251.0,335.0,726.0
100.195,337.0,256.0,323.0,708.0
100.201,331.0,261.0,313.0,686.0
100.209,326.0,266.0,303.0,664.0
100.215,319.0,273.0,296.0,642.0
100.221,315.0,279.0,287.0,617.0
100.227,309.0,288.0,280.0,593.0
100.234,305.0,294.0,274.0,567.0
100.240,304.0,304.0,267.0,539.0
100.246,301.0,313.0,263.0,510.0
100.254,297.0,324.0,259.0,481.0
100.260,294.0,335.0,256.0,454.0
100.266,292.0,345.0,253.0,428.0
100.272,292.0,357.0,252.0,402.0
100.279,291.0,368.0,251.0,380.0
100.285,291.0,380.0,251.0,357.0
100.291,291.0,391.0,251.0,338.0
100.299,292.0,403.0,252.0,319.0
100.305,293.0,417.0,256.0,301.0
100.311,296.0,429.0,258.0,282.0
100.317,298.0,442.0,261.0,266.0
100.324,302.0,454.0,267.0,252.0
100.330,306.0,468.0,274.0,239.0
100.337,309.0,480.0,283.0,226.0
100.343,315.0,491.0,290.0,218.0
100.350,320.0,504.0,298.0,212.0
100.356,326.0,518.0,309.0,207.0
100.362,334.0,528.0,320.0,204.0
100.369,341.0,542.0,331.0,202.0
100.375,352.0,553.0,342.0,202.0
100.382,362.0,564.0,355.0,200.0
100.388,373.0,575.0,373.0,200.0
100.395,386.0,586.0,391.0,198.0
100.401,397.0,597.0,409.0,198.0
100.407,408.0,607.0,426.0,200.0
100.414,425.0,615.0,441.0,200.0
100.421,440.0,624.0,470.0,202.0
100.427,455.0,632.0,493.0,201.0
100.433,468.0,640.0,518.0,202.0
100.440,484.0,647.0,536.0,205.0
100.446,502.0,652.0,554.0,209.0
100.452,517.0,658.0,570.0,216.0
100.459,534.0,664.0,586.0,226.0
100.466,553.0,667.0,603.0,234.0
100.472,569.0,670.0,617.0,245.0
100.478,587.0,673.0,630.0,257.0
100.485,602.0,674.0,642.0,273.0
100.491,620.0,676.0,657.0,288.0
100.497,637.0,677.0,671.0,307.0
100.504,649.0,676.0,686.0,328.0
100.511,667.0,676.0,697.0,349.0
100.517,679.0,675.0,705.0,372.0
100.523,694.0,673.0,715.0,395.0
100.530,703.0,671.0,722.0,419.0
100.536,716.0,668.0,730.0,442.0
100.542,727.0,664.0,734.0,464.0
100.550,735.0,660.0,740.0,490.0
100.556,745.0,655.0,743.0,517.0
100.562,756.0,650.0,746.0,542.0
100.568,762.0,644.0,748.0,569.0
100.575,768.0,637.0,754.0,593.0
100.581,775.0,631.0,757.0,617.0
100.587,781.0,623.0,761.0,641.0
100.595,785.0,614.0,761.0,663.0
100.601,789.0,608.0,760.0,685.0
100.607,790.0,598.0,757.0,703.0
100.613,794.0,589.0,756.0,720.0
100.620,795.0,579.0,753.0,735.0
100.626,796.0,570.0,748.0,749.0
100.632,797.0,561.0,742.0,761.0
100.640,797.0,549.0,732.0,774.0
100.646,797.0,538.0,722.0,784.0
100.652,796.0,528.0,718.0,793.0
100.658,791.0,517.0,707.0,800.0
100.665,791.0,505.0,693.0,809.0
100.671,786.0,494.0,675.0,814.0
100.678,783.0,483.0,656.0,819.0
100.685,780.0,472.0,636.0,822.0
100.691,772.0,460.0,619.0,825.0
100.697,767.0,448.0,605.0,826.0
100.703,759.0,438.0,592.0,827.0
100.710,753.0,427.0,585.0,826.0
100.716,745.0,416.0,582.0,821.0
100.723,735.0,405.0,560.0,820.0
100.730,723.0,395.0,539.0,817.0
100.736,713.0,385.0,519.0,814.0
100.742,699.0,375.0,499.0,809.0
100.748,686.0,365.0,472.0,806.0
100.755,673.0,357.0,441.0,805.0
100.762,659.0,349.0,417.0,796.0
100.768,642.0,340.0,402.0,791.0
100.775,625.0,333.0,385.0,781.0
100.781,609.0,326.0,370.0,772.0
100.787,590.0,319.0,354.0,761.0
100.793,569.0,314.0,342.0,747.0
100.800,552.0,309.0,334.0,727.0
100.807,537.0,305.0,324.0,706.0
100.813,518.0,301.0,310.0,689.0
100.820,497.0,298.0,298.0,670.0
100.826,479.0,295.0,287.0,651.0
100.832,462.0,293.0,276.0,636.0
100.838,441.0,290.0,264.0,625.0
100.845,424.0,289.0,257.0,605.0
100.852,408.0,289.0,251.0,586.0
100.858,391.0,289.0,246.0,565.0
100.864,373.0,291.0,242.0,546.0
100.871,361.0,290.0,239.0,523.0
100.877,348.0,292.0,235.0,501.0
100.883,332.0,294.0,233.0,478.0
100.891,321.0,297.0,231.0,451.0
100.897,309.0,301.0,229.0,427.0
100.903,300.0,304.0,229.0,403.0
100.909,289.0,309.0,229.0,382.0
100.916,279.0,315.0,229.0,365.0
100.922,273.0,320.0,230.0,350.0
100.928,265.0,327.0,230.0,337.0
100.936,258.0,334.0,232.0,325.0
100.942,252.0,342.0,233.0,313.0
100.948,248.0,351.0,237.0,299.0
100.954,242.0,360.0,241.0,286.0
100.961,238.0,370.0,247.0,274.0
100.967,236.0,379.0,252.0,263.0
100.973,234.0,391.0,259.0,253.0
100.981,232.0,402.0,267.0,245.0
100.987,231.0,413.0,275.0,237.0
100.993,230.0,425.0,285.0,231.0
100.999,230.0,438.0,295.0,226.0
101.006,230.0,450.0,305.0,222.0
101.012,231.0,464.0,318.0,219.0
101.019,233.0,477.0,329.0,219.0
101.026,236.0,492.0,345.0,218.0
101.032,238.0,505.0,358.0,216.0
101.038,241.0,520.0,378.0,216.0
101.044,244.0,534.0,396.0,215.0
101.051,251.0,548.0,414.0,215.0
101.057,256.0,563.0,428.0,217.0
101.064,263.0,577.0,440.0,222.0
101.071,268.0,593.0,450.0,229.0
101.077,277.0,607.0,473.0,235.0
101.083,288.0,620.0,495.0,242.0
101.089,295.0,633.0,520.0,249.0
101.096,303.0,646.0,544.0,256.0
101.102,317.0,659.0,564.0,265.0
101.109,332.0,670.0,581.0,277.0
101.116,343.0,681.0,595.0,291.0
101.122,355.0,691.0,609.0,305.0
101.128,370.0,701.0,623.0,320.0
101.134,384.0,709.0,635.0,333.0
101.141,395.0,717.0,646.0,348.0
101.148,415.0,725.0,655.0,366.0
101.154,430.0,731.0,665.0,387.0
101.161,445.0,736.0,678.0,407.0
101.167,460.0,741.0,688.0,431.0
101.173,479.0,745.0,697.0,454.0
101.179,494.0,748.0,705.0,480.0
101.186,506.0,751.0,711.0,504.0
101.193,521.0,753.0,716.0,528.0
101.199,537.0,756.0,720.0,552.0
101.206,554.0,756.0,724.0,575.0
101.212,564.0,756.0,727.0,597.0
101.218,575.0,756.0,729.0,619.0
101.224,592.0,755.0,732.0,640.0
101.232,606.0,753.0,733.0,661.0
101.238,618.0,751.0,732.0,683.0
101.244,631.0,748.0,730.0,704.0
101.251,641.0,744.0,730.0,723.0
101.257,651.0,740.0,727.0,740.0
101.263,660.0,734.0,727.0,755.0
101.269,670.0,728.0,723.0,770.0
101.277,677.0,721.0,717.0,783.0
101.283,684.0,713.0,712.0,796.0
101.289,688.0,704.0,702.0,807.0
101.296,695.0,694.0,692.0,818.0
101.302,701.0,684.0,679.0,827.0
101.308,705.0,672.0,669.0,833.0
101.314,710.0,660.0,661.0,835.0
101.322,712.0,647.0,652.0,836.0
101.328,715.0,635.0,640.0,838.0
101.334,714.0,620.0,627.0,839.0
101.341,717.0,607.0,608.0,841.0
101.347,717.0,591.0,589.0,841.0
101.353,717.0,576.0,571.0,842.0
101.360,716.0,563.0,555.0,841.0
101.367,714.0,546.0,538.0,840.0
101.373,714.0,533.0,520.0,839.0
101.379,712.0,516.0,501.0,837.0
101.386,709.0,501.0,484.0,835.0
101.392,706.0,485.0,466.0,829.0
101.398,703.0,470.0,450.0,825.0
101.405,699.0,454.0,433.0,816.0
101.412,693.0,441.0,415.0,805.0
101.418,688.0,424.0,394.0,794.0
101.424,682.0,413.0,378.0,778.0
101.431,675.0,399.0,362.0,762.0
101.437,669.0,386.0,348.0,743.0
101.443,661.0,373.0,333.0,723.0
101.450,655.0,358.0,322.0,702.0
101.457,644.0,347.0,311.0,680.0
101.463,634.0,334.0,300.0,655.0
101.469,625.0,325.0,291.0,632.0
101.476,618.0,315.0,284.0,607.0
101.482,607.0,307.0,278.0,583.0
101.489,594.0,296.0,272.0,558.0
101.495,585.0,287.0,268.0,534.0
101.502,572.0,280.0,262.0,509.0
101.508,562.0,273.0,259.0,485.0
101.514,549.0,269.0,256.0,459.0
101.521,537.0,261.0,253.0,433.0
101.527,523.0,258.0,252.0,409.0
101.534,512.0,252.0,251.0,386.0
101.540,500.0,247.0,250.0,363.0
101.547,489.0,245.0,250.0,342.0
101.553,476.0,243.0,253.0,323.0
101.559,463.0,240.0,254.0,301.0
101.566,451.0,238.0,257.0,282.0
101.573,439.0,238.0,262.0,266.0
101.579,430.0,235.0,269.0,251.0
101.585,418.0,236.0,275.0,237.0
101.592,408.0,236.0,284.0,224.0
101.598,397.0,238.0,294.0,215.0
101.604,385.0,238.0,302.0,209.0
101.611,376.0,240.0,311.0,207.0
101.618,367.0,242.0,321.0,204.0
101.624,360.0,247.0,332.0,203.0
101.630,350.0,248.0,346.0,201.0
101.637,343.0,252.0,361.0,199.0
101.643,336.0,257.0,373.0,199.0
101.649,330.0,262.0,386.0,198.0
101.655,324.0,268.0,400.0,198.0
101.663,318.0,275.0,413.0,199.0
101.669,312.0,283.0,435.0,200.0
101.675,308.0,290.0,459.0,200.0
101.682,304.0,298.0,483.0,200.0
101.688,302.0,308.0,502.0,203.0
101.694,299.0,317.0,525.0,204.0
101.701,296.0,327.0,545.0,207.0
101.708,294.0,338.0,563.0,212.0
101.714,291.0,350.0,579.0,221.0
101.720,292.0,361.0,596.0,230.0
101.727,291.0,374.0,608.0,243.0
101.733,291.0,384.0,622.0,253.0
101.739,292.0,397.0,635.0,267.0
101.746,293.0,409.0,648.0,285.0
101.753,294.0,422.0,663.0,300.0
101.759,297.0,433.0,679.0,318.0
101.765,301.0,444.0,691.0,339.0
101.772,304.0,458.0,702.0,361.0
101.778,308.0,470.0,711.0,383.0
101.784,311.0,483.0,719.0,406.0
101.791,317.0,493.0,727.0,428.0
101.798,321.0,507.0,732.0,451.0
101.804,328.0,519.0,738.0,475.0
101.810,335.0,531.0,742.0,501.0
101.817,342.0,544.0,747.0,528.0
101.823,352.0,553.0,753.0,553.0
101.830,361.0,565.0,756.0,579.0
101.836,371.0,574.0,758.0,604.0
101.843,384.0,585.0,760.0,629.0
101.849,393.0,595.0,760.0,652.0
101.855,405.0,605.0,761.0,672.0
101.862,419.0,614.0,760.0,690.0
101.868,435.0,624.0,757.0,707.0
101.875,448.0,631.0,753.0,724.0
101.881,461.0,637.0,749.0,738.0
101.888,477.0,645.0,745.0,751.0
101.894,494.0,651.0,737.0,764.0
101.900,513.0,657.0,731.0,776.0
101.907,526.0,661.0,722.0,787.0
101.914,545.0,665.0,713.0,796.0
101.920,565.0,669.0,701.0,804.0
101.926,580.0,672.0,682.0,812.0
101.933,597.0,674.0,667.0,817.0
101.939,618.0,676.0,648.0,821.0
101.945,631.0,677.0,632.0,823.0
101.952,644.0,677.0,611.0,826.0
101.959,665.0,677.0,597.0,827.0
101.965,678.0,675.0,586.0,826.0
101.971,690.0,674.0,579.0,824.0
101.978,700.0,671.0,577.0,820.0
101.984,713.0,668.0,553.0,818.0
101.990,727.0,665.0,533.0,814.0
101.997,735.0,660.0,513.0,812.0
102.004,745.0,656.0,494.0,806.0
102.010,753.0,649.0,473.0,803.0
102.016,763.0,644.0,445.0,798.0
102.023,769.0,637.0,420.0,796.0
102.029,776.0,630.0,400.0,787.0
102.035,780.0,622.0,384.0,781.0
102.043,784.0,614.0,373.0,767.0
102.049,789.0,605.0,359.0,756.0
102.055,792.0,596.0,350.0,739.0
102.061,794.0,587.0,346.0,715.0
102.068,796.0,576.0,331.0,696.0
102.074,796.0,566.0,314.0,682.0
102.080,798.0,557.0,304.0,659.0
102.088,797.0,546.0,292.0,642.0
102.094,796.0,534.0,280.0,629.0
102.100,795.0,524.0,267.0,622.0
102.106,792.0,514.0,257.0,608.0
102.113,791.0,502.0,252.0,587.0
102.119,787.0,491.0,246.0,566.0
102.125,782.0,480.0,241.0,544.0
102.133,778.0,470.0,237.0,523.0
102.139,773.0,458.0,235.0,501.0
102.145,767.0,447.0,231.0,478.0
102.151,759.0,437.0,229.0,453.0
102.158,753.0,428.0,227.0,430.0
102.164,745.0,416.0,227.0,409.0
102.171,736.0,405.0,229.0,387.0
102.178,725.0,397.0,228.0,369.0
102.184,715.0,386.0,228.0,354.0
102.190,702.0,376.0,228.0,340.0
102.196,689.0,368.0,230.0,327.0
102.203,677.0,359.0,233.0,312.0
102.209,664.0,351.0,236.0,299.0
102.216,648.0,343.0,240.0,287.0
102.223,631.0,336.0,246.0,275.0
102.229,616.0,329.0,253.0,264.0
102.235,598.0,322.0,256.0,255.0
102.241,579.0,316.0,264.0,247.0
102.248,562.0,312.0,274.0,240.0
102.254,546.0,307.0,284.0,232.0
102.261,527.0,302.0,296.0,227.0
102.267,505.0,299.0,307.0,224.0
102.274,487.0,296.0,323.0,219.0
102.280,471.0,294.0,336.0,219.0
102.286,451.0,291.0,353.0,216.0
102.293,432.0,290.0,366.0,215.0
102.300,415.0,289.0,381.0,215.0
102.306,401.0,289.0,395.0,216.0
102.312,383.0,289.0,412.0,217.0
102.319,368.0,290.0,427.0,219.0
102.325,355.0,292.0,440.0,224.0
102.331,336.0,293.0,455.0,229.0
102.338,324.0,296.0,475.0,236.0
102.345,314.0,299.0,492.0,245.0
102.351,304.0,303.0,517.0,251.0
102.357,293.0,308.0,541.0,259.0
102.364,283.0,312.0,563.0,265.0
102.370,275.0,319.0,580.0,276.0
102.376,267.0,326.0,593.0,289.0
102.384,260.0,333.0,607.0,303.0
102.390,254.0,341.0,618.0,317.0
102.396,248.0,349.0,633.0,331.0
102.402,243.0,358.0,644.0,349.0
102.409,240.0,369.0,653.0,369.0
102.415,236.0,378.0,668.0,389.0
102.421,234.0,390.0,680.0,413.0
102.429,232.0,402.0,689.0,437.0
102.435,231.0,415.0,699.0,462.0
102.441,230.0,427.0,707.0,488.0
102.447,230.0,439.0,713.0,513.0
102.454,231.0,453.0,717.0,537.0
102.460,231.0,467.0,723.0,560.0
102.466,233.0,481.0,725.0,584.0
102.474,236.0,495.0,728.0,606.0
102.480,239.0,510.0,730.0,627.0
102.486,242.0,524.0,731.0,649.0
102.492,246.0,541.0,732.0,670.0
102.499,252.0,554.0,733.0,691.0
102.505,259.0,569.0,731.0,710.0
102.512,264.0,584.0,731.0,729.0
102.519,270.0,598.0,728.0,747.0
102.525,281.0,612.0,724.0,763.0
102.531,292.0,625.0,720.0,777.0
102.537,297.0,637.0,714.0,790.0
102.544,306.0,649.0,708.0,801.0
102.550,320.0,662.0,700.0,812.0
102.557,333.0,673.0,687.0,822.0
102.564,343.0,683.0,677.0,829.0
102.570,354.0,694.0,665.0,834.0
102.576,372.0,704.0,656.0,836.0
102.582,386.0,711.0,645.0,838.0
102.589,398.0,719.0,632.0,839.0
102.595,419.0,726.0,617.0,840.0
102.602,434.0,732.0,600.0,841.0
102.609,447.0,736.0,584.0,842.0
102.615,465.0,742.0,568.0,841.0
102.621,483.0,746.0,550.0,841.0
102.627,498.0,749.0,534.0,840.0
102.634,506.0,751.0,514.0,839.0
102.641,521.0,753.0,495.0,837.0
102.647,542.0,755.0,478.0,833.0
102.653,557.0,756.0,461.0,829.0
102.660,568.0,757.0,444.0,822.0
102.666,584.0,756.0,426.0,813.0
102.672,597.0,755.0,411.0,802.0
102.679,608.0,754.0,395.0,786.0
102.686,620.0,751.0,376.0,775.0
102.692,635.0,748.0,361.0,760.0
102.698,644.0,744.0,346.0,742.0
102.705,653.0,739.0,334.0,723.0
102.711,661.0,733.0,322.0,703.0
102.717,673.0,726.0,311.0,681.0
102.725,682.0,718.0,301.0,659.0
102.731,687.0,710.0,293.0,635.0
102.737,692.0,700.0,285.0,611.0
102.743,699.0,690.0,278.0,585.0
102.750,703.0,677.0,271.0,557.0
102.756,707.0,666.0,266.0,528.0
102.762,709.0,654.0,260.0,496.0
102.770,712.0,640.0,257.0,468.0
102.776,713.0,625.0,254.0,439.0
102.782,715.0,613.0,252.0,414.0
102.788,717.0,597.0,250.0,388.0
102.795,716.0,583.0,251.0,366.0
102.801,717.0,566.0,251.0,343.0
102.807,715.0,552.0,252.0,324.0
102.815,714.0,536.0,254.0,305.0
102.821,713.0,522.0,257.0,290.0
102.827,710.0,507.0,260.0,274.0
102.833,706.0,491.0,264.0,259.0
102.840,704.0,476.0,271.0,244.0
102.846,698.0,461.0,279.0,230.0
102.853,695.0,446.0,285.0,224.0
102.860,689.0,433.0,292.0,216.0
102.866,684.0,418.0,303.0,210.0
102.872,677.0,405.0,316.0,205.0
102.878,671.0,392.0,329.0,202.0
102.885,665.0,379.0,342.0,202.0
102.891,655.0,367.0,351.0,200.0
102.898,650.0,355.0,363.0,201.0
102.905,638.0,345.0,378.0,199.0
102.911,632.0,332.0,400.0,198.0
102.917,620.0,322.0,418.0,198.0
102.923,614.0,313.0,436.0,199.0
102.930,602.0,303.0,455.0,199.0
102.936,594.0,295.0,474.0,201.0
102.943,582.0,286.0,495.0,202.0
102.950,572.0,278.0,517.0,203.0
102.956,560.0,272.0,536.0,205.0
102.962,549.0,266.0,552.0,209.0
102.968,536.0,261.0,568.0,218.0
102.975,524.0,256.0,583.0,225.0
102.982,513.0,252.0,595.0,238.0
102.988,502.0,248.0,613.0,251.0
102.995,489.0,244.0,628.0,264.0
103.001,478.0,242.0,644.0,282.0
103.007,465.0,239.0,657.0,299.0
103.013,452.0,238.0,673.0,315.0
103.020,440.0,236.0,688.0,333.0
103.027,432.0,236.0,698.0,353.0
103.033,421.0,236.0,707.0,374.0
103.040,410.0,237.0,716.0,396.0
103.046,397.0,236.0,723.0,418.0
103.052,387.0,238.0,729.0,440.0
103.058,379.0,240.0,732.0,463.0
103.066,370.0,242.0,738.0,491.0
103.072,360.0,244.0,744.0,517.0
103.078,350.0,248.0,749.0,545.0
103.085,343.0,252.0,755.0,571.0
103.091,335.0,257.0,758.0,597.0
103.097,330.0,262.0,758.0,625.0
103.103,323.0,269.0,757.0,647.0
103.111,319.0,276.0,758.0,669.0
103.117,312.0,283.0,760.0,686.0
103.123,307.0,291.0,759.0,704.0
103.130,303.0,300.0,755.0,719.0
103.136,301.0,310.0,753.0,735.0
103.142,298.0,321.0,746.0,748.0
103.148,295.0,332.0,742.0,760.0
103.156,293.0,344.0,732.0,772.0
103.162,292.0,356.0,724.0,783.0
103.168,292.0,366.0,717.0,792.0
103.175,293.0,378.0,709.0,800.0
103.181,293.0,390.0,696.0,808.0
103.187,294.0,402.0,685.0,812.0
103.194,294.0,415.0,661.0,819.0
103.201,297.0,426.0,636.0,823.0
103.207,298.0,441.0,619.0,825.0
103.213,302.0,452.0,603.0,827.0
103.220,305.0,466.0,591.0,827.0
103.226,310.0,478.0,577.0,827.0
103.232,314.0,489.0,569.0,824.0
103.239,320.0,502.0,562.0,822.0
103.246,327.0,513.0,549.0,818.0
103.252,334.0,526.0,527.0,816.0
103.258,341.0,536.0,498.0,815.0
103.264,351.0,547.0,478.0,810.0
103.271,360.0,560.0,453.0,805.0
103.277,370.0,570.0,424.0,801.0
103.284,381.0,581.0,406.0,794.0
103.291,393.0,593.0,391.0,786.0
103.297,403.0,602.0,376.0,775.0
103.303,415.0,611.0,363.0,763.0
103.309,432.0,620.0,352.0,747.0
103.316,442.0,629.0,351.0,720.0
103.323,457.0,636.0,336.0,704.0
103.329,471.0,641.0,321.0,687.0
103.336,486.0,648.0,310.0,667.0
103.342,505.0,654.0,301.0,645.0
103.348,518.0,659.0,291.0,626.0
103.354,534.0,663.0,277.0,613.0
103.361,553.0,667.0,264.0,604.0
103.368,568.0,670.0,255.0,593.0
103.374,585.0,673.0,249.0,574.0
103.381,602.0,674.0,243.0,554.0
103.387,618.0,676.0,241.0,531.0
103.393,633.0,676.0,239.0,509.0
103.399,646.0,677.0,235.0,490.0
103.406,665.0,676.0,234.0,463.0
103.413,682.0,676.0,232.0,435.0
103.419,690.0,673.0,229.0,418.0
103.426,702.0,671.0,228.0,397.0
103.432,716.0,668.0,229.0,378.0
103.438,727.0,666.0,229.0,362.0
103.444,735.0,660.0,229.0,347.0
103.452,745.0,655.0,229.0,335.0
103.458,754.0,650.0,232.0,320.0
103.464,762.0,645.0,235.0,305.0
103.471,768.0,638.0,239.0,292.0
103.477,776.0,631.0,244.0,281.0
103.483,780.0,623.0,250.0,269.0
103.489,784.0,615.0,253.0,262.0
103.497,789.0,607.0,260.0,253.0
103.503,792.0,598.0,268.0,244.0
103.509,793.0,589.0,277.0,237.0
103.516,796.0,579.0,286.0,231.0
103.522,797.0,569.0,299.0,227.0
103.528,797.0,558.0,309.0,223.0
103.534,796.0,547.0,326.0,219.0
103.542,796.0,537.0,339.0,218.0
103.548,795.0,525.0,354.0,216.0
103.554,791.0,514.0,368.0,215.0
103.561,790.0,503.0,384.0,216.0
103.567,786.0,491.0,399.0,216.0
103.573,783.0,480.0,418.0,217.0
103.580,777.0,469.0,431.0,220.0
103.587,772.0,457.0,444.0,225.0
103.593,764.0,445.0,460.0,229.0
103.599,757.0,434.0,483.0,234.0
103.606,750.0,424.0,506.0,242.0
103.612,742.0,412.0,527.0,249.0
103.618,731.0,402.0,548.0,259.0
103.625,720.0,392.0,567.0,268.0
103.632,709.0,381.0,583.0,281.0
103.638,697.0,373.0,597.0,295.0
103.644,683.0,363.0,610.0,308.0
103.651,670.0,355.0,624.0,320.0
103.657,659.0,348.0,636.0,334.0
103.664,640.0,339.0,645.0,353.0
103.670,624.0,333.0,656.0,374.0
103.677,611.0,327.0,671.0,395.0
103.683,591.0,320.0,682.0,417.0
103.689,573.0,315.0,691.0,445.0
103.696,556.0,310.0,699.0,468.0
103.702,542.0,307.0,707.0,493.0
103.709,523.0,302.0,713.0,517.0
103.715,504.0,298.0,718.0,540.0
103.722,486.0,296.0,722.0,563.0
103.728,468.0,293.0,726.0,586.0
103.734,449.0,291.0,729.0,607.0
103.741,434.0,291.0,731.0,629.0
103.747,415.0,289.0,731.0,650.0
103.754,401.0,289.0,731.0,675.0
103.760,382.0,289.0,731.0,697.0
103.767,368.0,290.0,729.0,716.0
103.773,356.0,291.0,730.0,733.0
103.779,339.0,293.0,728.0,750.0
103.786,326.0,295.0,724.0,766.0
103.793,315.0,299.0,719.0,781.0
103.799,304.0,302.0,712.0,794.0
103.805,293.0,307.0,703.0,807.0
103.812,283.0,313.0,691.0,817.0
103.818,274.0,318.0,680.0,827.0
103.824,268.0,325.0,669.0,832.0
103.831,260.0,332.0,661.0,835.0
103.838,253.0,340.0,651.0,837.0
103.844,249.0,349.0,640.0,838.0
103.850,244.0,358.0,625.0,840.0
103.857,239.0,369.0,608.0,841.0
103.863,237.0,379.0,592.0,841.0
103.869,234.0,392.0,578.0,842.0
103.875,231.0,403.0,565.0,841.0
103.883,230.0,416.0,549.0,840.0
103.889,230.0,427.0,532.0,840.0
103.895,230.0,442.0,512.0,839.0
103.902,231.0,456.0,495.0,838.0
103.908,232.0,469.0,477.0,833.0
103.914,233.0,484.0,460.0,828.0
103.922,235.0,500.0,441.0,820.0
103.928,240.0,515.0,422.0,811.0
103.934,244.0,530.0,403.0,800.0
103.940,248.0,545.0,387.0,786.0
103.947,254.0,560.0,371.0,771.0
103.953,260.0,576.0,356.0,754.0
103.959,266.0,591.0,342.0,735.0
103.966,275.0,606.0,329.0,717.0
103.973,285.0,619.0,317.0,694.0
103.979,294.0,633.0,307.0,673.0
103.985,299.0,644.0,298.0,648.0
103.992,312.0,657.0,289.0,624.0
103.998,328.0,669.0,282.0,601.0
104.005,339.0,679.0,276.0,575.0
104.011,352.0,691.0,271.0,549.0
104.018,366.0,700.0,264.0,521.0
104.024,382.0,708.0,260.0,493.0
104.030,392.0,716.0,256.0,465.0
104.037,408.0,722.0,254.0,438.0
104.043,428.0,729.0,252.0,411.0
104.050,440.0,735.0,250.0,386.0
104.056,452.0,740.0,251.0,365.0
104.063,470.0,743.0,252.0,342.0
104.069,487.0,748.0,252.0,322.0
104.075,502.0,750.0,254.0,304.0
104.082,513.0,752.0,258.0,287.0
104.088,531.0,754.0,261.0,269.0
104.095,548.0,756.0,266.0,255.0
104.101,559.0,757.0,272.0,242.0
104.108,575.0,756.0,281.0,229.0
104.114,589.0,756.0,288.0,220.0
104.120,600.0,755.0,296.0,213.0
104.127,610.0,753.0,306.0,208.0
104.134,623.0,750.0,318.0,205.0
104.140,637.0,747.0,330.0,202.0
104.147,647.0,744.0,342.0,201.0
104.153,655.0,738.0,354.0,200.0
104.159,665.0,732.0,369.0,199.0
104.165,674.0,726.0,389.0,198.0
104.172,682.0,719.0,409.0,198.0
104.179,686.0,711.0,426.0,198.0
104.185,693.0,701.0,442.0,199.0
104.192,699.0,689.0,462.0,200.0
104.198,704.0,680.0,484.0,201.0
104.204,707.0,667.0,505.0,202.0
104.210,711.0,654.0,526.0,203.0
104.218,713.0,641.0,544.0,206.0
104.224,715.0,627.0,561.0,211.0
104.230,716.0,612.0,574.0,218.0
104.237,718.0,597.0,587.0,229.0
104.243,717.0,582.0,602.0,241.0
104.249,716.0,567.0,623.0,253.0
104.255,715.0,552.0,641.0,267.0
104.263,714.0,536.0,657.0,285.0
104.269,713.0,520.0,672.0,305.0
104.275,709.0,504.0,684.0,325.0
104.282,707.0,488.0,697.0,347.0
104.288,703.0,472.0,706.0,370.0
104.294,698.0,457.0,716.0,393.0
104.300,693.0,442.0,723.0,416.0
104.308,688.0,427.0,730.0,439.0
104.314,681.0,414.0,736.0,462.0
104.320,677.0,399.0,740.0,485.0
104.327,668.0,386.0,744.0,510.0
104.333,662.0,372.0,746.0,536.0
104.339,653.0,360.0,748.0,563.0
104.346,645.0,348.0,752.0,588.0
104.353,635.0,334.0,753.0,613.0
104.359,627.0,324.0,758.0,633.0
104.365,618.0,315.0,761.0,655.0
104.372,610.0,307.0,761.0,676.0
104.378,598.0,298.0,759.0,695.0
104.384,587.0,289.0,755.0,716.0
104.391,574.0,281.0,752.0,730.0
104.398,565.0,274.0,750.0,743.0
104.404,555.0,269.0,744.0,756.0
104.410,541.0,263.0,736.0,769.0
104.417,527.0,258.0,724.0,782.0
104.423,517.0,253.0,716.0,790.0
104.429,505.0,250.0,712.0,798.0
104.436,495.0,246.0,703.0,804.0
104.443,484.0,243.0,686.0,812.0
104.449,473.0,241.0,670.0,816.0
104.455,461.0,240.0,643.0,821.0
104.462,449.0,238.0,623.0,825.0
104.468,438.0,235.0,610.0,826.0
104.475,429.0,236.0,597.0,827.0
104.481,418.0,235.0,584.0,826.0
104.488,408.0,236.0,571.0,825.0
104.494,396.0,237.0,559.0,823.0
104.500,386.0,238.0,541.0,821.0
104.507,379.0,240.0,523.0,817.0
104.513,369.0,242.0,503.0,815.0
104.520,362.0,245.0,481.0,812.0
104.526,352.0,248.0,454.0,807.0
104.533,345.0,252.0,428.0,803.0
104.539,336.0,255.0,412.0,797.0
104.545,330.0,262.0,396.0,789.0
104.551,323.0,267.0,382.0,781.0
104.558,319.0,274.0,369.0,771.0
104.565,313.0,282.0,356.0,760.0
104.571,308.0,289.0,348.0,742.0
104.578,303.0,297.0,341.0,718.0
104.584,302.0,306.0,330.0,696.0
104.590,299.0,318.0,312.0,680.0
104.596,295.0,329.0,301.0,658.0
104.604,293.0,339.0,289.0,637.0
104.610,294.0,350.0,277.0,621.0
104.616,292.0,361.0,262.0,615.0
104.623,292.0,376.0,256.0,600.0
104.629,292.0,388.0,250.0,580.0
104.635,293.0,401.0,245.0,561.0
104.641,293.0,415.0,243.0,539.0
104.649,296.0,427.0,241.0,510.0
104.655,299.0,442.0,236.0,494.0
104.661,302.0,453.0,233.0,469.0
104.668,307.0,468.0,233.0,438.0
104.674,310.0,480.0,231.0,417.0
104.680,315.0,491.0,230.0,400.0
104.686,320.0,504.0,230.0,380.0
104.694,328.0,516.0,230.0,360.0
104.700,335.0,529.0,231.0,348.0
104.706,343.0,541.0,230.0,335.0
104.713,355.0,551.0,232.0,323.0
104.719,363.0,563.0,235.0,310.0
104.725,374.0,573.0,237.0,298.0
104.732,385.0,583.0,242.0,286.0
104.739,394.0,594.0,246.0,275.0
104.745,409.0,602.0,251.0,265.0
104.751,419.0,613.0,258.0,256.0
104.758,435.0,622.0,265.0,247.0
104.764,450.0,630.0,273.0,239.0
104.770,462.0,637.0,282.0,233.0
104.777,478.0,643.0,292.0,228.0
104.784,492.0,649.0,302.0,225.0
104.790,510.0,655.0,316.0,221.0
104.796,524.0,659.0,330.0,218.0
104.803,538.0,664.0,344.0,217.0
104.809,558.0,668.0,359.0,215.0
104.816,573.0,671.0,370.0,216.0
104.822,588.0,673.0,385.0,216.0
104.829,605.0,675.0,403.0,215.0
104.835,622.0,676.0,420.0,216.0
104.841,637.0,677.0,434.0,222.0
104.848,649.0,677.0,449.0,225.0
104.854,668.0,676.0,471.0,231.0
104.861,681.0,675.0,493.0,237.0
104.867,690.0,673.0,512.0,245.0
104.874,704.0,671.0,535.0,251.0
104.880,715.0,668.0,554.0,259.0
104.886,725.0,664.0,571.0,271.0
104.893,736.0,661.0,583.0,283.0
104.899,746.0,656.0,599.0,295.0
104.906,753.0,650.0,612.0,307.0
104.912,763.0,646.0,626.0,321.0
104.919,767.0,638.0,636.0,335.0
104.925,774.0,632.0,647.0,353.0
104.931,780.0,624.0,659.0,373.0
104.938,784.0,616.0,671.0,395.0
104.945,788.0,609.0,683.0,419.0
104.951,792.0,598.0,692.0,444.0
104.957,794.0,590.0,701.0,469.0
104.964,795.0,580.0,707.0,494.0
104.970,797.0,570.0,714.0,519.0
104.976,797.0,560.0,719.0,542.0
104.983,796.0,549.0,722.0,566.0
104.990,797.0,538.0,727.0,588.0
104.996,795.0,529.0,729.0,610.0
105.002,792.0,517.0,730.0,632.0
105.009,790.0,505.0,732.0,654.0
105.015,788.0,494.0,732.0,676.0
105.021,782.0,482.0,731.0,698.0
105.029,779.0,470.0,731.0,717.0
105.035,774.0,458.0,729.0,736.0
105.041,766.0,447.0,726.0,752.0
105.047,757.0,436.0,722.0,768.0
105.054,752.0,426.0,719.0,781.0
105.060,744.0,415.0,713.0,794.0
105.066,732.0,403.0,703.0,806.0
105.074,722.0,393.0,695.0,816.0
105.080,712.0,383.0,681.0,826.0
105.086,698.0,373.0,668.0,832.0
105.092,683.0,363.0,657.0,836.0
105.099,670.0,355.0,649.0,837.0
105.105,657.0,347.0,638.0,839.0
105.111,638.0,338.0,624.0,840.0
105.119,622.0,332.0,606.0,841.0
105.125,606.0,324.0,588.0,841.0
105.131,587.0,319.0,573.0,841.0
105.137,569.0,313.0,557.0,841.0
105.144,550.0,308.0,540.0,840.0
105.150,532.0,303.0,521.0,840.0
105.157,513.0,300.0,501.0,837.0
105.164,492.0,296.0,483.0,835.0
105.170,475.0,294.0,467.0,831.0
105.176,456.0,292.0,450.0,824.0
105.182,436.0,290.0,432.0,817.0
105.189,418.0,289.0,415.0,807.0
105.195,406.0,289.0,399.0,796.0
105.202,388.0,289.0,382.0,782.0
105.208,371.0,290.0,367.0,767.0
105.215,358.0,291.0,353.0,750.0
105.221,348.0,293.0,339.0,732.0
105.227,330.0,295.0,327.0,713.0
105.234,319.0,298.0,317.0,692.0
105.240,308.0,301.0,306.0,670.0
105.247,299.0,304.0,297.0,647.0
105.253,290.0,309.0,289.0,623.0
105.260,279.0,315.0,282.0,598.0
105.266,272.0,320.0,274.0,571.0
105.272,265.0,326.0,268.0,542.0
105.279,259.0,334.0,263.0,512.0
105.286,253.0,342.0,259.0,483.0
105.292,248.0,351.0,256.0,454.0
105.298,242.0,359.0,253.0,428.0
105.305,239.0,370.0,251.0,402.0
105.311,236.0,380.0,251.0,378.0
105.317,234.0,392.0,250.0,356.0
105.324,231.0,404.0,251.0,337.0
105.331,229.0,414.0,252.0,316.0
105.337,230.0,427.0,256.0,298.0
105.343,230.0,441.0,258.0,280.0
105.350,230.0,454.0,262.0,266.0
105.356,231.0,467.0,268.0,250.0
105.362,233.0,482.0,274.0,238.0
105.370,236.0,497.0,281.0,226.0
105.376,239.0,513.0,290.0,219.0
105.382,243.0,527.0,299.0,212.0
105.388,248.0,544.0,309.0,208.0
105.395,253.0,559.0,321.0,204.0
105.401,261.0,572.0,333.0,202.0
105.407,266.0,589.0,344.0,201.0
105.415,275.0,606.0,359.0,199.0
105.421,285.0,620.0,377.0,199.0
105.427,297.0,632.0,397.0,198.0
105.433,303.0,647.0,412.0,200.0
105.440,314.0,659.0,429.0,199.0
105.446,329.0,671.0,450.0,200.0
105.452,341.0,682.0,474.0,202.0
105.460,353.0,692.0,499.0,201.0
105.466,367.0,702.0,520.0,204.0
105.472,380.0,710.0,539.0,205.0
105.478,395.0,718.0,556.0,211.0
105.485,414.0,724.0,571.0,217.0
105.491,427.0,730.0,587.0,225.0
105.498,444.0,736.0,602.0,235.0
105.505,456.0,740.0,618.0,246.0
105.511,476.0,745.0,633.0,260.0
105.517,489.0,748.0,648.0,275.0
105.523,504.0,751.0,663.0,294.0
105.530,517.0,752.0,676.0,313.0
105.536,535.0,755.0,689.0,334.0
105.543,552.0,756.0,698.0,355.0
105.550,564.0,756.0,708.0,377.0
105.556,577.0,756.0,717.0,399.0
105.562,591.0,756.0,724.0,421.0
105.568,605.0,754.0,730.0,444.0
105.575,615.0,753.0,736.0,466.0
105.581,625.0,750.0,740.0,491.0
105.588,638.0,747.0,743.0,519.0
105.595,646.0,743.0,745.0,545.0
105.601,656.0,738.0,751.0,571.0
105.607,663.0,732.0,756.0,595.0
105.613,673.0,726.0,759.0,620.0
105.620,681.0,718.0,761.0,643.0
105.627,686.0,710.0,760.0,665.0
105.633,694.0,700.0,759.0,687.0
105.640,698.0,690.0,758.0,704.0
105.646,703.0,679.0,755.0,720.0
105.652,707.0,667.0,753.0,735.0
105.658,710.0,655.0,748.0,749.0
105.665,713.0,643.0,742.0,761.0
105.672,715.0,629.0,733.0,774.0
105.678,716.0,615.0,723.0,784.0
105.685,718.0,601.0,718.0,792.0
105.691,718.0,587.0,708.0,801.0
105.697,718.0,570.0,691.0,807.0
105.703,717.0,556.0,672.0,816.0
105.710,716.0,540.0,652.0,818.0
105.717,713.0,525.0,633.0,824.0
105.723,712.0,511.0,620.0,825.0
105.730,708.0,495.0,605.0,825.0
105.736,705.0,479.0,590.0,827.0
105.742,701.0,465.0,581.0,824.0
105.748,697.0,448.0,583.0,821.0
105.756,691.0,434.0,564.0,820.0
105.762,685.0,419.0,540.0,817.0
105.768,679.0,406.0,519.0,815.0
105.775,671.0,392.0,499.0,809.0
105.781,665.0,377.0,472.0,804.0
105.787,657.0,366.0,441.0,801.0
105.793,649.0,354.0,414.0,797.0
105.801,638.0,343.0,398.0,790.0
105.807,628.0,329.0,383.0,782.0
105.813,620.0,318.0,370.0,772.0
105.820,610.0,310.0,357.0,763.0
105.826,599.0,300.0,346.0,747.0
105.832,589.0,290.0,337.0,728.0
105.838,576.0,281.0,324.0,709.0
105.846,566.0,275.0,309.0,692.0
105.852,553.0,270.0,298.0,672.0
105.858,543.0,264.0,289.0,651.0
105.865,528.0,259.0,277.0,635.0
105.871,518.0,254.0,266.0,626.0
105.877,504.0,249.0,258.0,607.0
105.884,495.0,246.0,252.0,588.0
105.891,482.0,243.0,247.0,569.0
105.897,471.0,240.0,243.0,550.0
105.903,459.0,239.0,240.0,527.0
105.910,447.0,237.0,237.0,506.0
105.916,434.0,236.0,233.0,483.0
105.922,426.0,236.0,231.0,457.0
105.929,418.0,237.0,230.0,434.0
105.936,407.0,236.0,229.0,409.0
105.942,394.0,237.0,228.0,388.0
105.948,384.0,238.0,229.0,371.0
105.955,378.0,240.0,230.0,355.0
105.961,370.0,242.0,229.0,342.0
105.968,360.0,245.0,231.0,330.0
105.974,349.0,248.0,232.0,317.0
105.981,342.0,251.0,237.0,303.0
105.987,335.0,257.0,241.0,289.0
105.993,330.0,262.0,247.0,275.0
106.000,325.0,267.0,250.0,265.0
106.006,318.0,274.0,256.0,257.0
106.013,312.0,280.0,262.0,249.0
106.019,308.0,288.0,271.0,240.0
106.026,305.0,297.0,280.0,234.0
106.032,301.0,306.0,289.0,228.0
106.038,299.0,315.0,300.0,224.0
106.045,296.0,325.0,311.0,221.0
106.051,293.0,335.0,322.0,220.0
106.058,292.0,346.0,336.0,218.0
106.064,292.0,358.0,346.0,218.0
106.071,291.0,369.0,364.0,216.0
106.077,291.0,381.0,382.0,215.0
106.083,291.0,392.0,398.0,216.0
106.090,292.0,404.0,416.0,217.0
106.097,294.0,418.0,432.0,219.0
106.103,296.0,429.0,445.0,224.0
106.109,300.0,442.0,463.0,229.0
106.116,303.0,454.0,484.0,236.0
106.122,306.0,468.0,500.0,244.0
106.128,310.0,480.0,524.0,251.0
106.135,316.0,491.0,547.0,257.0
106.142,321.0,505.0,566.0,266.0
106.148,327.0,518.0,581.0,278.0
106.154,336.0,529.0,594.0,290.0
106.161,342.0,543.0,607.0,304.0
106.167,352.0,554.0,621.0,317.0
106.173,361.0,565.0,633.0,332.0
106.181,374.0,575.0,644.0,348.0
106.187,387.0,587.0,657.0,368.0
106.193,397.0,597.0,669.0,387.0
106.199,410.0,607.0,679.0,411.0
106.206,426.0,616.0,689.0,434.0
106.212,440.0,626.0,697.0,457.0
106.218,454.0,633.0,705.0,482.0
106.226,469.0,640.0,710.0,505.0
106.232,484.0,646.0,717.0,529.0
106.238,503.0,653.0,721.0,552.0
106.244,518.0,658.0,725.0,575.0
106.251,535.0,663.0,727.0,597.0
106.257,553.0,666.0,730.0,620.0
106.263,569.0,670.0,730.0,642.0
106.271,587.0,672.0,732.0,665.0
106.277,604.0,675.0,730.0,687.0
106.283,620.0,676.0,731.0,707.0
106.289,636.0,676.0,731.0,725.0
106.296,650.0,676.0,729.0,743.0
106.302,667.0,676.0,726.0,759.0
106.309,680.0,675.0,720.0,774.0
106.316,694.0,673.0,716.0,788.0
106.322,704.0,671.0,708.0,801.0
106.328,716.0,668.0,698.0,811.0
106.334,729.0,665.0,687.0,822.0
106.341,737.0,660.0,677.0,829.0
106.347,746.0,655.0,665.0,833.0
106.354,756.0,649.0,657.0,836.0
106.361,763.0,644.0,646.0,838.0
106.367,768.0,637.0,633.0,839.0
106.373,775.0,631.0,618.0,840.0
106.379,780.0,623.0,602.0,841.0
106.386,783.0,615.0,586.0,841.0
106.392,789.0,607.0,570.0,842.0
106.399,792.0,599.0,555.0,841.0
106.406,794.0,589.0,536.0,840.0
106.412,795.0,579.0,518.0,839.0
106.418,795.0,570.0,498.0,837.0
106.424,797.0,562.0,481.0,834.0
106.431,796.0,549.0,464.0,829.0
106.438,796.0,538.0,447.0,823.0
106.444,795.0,528.0,426.0,814.0
106.451,793.0,517.0,408.0,803.0
106.457,791.0,505.0,392.0,790.0
106.463,786.0,494.0,374.0,775.0
106.469,783.0,484.0,360.0,759.0
106.476,779.0,472.0,345.0,739.0
106.483,773.0,460.0,331.0,719.0
106.489,767.0,449.0,319.0,699.0
106.496,760.0,438.0,308.0,675.0
106.502,753.0,428.0,299.0,652.0
106.508,744.0,416.0,290.0,627.0
106.514,735.0,406.0,283.0,603.0
106.522,723.0,395.0,276.0,577.0
106.528,713.0,385.0,270.0,551.0
106.534,699.0,374.0,266.0,526.0
106.541,686.0,366.0,261.0,500.0
106.547,672.0,356.0,257.0,473.0
106.553,659.0,350.0,255.0,447.0
106.559,642.0,340.0,252.0,421.0
106.567,624.0,333.0,251.0,397.0
106.573,608.0,328.0,251.0,375.0
106.579,589.0,320.0,251.0,352.0
106.586,570.0,314.0,251.0,333.0
106.592,551.0,309.0,253.0,314.0
106.598,537.0,305.0,256.0,292.0
106.604,518.0,302.0,260.0,274.0
106.612,496.0,297.0,264.0,258.0
106.618,479.0,296.0,271.0,245.0
106.624,461.0,292.0,278.0,231.0
106.631,441.0,292.0,287.0,222.0
106.637,422.0,290.0,299.0,211.0
106.643,404.0,289.0,307.0,207.0
106.650,387.0,290.0,316.0,206.0
106.657,372.0,290.0,327.0,203.0
106.663,357.0,291.0,342.0,201.0
106.669,344.0,293.0,354.0,200.0
106.676,328.0,295.0,368.0,199.0
106.682,315.0,298.0,383.0,199.0
106.688,305.0,302.0,400.0,198.0
106.695,297.0,306.0,412.0,199.0
106.702,286.0,312.0,429.0,200.0
106.708,275.0,316.0,452.0,200.0
106.714,269.0,323.0,474.0,201.0
106.721,262.0,330.0,498.0,201.0
106.727,256.0,337.0,521.0,203.0
106.733,250.0,346.0,540.0,207.0
106.740,245.0,354.0,556.0,210.0
106.747,240.0,363.0,572.0,218.0
106.753,237.0,374.0,589.0,226.0
106.759,235.0,385.0,600.0,238.0
106.766,233.0,396.0,615.0,252.0
106.772,230.0,407.0,632.0,266.0
106.779,230.0,419.0,649.0,284.0
106.785,229.0,432.0,663.0,303.0
106.792,230.0,447.0,680.0,321.0
106.798,231.0,458.0,692.0,341.0
106.804,231.0,472.0,703.0,364.0
106.811,234.0,486.0,713.0,387.0
106.817,237.0,499.0,721.0,410.0
106.824,240.0,515.0,728.0,434.0
106.830,243.0,529.0,735.0,457.0
106.837,247.0,544.0,739.0,480.0
106.843,254.0,558.0,744.0,503.0
106.849,261.0,572.0,747.0,528.0
106.855,266.0,588.0,751.0,555.0
106.862,275.0,602.0,754.0,581.0
106.869,284.0,616.0,758.0,605.0
106.875,294.0,629.0,760.0,629.0
106.882,300.0,642.0,760.0,652.0
106.888,312.0,654.0,760.0,673.0
106.894,327.0,667.0,758.0,693.0
106.901,338.0,677.0,755.0,711.0
106.908,351.0,688.0,755.0,724.0
106.914,365.0,698.0,752.0,739.0
106.920,379.0,707.0,747.0,752.0
106.927,391.0,715.0,738.0,766.0
106.933,408.0,722.0,726.0,778.0
106.939,428.0,728.0,720.0,788.0
106.946,441.0,734.0,715.0,794.0
106.953,452.0,739.0,704.0,803.0
106.959,470.0,743.0,689.0,809.0
106.965,487.0,748.0,665.0,818.0
106.972,503.0,750.0,643.0,822.0
106.978,515.0,753.0,627.0,824.0
106.984,531.0,754.0,612.0,826.0
106.990,550.0,756.0,601.0,826.0
106.998,562.0,755.0,587.0,825.0
107.004,576.0,757.0,576.0,825.0
107.010,591.0,753.0,573.0,821.0
107.017,603.0,754.0,554.0,820.0
107.023,613.0,752.0,534.0,815.0
107.029,625.0,749.0,514.0,813.0
107.036,636.0,745.0,495.0,807.0
107.043,646.0,742.0,474.0,802.0
107.049,657.0,736.0,447.0,799.0
107.055,666.0,729.0,420.0,796.0
107.062,673.0,724.0,400.0,789.0
107.068,681.0,717.0,384.0,779.0
107.074,686.0,709.0,374.0,768.0
107.081,694.0,699.0,361.0,756.0
107.088,699.0,687.0,353.0,738.0
107.094,704.0,677.0,349.0,714.0
107.100,707.0,665.0,331.0,698.0
107.107,710.0,654.0,316.0,682.0
107.113,713.0,641.0,305.0,660.0
107.120,715.0,627.0,294.0,643.0
107.126,716.0,614.0,281.0,627.0
107.133,718.0,598.0,269.0,620.0
107.139,718.0,586.0,259.0,609.0
107.145,718.0,569.0,252.0,589.0
107.152,715.0,556.0,247.0,567.0
107.158,715.0,540.0,245.0,544.0
107.165,713.0,525.0,243.0,521.0
107.171,711.0,511.0,240.0,503.0
107.178,708.0,495.0,236.0,481.0
107.184,706.0,480.0,233.0,458.0
107.190,701.0,464.0,229.0,436.0
107.197,697.0,450.0,226.0,415.0
107.203,691.0,436.0,228.0,391.0
107.210,686.0,422.0,229.0,374.0
107.216,681.0,409.0,230.0,358.0
107.223,674.0,396.0,228.0,345.0
107.229,667.0,382.0,230.0,330.0
107.235,660.0,370.0,232.0,316.0
107.242,653.0,356.0,236.0,302.0
107.249,644.0,345.0,239.0,291.0
107.255,634.0,333.0,244.0,279.0
107.261,625.0,322.0,249.0,268.0
107.268,617.0,314.0,255.0,259.0
107.274,607.0,305.0,263.0,248.0
107.280,596.0,296.0,272.0,239.0
107.287,585.0,288.0,281.0,234.0
107.294,574.0,281.0,292.0,228.0
107.300,564.0,275.0,303.0,224.0
107.306,550.0,269.0,319.0,221.0
107.313,537.0,262.0,330.0,219.0
107.319,525.0,257.0,346.0,216.0
107.325,513.0,252.0,358.0,215.0
107.333,502.0,248.0,373.0,216.0
107.339,489.0,245.0,388.0,216.0
107.345,478.0,242.0,406.0,216.0
107.351,464.0,240.0,419.0,218.0
107.358,451.0,237.0,436.0,221.0
107.364,440.0,236.0,450.0,226.0
107.370,429.0,236.0,465.0,233.0
107.378,421.0,236.0,485.0,239.0
107.384,410.0,237.0,505.0,246.0
107.390,400.0,237.0,526.0,253.0
107.396,386.0,238.0,550.0,260.0
107.403,378.0,239.0,570.0,269.0
107.409,369.0,241.0,584.0,280.0
107.415,362.0,245.0,598.0,293.0
107.423,352.0,247.0,610.0,306.0
107.429,343.0,251.0,623.0,320.0
107.435,336.0,256.0,635.0,335.0
107.441,331.0,261.0,648.0,353.0
107.448,325.0,266.0,660.0,373.0
107.454,319.0,274.0,672.0,395.0
107.461,314.0,282.0,684.0,419.0
107.468,308.0,289.0,693.0,444.0
107.474,304.0,296.0,701.0,468.0
107.480,303.0,307.0,708.0,493.0
107.486,299.0,316.0,713.0,517.0
107.493,296.0,327.0,719.0,540.0
107.499,294.0,338.0,724.0,563.0
107.506,291.0,350.0,727.0,586.0
107.513,292.0,362.0,729.0,607.0
107.519,291.0,374.0,731.0,628.0
107.525,292.0,384.0,732.0,649.0
107.531,292.0,397.0,732.0,670.0
107.538,294.0,410.0,732.0,691.0
107.544,295.0,423.0,732.0,710.0
107.551,298.0,433.0,730.0,729.0
107.558,301.0,446.0,727.0,745.0
107.564,303.0,459.0,726.0,761.0
107.570,308.0,471.0,721.0,774.0
107.576,311.0,482.0,717.0,786.0
107.583,317.0,494.0,710.0,798.0
107.590,323.0,507.0,702.0,808.0
107.596,329.0,519.0,691.0,819.0
107.603,336.0,531.0,678.0,828.0
107.609,344.0,543.0,667.0,833.0
107.615,352.0,554.0,657.0,835.0
107.621,363.0,564.0,649.0,837.0
107.628,372.0,574.0,639.0,838.0
107.635,385.0,585.0,625.0,839.0
107.641,395.0,596.0,607.0,841.0
107.648,406.0,605.0,587.0,842.0
107.654,420.0,614.0,568.0,842.0
107.660,436.0,623.0,552.0,841.0
107.666,451.0,631.0,535.0,840.0
107.674,465.0,638.0,517.0,839.0
107.680,481.0,645.0,498.0,837.0
107.686,498.0,652.0,480.0,834.0
107.693,516.0,657.0,462.0,829.0
107.699,529.0,662.0,445.0,823.0
107.705,548.0,666.0,428.0,814.0
107.711,565.0,670.0,411.0,804.0
107.719,582.0,672.0,394.0,792.0
107.725,597.0,674.0,377.0,778.0
107.731,616.0,676.0,363.0,762.0
107.738,632.0,676.0,349.0,744.0
107.744,645.0,675.0,336.0,726.0
107.750,667.0,676.0,324.0,706.0
107.756,680.0,675.0,313.0,684.0
107.764,691.0,673.0,303.0,661.0
107.770,702.0,671.0,294.0,637.0
107.776,716.0,668.0,286.0,612.0
107.783,728.0,664.0,278.0,584.0
107.789,736.0,659.0,272.0,555.0
107.795,747.0,654.0,265.0,524.0
107.802,756.0,648.0,261.0,495.0
107.809,764.0,643.0,257.0,465.0
107.815,770.0,636.0,254.0,436.0
107.821,777.0,630.0,252.0,410.0
107.828,782.0,621.0,251.0,385.0
107.834,785.0,613.0,251.0,362.0
107.840,790.0,604.0,251.0,340.0
107.847,793.0,594.0,253.0,321.0
107.854,795.0,585.0,254.0,304.0
107.860,796.0,574.0,257.0,287.0
107.866,797.0,563.0,260.0,272.0
107.873,797.0,554.0,265.0,257.0
107.879,797.0,543.0,271.0,244.0
107.885,795.0,532.0,277.0,233.0
107.892,794.0,521.0,285.0,222.0
107.899,791.0,510.0,293.0,215.0
107.905,789.0,498.0,303.0,210.0
107.911,785.0,487.0,314.0,205.0
107.918,781.0,477.0,325.0,204.0
107.924,775.0,465.0,336.0,201.0
107.931,771.0,454.0,348.0,200.0
107.937,763.0,443.0,363.0,200.0
107.944,756.0,432.0,384.0,198.0
107.950,750.0,422.0,402.0,199.0
107.956,741.0,412.0,419.0,198.0
107.963,731.0,401.0,434.0,199.0
107.969,721.0,391.0,459.0,201.0
107.976,709.0,381.0,478.0,201.0
107.982,696.0,372.0,504.0,201.0
107.989,685.0,363.0,525.0,203.0
107.995,670.0,354.0,542.0,206.0
108.001,654.0,346.0,559.0,211.0
108.008,634.0,338.0,572.0,219.0
108.014,620.0,331.0,585.0,230.0
108.021,604.0,325.0,604.0,239.0
108.027,584.0,318.0,620.0,250.0
108.034,563.0,312.0,636.0,265.0
108.040,547.0,308.0,652.0,284.0
108.046,533.0,304.0,666.0,303.0
108.053,513.0,301.0,681.0,322.0
108.060,488.0,296.0,692.0,343.0
108.066,474.0,294.0,703.0,364.0
108.072,454.0,292.0,712.0,387.0
108.079,437.0,291.0,721.0,411.0
108.085,418.0,289.0,728.0,434.0
108.091,403.0,289.0,734.0,457.0
108.097,384.0,289.0,739.0,480.0
108.105,369.0,290.0,741.0,505.0
108.111,357.0,291.0,746.0,532.0
108.117,340.0,293.0,747.0,558.0
108.124,326.0,296.0,751.0,585.0
108.130,314.0,299.0,754.0,609.0
108.136,304.0,303.0,758.0,633.0
108.142,293.0,307.0,761.0,655.0
108.150,283.0,312.0,762.0,676.0
108.156,273.0,319.0,760.0,697.0
108.162,268.0,326.0,755.0,716.0
108.169,260.0,333.0,750.0,732.0
108.175,253.0,341.0,746.0,746.0
108.181,248.0,349.0,742.0,758.0
108.188,243.0,359.0,737.0,768.0
108.195,240.0,369.0,728.0,780.0
108.201,236.0,379.0,714.0,792.0
108.207,234.0,390.0,703.0,800.0
108.214,231.0,402.0,692.0,807.0
108.220,230.0,414.0,680.0,812.0
108.226,229.0,427.0,662.0,818.0
108.233,230.0,439.0,641.0,823.0
108.240,230.0,452.0,623.0,826.0
108.246,231.0,466.0,608.0,827.0
108.252,232.0,481.0,594.0,827.0
108.259,235.0,495.0,581.0,826.0
108.265,239.0,510.0,576.0,824.0
108.272,243.0,524.0,571.0,821.0
108.278,246.0,540.0,551.0,819.0
108.285,252.0,554.0,531.0,816.0
108.291,259.0,569.0,508.0,813.0
108.297,264.0,582.0,486.0,809.0
108.304,269.0,598.0,459.0,805.0
108.310,279.0,611.0,426.0,802.0
108.317,291.0,624.0,409.0,796.0
108.323,297.0,638.0,393.0,787.0
108.330,307.0,650.0,379.0,777.0
108.336,320.0,662.0,365.0,765.0
108.342,333.0,673.0,352.0,750.0
108.349,343.0,683.0,346.0,728.0
108.355,358.0,693.0,338.0,706.0
108.362,373.0,703.0,323.0,691.0
108.368,385.0,710.0,312.0,671.0
108.375,395.0,717.0,303.0,649.0
108.381,415.0,724.0,294.0,629.0
108.387,429.0,730.0,281.0,613.0
108.394,443.0,735.0,266.0,605.0
108.401,460.0,741.0,257.0,594.0
108.407,478.0,745.0,250.0,579.0
108.413,492.0,748.0,245.0,557.0
108.420,501.0,750.0,240.0,539.0
108.426,518.0,753.0,237.0,515.0
108.432,535.0,755.0,233.0,493.0
108.439,552.0,756.0,232.0,468.0
108.446,564.0,756.0,231.0,442.0
108.452,577.0,756.0,230.0,420.0
108.458,591.0,756.0,229.0,404.0
108.465,603.0,753.0,229.0,385.0
108.471,615.0,752.0,229.0,368.0
108.477,628.0,750.0,229.0,353.0
108.485,638.0,746.0,229.0,341.0
108.491,648.0,741.0,231.0,326.0
108.497,656.0,737.0,234.0,312.0
108.503,665.0,730.0,238.0,298.0
108.510,675.0,724.0,242.0,287.0
108.516,683.0,716.0,246.0,275.0
108.522,688.0,706.0,252.0,265.0
108.530,694.0,697.0,257.0,257.0
108.536,700.0,686.0,263.0,249.0
108.542,705.0,676.0,272.0,241.0
108.548,708.0,663.0,281.0,235.0
108.555,710.0,651.0,291.0,229.0
108.561,712.0,638.0,302.0,225.0
108.567,714.0,625.0,313.0,222.0
108.575,716.0,611.0,331.0,218.0
108.581,717.0,596.0,342.0,217.0
108.587,716.0,582.0,357.0,216.0
108.593,716.0,566.0,373.0,215.0
108.600,716.0,551.0,390.0,215.0
108.606,714.0,534.0,407.0,216.0
108.613,713.0,522.0,423.0,217.0
108.620,710.0,508.0,435.0,220.0
108.626,708.0,492.0,449.0,225.0
108.632,704.0,479.0,467.0,230.0
108.638,700.0,463.0,493.0,236.0
108.645,695.0,450.0,513.0,242.0
108.651,688.0,436.0,534.0,251.0
108.658,684.0,420.0,553.0,260.0
108.665,679.0,407.0,571.0,271.0
108.671,672.0,393.0,586.0,282.0
108.677,664.0,379.0,599.0,296.0
108.683,657.0,367.0,614.0,309.0
108.690,651.0,353.0,627.0,323.0
108.696,641.0,342.0,639.0,337.0
108.703,633.0,330.0,649.0,355.0
108.710,623.0,321.0,656.0,378.0
108.716,614.0,311.0,669.0,397.0
108.722,606.0,303.0,682.0,418.0
108.728,596.0,294.0,692.0,443.0
108.735,584.0,287.0,702.0,469.0
108.742,573.0,279.0,709.0,494.0
108.748,561.0,272.0,715.0,521.0
108.755,550.0,268.0,720.0,545.0
108.761,539.0,261.0,724.0,570.0
108.767,524.0,257.0,726.0,593.0
108.773,514.0,252.0,729.0,614.0
108.780,503.0,248.0,732.0,636.0
108.787,491.0,245.0,733.0,656.0
108.793,480.0,242.0,733.0,675.0
108.800,467.0,240.0,732.0,695.0
108.806,454.0,238.0,731.0,714.0
108.812,438.0,237.0,727.0,735.0
108.818,430.0,236.0,725.0,752.0
108.826,421.0,236.0,722.0,767.0
108.832,409.0,236.0,720.0,778.0
108.838,397.0,236.0,715.0,790.0
108.845,386.0,237.0,709.0,800.0
108.851,378.0,239.0,701.0,811.0
108.857,369.0,243.0,690.0,821.0
108.863,360.0,245.0,675.0,830.0
108.871,350.0,248.0,660.0,836.0
108.877,342.0,253.0,650.0,838.0
108.883,335.0,257.0,640.0,838.0
108.890,329.0,263.0,632.0,839.0
108.896,322.0,269.0,618.0,839.0
108.902,317.0,277.0,601.0,841.0
108.908,311.0,283.0,581.0,841.0
108.916,307.0,292.0,565.0,841.0
108.922,304.0,301.0,550.0,841.0
108.928,301.0,310.0,535.0,840.0
108.935,298.0,321.0,517.0,838.0
108.941,296.0,333.0,498.0,837.0
108.947,293.0,344.0,481.0,834.0
108.954,292.0,356.0,465.0,830.0
108.961,292.0,367.0,447.0,824.0
108.967,293.0,379.0,430.0,815.0
108.973,292.0,390.0,412.0,805.0
108.980,294.0,403.0,394.0,792.0
108.986,295.0,416.0,378.0,778.0
108.992,297.0,427.0,362.0,762.0
108.999,299.0,441.0,348.0,744.0
109.006,305.0,453.0,335.0,725.0
109.012,307.0,467.0,322.0,705.0
109.018,311.0,479.0,312.0,682.0
109.025,316.0,491.0,301.0,659.0
109.031,322.0,504.0,293.0,636.0
109.037,328.0,515.0,286.0,611.0
109.044,335.0,528.0,279.0,586.0
109.051,342.0,540.0,273.0,562.0
109.057,350.0,552.0,267.0,535.0
109.063,359.0,563.0,262.0,508.0
109.070,371.0,572.0,258.0,481.0
109.076,381.0,582.0,255.0,455.0
109.083,392.0,594.0,253.0,428.0
109.089,404.0,602.0,252.0,404.0
109.096,416.0,613.0,251.0,381.0
109.102,433.0,621.0,250.0,359.0
109.108,444.0,630.0,251.0,339.0
109.115,457.0,636.0,252.0,318.0
109.121,474.0,642.0,256.0,299.0
109.128,490.0,649.0,258.0,280.0
109.134,506.0,655.0,263.0,265.0
109.141,520.0,660.0,269.0,249.0
109.147,537.0,664.0,275.0,238.0
109.153,554.0,668.0,283.0,225.0
109.160,573.0,671.0,291.0,217.0
109.166,586.0,673.0,299.0,211.0
109.173,607.0,675.0,310.0,207.0
109.179,621.0,676.0,321.0,204.0
109.186,635.0,677.0,334.0,203.0
109.192,651.0,677.0,345.0,201.0
109.198,670.0,676.0,358.0,201.0
109.205,685.0,675.0,377.0,198.0
109.212,692.0,673.0,397.0,199.0
109.218,706.0,671.0,414.0,198.0
109.224,719.0,668.0,432.0,199.0
109.231,727.0,664.0,453.0,199.0
109.237,737.0,659.0,473.0,200.0
109.243,750.0,655.0,495.0,202.0
109.250,757.0,649.0,517.0,203.0
109.257,764.0,642.0,536.0,205.0
109.263,770.0,635.0,553.0,209.0
109.269,778.0,629.0,569.0,216.0
109.276,782.0,621.0,584.0,223.0
109.282,785.0,611.0,599.0,234.0
109.288,790.0,604.0,615.0,244.0
109.296,794.0,595.0,630.0,257.0
109.302,795.0,585.0,645.0,274.0
109.308,796.0,574.0,660.0,291.0
109.314,797.0,564.0,676.0,311.0
109.321,797.0,554.0,688.0,333.0
109.327,796.0,542.0,700.0,355.0
109.333,795.0,530.0,710.0,379.0
109.341,794.0,520.0,718.0,402.0
109.347,791.0,507.0,725.0,426.0
109.353,788.0,496.0,732.0,450.0
109.359,784.0,484.0,738.0,473.0
109.366,780.0,472.0,743.0,497.0
109.372,774.0,461.0,746.0,522.0
109.378,767.0,448.0,748.0,548.0
109.386,758.0,437.0,751.0,576.0
109.392,752.0,427.0,753.0,599.0
109.398,746.0,416.0,756.0,624.0
109.404,737.0,406.0,759.0,645.0
109.411,723.0,395.0,762.0,665.0
109.417,713.0,385.0,761.0,686.0
109.424,701.0,375.0,757.0,705.0
109.431,688.0,366.0,754.0,722.0
109.437,675.0,358.0,748.0,739.0
109.443,663.0,351.0,745.0,751.0
109.449,647.0,342.0,740.0,763.0
109.456,628.0,334.0,731.0,775.0
109.462,614.0,328.0,721.0,785.0
109.469,599.0,322.0,715.0,794.0
109.476,579.0,316.0,706.0,801.0
109.482,560.0,311.0,689.0,810.0
109.488,544.0,307.0,673.0,815.0
109.494,527.0,303.0,648.0,821.0
109.501,508.0,299.0,628.0,825.0
109.507,489.0,296.0,615.0,826.0
109.514,472.0,293.0,602.0,826.0
109.521,454.0,291.0,588.0,826.0
109.527,435.0,290.0,575.0,826.0
109.533,418.0,289.0,565.0,823.0
109.539,405.0,289.0,548.0,821.0
109.546,385.0,289.0,526.0,818.0
109.553,371.0,290.0,509.0,815.0
109.559,359.0,291.0,487.0,810.0
109.566,343.0,293.0,457.0,808.0
109.572,327.0,295.0,432.0,805.0
109.578,315.0,299.0,414.0,798.0
109.584,307.0,301.0,399.0,790.0
109.591,297.0,306.0,385.0,782.0
109.598,284.0,310.0,369.0,772.0
109.604,277.0,316.0,355.0,761.0
109.611,269.0,323.0,344.0,741.0
109.617,261.0,330.0,335.0,721.0
109.623,255.0,339.0,326.0,698.0
109.629,250.0,346.0,315.0,676.0
109.637,245.0,356.0,301.0,656.0
109.643,240.0,366.0,288.0,639.0
109.649,237.0,375.0,277.0,621.0
109.656,235.0,388.0,264.0,614.0
109.662,233.0,399.0,257.0,602.0
109.668,231.0,413.0,250.0,581.0
109.674,231.0,424.0,246.0,562.0
109.682,230.0,438.0,240.0,539.0
109.688,230.0,452.0,238.0,513.0
109.694,231.0,465.0,234.0,492.0
109.701,233.0,479.0,233.0,466.0
109.707,236.0,495.0,234.0,438.0
109.713,238.0,510.0,231.0,418.0
109.719,242.0,524.0,229.0,399.0
109.727,246.0,539.0,231.0,379.0
109.733,252.0,554.0,230.0,360.0
109.739,257.0,569.0,231.0,349.0
109.746,263.0,584.0,231.0,335.0
109.752,270.0,598.0,232.0,323.0
109.758,280.0,612.0,235.0,309.0
109.765,289.0,624.0,238.0,297.0
109.772,296.0,637.0,242.0,284.0
109.778,306.0,650.0,246.0,274.0
109.784,318.0,662.0,250.0,265.0
109.791,334.0,673.0,258.0,256.0
109.797,344.0,683.0,265.0,245.0
109.803,356.0,693.0,275.0,239.0
109.810,371.0,703.0,282.0,233.0
109.817,386.0,710.0,293.0,228.0
109.823,398.0,717.0,304.0,225.0
109.829,415.0,724.0,317.0,221.0
109.836,431.0,731.0,331.0,218.0
109.842,444.0,735.0,344.0,216.0
109.848,454.0,740.0,361.0,215.0
109.855,472.0,744.0,375.0,215.0
109.862,490.0,748.0,390.0,215.0
109.868,503.0,750.0,409.0,215.0
109.874,517.0,753.0,424.0,217.0
109.881,533.0,754.0,437.0,221.0
109.887,550.0,756.0,451.0,225.0
109.894,561.0,756.0,467.0,230.0
109.900,576.0,757.0,491.0,236.0
109.907,589.0,756.0,512.0,243.0
109.913,600.0,755.0,532.0,251.0
109.919,611.0,753.0,552.0,260.0
109.926,623.0,750.0,570.0,271.0
109.932,637.0,748.0,586.0,283.0
109.939,647.0,744.0,600.0,295.0
109.945,656.0,738.0,614.0,309.0
109.952,666.0,732.0,626.0,323.0
109.958,674.0,726.0,639.0,338.0
109.964,681.0,718.0,648.0,353.0
109.971,688.0,711.0,657.0,374.0
109.978,691.0,701.0,667.0,394.0
109.984,699.0,690.0,680.0,416.0
109.990,703.0,681.0,690.0,440.0
109.997,706.0,668.0,700.0,465.0
110.003,709.0,655.0,707.0,491.0
110.009,713.0,642.0,712.0,516.0
110.016,714.0,626.0,719.0,542.0
110.023,716.0,613.0,721.0,565.0
110.029,718.0,596.0,727.0,589.0
110.035,718.0,581.0,730.0,611.0
110.042,716.0,565.0,731.0,633.0
110.048,716.0,549.0,731.0,653.0
110.054,715.0,534.0,733.0,674.0
110.061,713.0,518.0,731.0,694.0
110.068,710.0,503.0,731.0,715.0
110.074,706.0,487.0,727.0,733.0
110.080,703.0,471.0,727.0,750.0
110.087,698.0,456.0,723.0,765.0
110.093,692.0,442.0,719.0,777.0
110.099,687.0,427.0,716.0,790.0
110.107,679.0,414.0,709.0,800.0
110.113,675.0,399.0,701.0,811.0
110.119,665.0,385.0,688.0,821.0
110.125,661.0,371.0,674.0,830.0
110.132,651.0,359.0,661.0,835.0
110.138,643.0,350.0,652.0,838.0
110.144,633.0,335.0,642.0,838.0
110.152,624.0,324.0,633.0,839.0
110.158,615.0,314.0,618.0,840.0
110.164,606.0,305.0,597.0,841.0
110.170,595.0,296.0,575.0,842.0
110.177,584.0,287.0,558.0,842.0
110.183,572.0,280.0,542.0,841.0
110.189,561.0,273.0,525.0,839.0
110.197,549.0,269.0,507.0,837.0
110.203,539.0,262.0,486.0,835.0
110.209,524.0,257.0,468.0,832.0
110.215,514.0,253.0,452.0,826.0
110.222,501.0,249.0,436.0,818.0
110.228,491.0,245.0,419.0,810.0
110.235,478.0,243.0,403.0,800.0
110.242,468.0,240.0,388.0,788.0
110.248,455.0,239.0,375.0,775.0
110.254,444.0,237.0,361.0,760.0
110.260,434.0,236.0,348.0,745.0
110.267,427.0,236.0,336.0,727.0
110.273,415.0,236.0,324.0,708.0
110.280,404.0,236.0,314.0,687.0
110.287,392.0,237.0,304.0,666.0
110.293,383.0,238.0,296.0,643.0
110.299,375.0,240.0,288.0,618.0
110.305,366.0,243.0,280.0,590.0
110.312,357.0,245.0,272.0,563.0
110.318,348.0,248.0,266.0,534.0
110.325,342.0,254.0,261.0,505.0
110.331,334.0,259.0,258.0,477.0
110.338,327.0,263.0,254.0,450.0
110.344,322.0,270.0,254.0,424.0
110.350,316.0,276.0,251.0,400.0
110.357,312.0,284.0,251.0,377.0
110.364,306.0,292.0,251.0,355.0
110.370,304.0,301.0,252.0,336.0
110.376,301.0,311.0,253.0,317.0
110.383,298.0,322.0,256.0,297.0
110.389,294.0,333.0,259.0,280.0
110.395,293.0,344.0,263.0,265.0
110.402,292.0,357.0,268.0,249.0
110.409,291.0,370.0,275.0,236.0
110.415,291.0,382.0,283.0,226.0
110.421,292.0,394.0,291.0,218.0
110.428,293.0,407.0,299.0,211.0
110.434,294.0,420.0,310.0,206.0
110.440,297.0,432.0,322.0,204.0
110.448,301.0,446.0,334.0,202.0
110.454,304.0,460.0,344.0,200.0
110.460,308.0,472.0,356.0,200.0
110.466,312.0,484.0,373.0,200.0
110.473,319.0,496.0,394.0,198.0
110.479,324.0,510.0,409.0,199.0
110.485,331.0,522.0,424.0,199.0
110.493,338.0,534.0,447.0,200.0
110.499,349.0,545.0,470.0,200.0
110.505,358.0,557.0,496.0,202.0
110.511,368.0,567.0,519.0,202.0
110.518,379.0,578.0,538.0,206.0
110.524,391.0,589.0,556.0,210.0
110.530,401.0,599.0,572.0,217.0
110.538,413.0,609.0,588.0,227.0
110.544,430.0,617.0,605.0,236.0
110.550,443.0,627.0,619.0,246.0
110.556,458.0,634.0,633.0,259.0
110.563,471.0,641.0,644.0,273.0
110.569,486.0,647.0,659.0,289.0
110.576,503.0,653.0,671.0,307.0
110.583,519.0,658.0,685.0,327.0
110.589,533.0,663.0,695.0,348.0
110.595,552.0,667.0,706.0,369.0
110.601,567.0,670.0,714.0,392.0
110.608,585.0,672.0,722.0,414.0
110.614,600.0,674.0,727.0,438.0
110.621,619.0,676.0,735.0,461.0
110.628,633.0,676.0,739.0,488.0
110.634,645.0,677.0,743.0,515.0
110.640,665.0,676.0,747.0,543.0
110.646,676.0,675.0,752.0,568.0
110.653,689.0,674.0,757.0,593.0
110.659,700.0,672.0,757.0,617.0
110.666,713.0,669.0,760.0,641.0
110.673,724.0,665.0,760.0,664.0
110.679,733.0,661.0,759.0,684.0
110.685,742.0,656.0,757.0,701.0
110.691,754.0,652.0,756.0,718.0
110.698,759.0,645.0,751.0,733.0
110.705,767.0,639.0,748.0,746.0
110.711,775.0,633.0,739.0,760.0
110.718,778.0,625.0,729.0,774.0
110.724,783.0,617.0,723.0,783.0
110.730,788.0,609.0,719.0,792.0
110.736,792.0,599.0,710.0,800.0
110.743,794.0,591.0,692.0,808.0
110.750,795.0,580.0,674.0,814.0
110.756,795.0,570.0,657.0,818.0
110.763,797.0,561.0,640.0,823.0
110.769,797.0,551.0,625.0,825.0
110.775,796.0,539.0,611.0,825.0
110.781,795.0,528.0,594.0,825.0
110.789,794.0,517.0,586.0,825.0
110.795,790.0,505.0,581.0,821.0
110.801,787.0,495.0,562.0,820.0
110.808,782.0,482.0,539.0,818.0
110.814,779.0,471.0,520.0,814.0
110.820,773.0,459.0,500.0,810.0
110.826,767.0,447.0,474.0,805.0
110.834,758.0,436.0,443.0,805.0
110.840,751.0,425.0,420.0,799.0
110.846,742.0,413.0,402.0,792.0
110.853,733.0,403.0,385.0,782.0
110.859,721.0,392.0,369.0,772.0
110.865,710.0,383.0,354.0,761.0
110.871,696.0,372.0,342.0,749.0
110.879,682.0,363.0,332.0,732.0
110.885,669.0,354.0,322.0,711.0
110.891,656.0,347.0,310.0,693.0
110.898,637.0,338.0,299.0,672.0
110.904,620.0,332.0,288.0,653.0
110.910,603.0,324.0,276.0,639.0
110.917,585.0,318.0,264.0,626.0
110.924,566.0,312.0,257.0,606.0
110.930,549.0,308.0,252.0,586.0
110.936,533.0,304.0,246.0,566.0
110.943,512.0,300.0,242.0,547.0
110.949,492.0,298.0,238.0,526.0
110.955,476.0,294.0,235.0,504.0
110.962,457.0,292.0,232.0,479.0
110.969,437.0,290.0,231.0,454.0
110.975,419.0,290.0,230.0,428.0
110.981,407.0,289.0,228.0,404.0
110.988,390.0,289.0,229.0,383.0
110.994,372.0,290.0,228.0,365.0
111.000,360.0,291.0,229.0,350.0
111.007,350.0,292.0,230.0,337.0
111.014,332.0,294.0,230.0,326.0
111.020,322.0,297.0,233.0,312.0
111.026,311.0,300.0,237.0,299.0
111.033,300.0,304.0,241.0,285.0
111.039,291.0,308.0,248.0,272.0
111.046,282.0,313.0,252.0,264.0
111.052,274.0,318.0,259.0,254.0
111.059,266.0,325.0,266.0,245.0
111.065,260.0,331.0,274.0,238.0
111.071,254.0,340.0,285.0,232.0
111.078,248.0,346.0,295.0,226.0
111.084,245.0,356.0,306.0,222.0
111.091,240.0,365.0,318.0,220.0
111.097,237.0,375.0,330.0,219.0
111.104,235.0,386.0,345.0,218.0
111.110,232.0,397.0,358.0,217.0
111.116,231.0,408.0,376.0,216.0
111.122,230.0,421.0,394.0,217.0
111.130,229.0,433.0,414.0,215.0
111.136,230.0,447.0,428.0,219.0
111.142,230.0,460.0,440.0,223.0
111.149,232.0,473.0,450.0,230.0
111.155,234.0,489.0,473.0,235.0
111.161,237.0,503.0,496.0,243.0
111.167,241.0,519.0,517.0,251.0
111.175,245.0,534.0,542.0,258.0
111.181,250.0,549.0,563.0,266.0
111.187,257.0,564.0,580.0,277.0
111.194,262.0,580.0,594.0,289.0
111.200,269.0,596.0,605.0,303.0
111.206,278.0,610.0,619.0,317.0
111.212,291.0,625.0,632.0,331.0
111.220,297.0,637.0,643.0,345.0
111.226,307.0,651.0,655.0,365.0
111.232,321.0,663.0,666.0,384.0
111.239,333.0,675.0,677.0,407.0
111.245,345.0,685.0,688.0,430.0
111.251,358.0,695.0,697.0,453.0
111.258,370.0,705.0,703.0,478.0
111.265,385.0,712.0,710.0,502.0
111.271,399.0,720.0,715.0,526.0
111.277,419.0,726.0,720.0,549.0
111.284,431.0,732.0,724.0,571.0
111.290,449.0,737.0,727.0,594.0
111.296,463.0,743.0,729.0,617.0
111.303,482.0,746.0,730.0,638.0
111.310,497.0,749.0,731.0,661.0
111.316,507.0,751.0,732.0,683.0
111.322,521.0,752.0,732.0,702.0
111.329,538.0,755.0,731.0,722.0
111.335,556.0,756.0,730.0,738.0
111.341,566.0,756.0,727.0,756.0
111.348,576.0,755.0,722.0,771.0
111.355,594.0,756.0,715.0,787.0
111.361,607.0,753.0,708.0,798.0
111.367,618.0,751.0,700.0,810.0
111.374,631.0,748.0,690.0,818.0
111.380,642.0,745.0,680.0,827.0
111.387,651.0,739.0,670.0,830.0
111.393,660.0,735.0,660.0,835.0
111.400,671.0,729.0,649.0,837.0
111.406,678.0,722.0,635.0,839.0
111.412,684.0,714.0,621.0,840.0
111.419,689.0,705.0,606.0,841.0
111.425,695.0,694.0,590.0,840.0
111.432,700.0,685.0,575.0,841.0
111.438,705.0,673.0,559.0,841.0
111.445,709.0,662.0,542.0,840.0
111.451,712.0,648.0,524.0,839.0
111.457,714.0,636.0,505.0,838.0
111.464,716.0,622.0,488.0,836.0
111.470,718.0,607.0,470.0,831.0
111.477,719.0,593.0,453.0,825.0
111.483,718.0,575.0,433.0,817.0
111.490,715.0,564.0,415.0,806.0
111.496,716.0,545.0,396.0,793.0
111.502,714.0,530.0,379.0,780.0
111.509,712.0,515.0,363.0,763.0
111.516,709.0,499.0,349.0,746.0
111.522,706.0,483.0,336.0,726.0
111.528,702.0,468.0,324.0,705.0
111.535,698.0,452.0,312.0,684.0
111.541,692.0,438.0,303.0,660.0
111.547,687.0,422.0,293.0,637.0
111.554,680.0,409.0,285.0,611.0
111.561,673.0,395.0,278.0,586.0
111.567,666.0,379.0,272.0,561.0
111.573,657.0,368.0,267.0,536.0
111.580,651.0,353.0,263.0,510.0
111.586,639.0,341.0,259.0,484.0
111.592,630.0,330.0,256.0,458.0
111.600,621.0,319.0,254.0,433.0
111.606,613.0,311.0,253.0,408.0
111.612,602.0,301.0,250.0,385.0
111.618,590.0,292.0,251.0,362.0
111.625,578.0,283.0,251.0,341.0
111.631,567.0,276.0,253.0,322.0
111.637,554.0,270.0,255.0,303.0
111.645,543.0,263.0,258.0,283.0
111.651,528.0,259.0,262.0,266.0
111.657,516.0,254.0,268.0,252.0
111.663,505.0,250.0,274.0,240.0
111.670,495.0,246.0,282.0,227.0
111.676,483.0,243.0,291.0,218.0
111.682,471.0,242.0,301.0,210.0
111.690,459.0,239.0,312.0,206.0
111.696,446.0,237.0,322.0,204.0
111.702,434.0,237.0,332.0,202.0
111.708,426.0,236.0,345.0,201.0
111.715,416.0,235.0,360.0,202.0
111.721,404.0,237.0,374.0,199.0
111.728,391.0,237.0,388.0,198.0
111.735,382.0,238.0,406.0,198.0
111.741,375.0,240.0,418.0,199.0
111.747,366.0,242.0,434.0,199.0
111.753,357.0,245.0,457.0,200.0
111.760,348.0,248.0,481.0,202.0
111.766,341.0,252.0,502.0,202.0
111.773,334.0,258.0,524.0,203.0
111.780,329.0,263.0,543.0,206.0
111.786,323.0,268.0,560.0,211.0
111.792,317.0,276.0,575.0,219.0
111.798,311.0,282.0,590.0,228.0
111.805,308.0,291.0,603.0,241.0
111.811,304.0,298.0,617.0,252.0
111.818,302.0,308.0,634.0,267.0
111.825,299.0,317.0,650.0,284.0
111.831,295.0,328.0,664.0,302.0
111.837,293.0,338.0,680.0,318.0
111.843,292.0,350.0,690.0,339.0
111.850,292.0,360.0,702.0,361.0
111.857,291.0,373.0,710.0,384.0
111.863,291.0,384.0,720.0,406.0
111.870,292.0,396.0,725.0,429.0
111.876,294.0,408.0,733.0,451.0
111.882,295.0,421.0,736.0,474.0
111.888,296.0,435.0,742.0,501.0
111.895,301.0,445.0,745.0,526.0
111.902,304.0,459.0,751.0,551.0
111.908,308.0,471.0,754.0,577.0
111.915,312.0,484.0,758.0,604.0
111.921,318.0,496.0,758.0,628.0
111.927,324.0,510.0,760.0,652.0
111.933,330.0,522.0,760.0,672.0
111.941,337.0,536.0,760.0,691.0
111.947,347.0,547.0,758.0,708.0
111.953,355.0,559.0,756.0,724.0
111.960,367.0,568.0,752.0,738.0
111.966,379.0,580.0,747.0,751.0
111.972,389.0,592.0,739.0,764.0
111.978,402.0,601.0,731.0,775.0
111.986,415.0,612.0,724.0,786.0
111.992,431.0,620.0,715.0,795.0
111.998,444.0,629.0,705.0,803.0
112.005,459.0,637.0,686.0,810.0
112.011,474.0,642.0,666.0,817.0
112.017,489.0,650.0,645.0,821.0
112.023,507.0,655.0,629.0,824.0
112.031,523.0,660.0,615.0,826.0
112.037,541.0,664.0,601.0,827.0
112.043,562.0,669.0,590.0,826.0
112.050,577.0,671.0,579.0,826.0
112.056,592.0,674.0,577.0,821.0
112.062,613.0,676.0,558.0,820.0
112.069,627.0,677.0,538.0,817.0
112.076,641.0,677.0,519.0,814.0
112.082,658.0,676.0,499.0,809.0
112.088,673.0,676.0,479.0,804.0
112.095,687.0,674.0,453.0,800.0
112.101,697.0,672.0,427.0,795.0
112.107,707.0,669.0,403.0,792.0
112.114,723.0,667.0,387.0,783.0
112.121,732.0,662.0,378.0,769.0
112.127,740.0,658.0,362.0,759.0
112.133,750.0,653.0,353.0,741.0
112.140,758.0,648.0,349.0,717.0
112.146,764.0,641.0,333.0,699.0
112.152,771.0,635.0,317.0,684.0
112.159,777.0,627.0,306.0,662.0
112.166,782.0,621.0,295.0,645.0
112.172,785.0,612.0,282.0,630.0
112.178,790.0,602.0,268.0,622.0
112.185,793.0,595.0,259.0,611.0
112.191,794.0,585.0,253.0,591.0
112.198,796.0,576.0,247.0,570.0
112.204,797.0,566.0,242.0,548.0
112.211,798.0,557.0,240.0,526.0
112.217,797.0,545.0,236.0,506.0
112.223,796.0,536.0,234.0,485.0
112.230,795.0,524.0,232.0,459.0
112.236,793.0,514.0,229.0,437.0
112.243,790.0,501.0,227.0,416.0
112.249,787.0,492.0,228.0,392.0
112.256,782.0,480.0,228.0,372.0
112.262,778.0,469.0,228.0,355.0
112.268,773.0,458.0,228.0,342.0
112.275,765.0,446.0,230.0,327.0
112.282,759.0,435.0,234.0,313.0
112.288,753.0,425.0,236.0,300.0
112.294,744.0,415.0,240.0,289.0
112.301,733.0,404.0,245.0,277.0
112.307,722.0,394.0,252.0,265.0
112.313,712.0,384.0,256.0,257.0
112.320,700.0,374.0,265.0,248.0
112.327,685.0,365.0,273.0,240.0
112.333,672.0,356.0,282.0,233.0
112.339,659.0,348.0,294.0,228.0
112.346,642.0,340.0,306.0,224.0
112.352,625.0,332.0,321.0,220.0
112.358,609.0,326.0,334.0,217.0
112.365,590.0,320.0,349.0,215.0
112.372,572.0,315.0,362.0,215.0
112.378,555.0,309.0,377.0,214.0
112.384,539.0,305.0,392.0,216.0
112.391,518.0,301.0,407.0,216.0
112.397,499.0,298.0,423.0,219.0
112.403,480.0,296.0,439.0,223.0
112.411,462.0,292.0,454.0,227.0
112.417,442.0,290.0,473.0,233.0
112.423,424.0,290.0,491.0,242.0
112.429,407.0,288.0,512.0,248.0
112.436,393.0,291.0,535.0,255.0
112.442,375.0,289.0,557.0,264.0
112.448,359.0,291.0,575.0,273.0
112.456,347.0,292.0,591.0,286.0
112.462,330.0,294.0,603.0,300.0
112.468,319.0,298.0,616.0,314.0
112.474,310.0,301.0,630.0,326.0
112.481,298.0,305.0,642.0,343.0
112.487,287.0,310.0,653.0,364.0
112.493,278.0,315.0,666.0,386.0
112.501,272.0,321.0,678.0,408.0
112.507,264.0,329.0,688.0,434.0
112.513,257.0,336.0,698.0,459.0
112.519,251.0,343.0,705.0,484.0
112.526,247.0,353.0,710.0,509.0
112.532,242.0,362.0,717.0,533.0
112.539,238.0,372.0,721.0,556.0
112.546,237.0,383.0,725.0,579.0
112.552,234.0,394.0,727.0,601.0
112.558,231.0,406.0,730.0,622.0
112.564,230.0,416.0,731.0,644.0
112.571,231.0,431.0,731.0,665.0
112.577,230.0,443.0,732.0,687.0
112.584,230.0,456.0,731.0,708.0
112.591,232.0,470.0,731.0,725.0
112.597,233.0,483.0,729.0,742.0
112.603,237.0,497.0,726.0,758.0
112.609,239.0,512.0,722.0,772.0
112.616,243.0,526.0,717.0,786.0
112.622,248.0,542.0,708.0,798.0
112.629,253.0,556.0,701.0,809.0
112.636,261.0,570.0,688.0,820.0
112.642,265.0,585.0,678.0,828.0
112.648,274.0,600.0,667.0,833.0
112.654,283.0,614.0,659.0,835.0
112.661,294.0,627.0,649.0,837.0
112.668,300.0,639.0,639.0,838.0
112.674,309.0,653.0,624.0,840.0
112.681,324.0,665.0,606.0,841.0
112.687,337.0,676.0,590.0,842.0
112.693,347.0,687.0,573.0,841.0
112.699,360.0,698.0,557.0,842.0
112.706,378.0,706.0,539.0,841.0
112.713,391.0,713.0,522.0,839.0
112.719,407.0,722.0,502.0,837.0
112.726,428.0,729.0,484.0,835.0
112.732,442.0,735.0,467.0,831.0
112.738,452.0,740.0,449.0,824.0
112.744,477.0,744.0,430.0,816.0
112.752,490.0,748.0,414.0,806.0
112.758,505.0,751.0,395.0,793.0
112.764,513.0,752.0,379.0,780.0
112.771,531.0,754.0,364.0,763.0
112.777,551.0,757.0,349.0,747.0
112.783,562.0,756.0,336.0,728.0
112.789,576.0,757.0,324.0,708.0
112.797,590.0,755.0,313.0,686.0
112.803,601.0,754.0,303.0,664.0
112.809,613.0,752.0,294.0,640.0
112.816,627.0,750.0,287.0,616.0
112.822,637.0,746.0,280.0,590.0
112.828,648.0,741.0,273.0,564.0
112.834,656.0,736.0,266.0,536.0
112.842,666.0,728.0,262.0,506.0
112.848,676.0,723.0,257.0,478.0
112.854,683.0,716.0,255.0,450.0
112.861,687.0,707.0,253.0,423.0
112.867,694.0,696.0,251.0,397.0
112.873,701.0,686.0,251.0,375.0
112.880,705.0,674.0,250.0,352.0
112.887,709.0,662.0,252.0,332.0
112.893,711.0,651.0,254.0,314.0
112.899,714.0,637.0,256.0,296.0
112.906,715.0,622.0,259.0,279.0
112.912,717.0,610.0,263.0,265.0
112.918,718.0,594.0,268.0,250.0
112.925,718.0,581.0,275.0,238.0
112.932,717.0,564.0,282.0,226.0
112.938,715.0,549.0,290.0,218.0
112.944,715.0,536.0,299.0,212.0
112.951,712.0,520.0,309.0,207.0
112.957,710.0,505.0,321.0,205.0
112.963,706.0,489.0,333.0,202.0
112.970,704.0,474.0,343.0,201.0
112.977,699.0,459.0,355.0,200.0
112.983,695.0,444.0,375.0,200.0
112.989,689.0,429.0,394.0,198.0
112.996,683.0,417.0,410.0,199.0
113.002,678.0,402.0,428.0,199.0
113.009,670.0,390.0,448.0,201.0
113.015,664.0,374.0,468.0,201.0
113.022,655.0,362.0,496.0,201.0
113.028,646.0,352.0,517.0,202.0
113.034,637.0,341.0,535.0,205.0
113.041,627.0,328.0,552.0,208.0
113.047,619.0,318.0,568.0,216.0
113.054,609.0,309.0,579.0,225.0
113.060,598.0,299.0,595.0,235.0
113.067,587.0,289.0,615.0,244.0
113.073,576.0,282.0,630.0,258.0
113.079,565.0,274.0,645.0,274.0
113.086,551.0,268.0,660.0,292.0
113.093,540.0,263.0,674.0,313.0
113.099,527.0,257.0,686.0,331.0
113.105,515.0,253.0,697.0,352.0
113.112,503.0,248.0,707.0,374.0
113.118,491.0,246.0,716.0,396.0
113.124,480.0,243.0,724.0,419.0
113.131,467.0,240.0,730.0,441.0
113.138,453.0,238.0,736.0,463.0
113.144,442.0,238.0,739.0,489.0
113.150,431.0,237.0,742.0,515.0
113.157,422.0,236.0,746.0,545.0
113.163,411.0,237.0,752.0,568.0
113.169,401.0,238.0,757.0,593.0
113.176,387.0,238.0,758.0,619.0
113.183,379.0,239.0,760.0,642.0
113.189,371.0,242.0,760.0,664.0
113.195,361.0,244.0,760.0,685.0
113.202,352.0,248.0,758.0,701.0
113.208,344.0,250.0,757.0,718.0
113.214,337.0,255.0,753.0,732.0
113.222,331.0,261.0,750.0,746.0
113.228,326.0,267.0,744.0,756.0
113.234,320.0,274.0,737.0,769.0
113.240,314.0,280.0,726.0,781.0
113.247,309.0,289.0,715.0,791.0
113.253,304.0,296.0,708.0,798.0
113.259,301.0,306.0,699.0,805.0
113.267,299.0,316.0,685.0,812.0
113.273,297.0,326.0,667.0,817.0
113.279,293.0,337.0,643.0,822.0
113.285,292.0,349.0,624.0,825.0
113.292,291.0,361.0,610.0,826.0
113.298,291.0,372.0,596.0,827.0
113.304,291.0,383.0,584.0,827.0
113.312,292.0,395.0,572.0,825.0
113.318,294.0,408.0,573.0,820.0
113.324,294.0,421.0,555.0,819.0
113.330,298.0,432.0,533.0,816.0
113.337,300.0,445.0,510.0,813.0
113.343,303.0,457.0,490.0,808.0
113.350,306.0,470.0,464.0,804.0
113.357,310.0,481.0,432.0,802.0
113.363,316.0,492.0,410.0,797.0
113.369,321.0,505.0,397.0,787.0
113.375,328.0,517.0,382.0,780.0
113.382,334.0,529.0,371.0,767.0
113.388,344.0,539.0,359.0,753.0
113.395,353.0,551.0,352.0,734.0
113.402,363.0,562.0,345.0,712.0
113.408,371.0,573.0,328.0,696.0
113.414,384.0,584.0,316.0,677.0
113.420,393.0,595.0,305.0,656.0
113.427,405.0,604.0,296.0,635.0
113.434,419.0,614.0,284.0,617.0
113.440,433.0,623.0,271.0,606.0
113.447,448.0,630.0,258.0,601.0
113.453,462.0,638.0,251.0,584.0
113.459,475.0,643.0,247.0,561.0
113.465,492.0,651.0,241.0,544.0
113.472,513.0,656.0,240.0,521.0
113.479,525.0,660.0,236.0,501.0
113.485,542.0,665.0,234.0,477.0
113.492,559.0,669.0,233.0,450.0
113.498,578.0,671.0,232.0,427.0
113.504,594.0,674.0,229.0,410.0
113.510,614.0,676.0,230.0,389.0
113.517,627.0,676.0,229.0,373.0
113.524,640.0,676.0,229.0,357.0
113.530,661.0,676.0,229.0,344.0
113.537,676.0,675.0,230.0,331.0
113.543,689.0,674.0,233.0,316.0
113.549,699.0,671.0,237.0,302.0
113.555,713.0,669.0,242.0,289.0
113.563,724.0,666.0,245.0,280.0
113.569,733.0,661.0,251.0,267.0
113.575,742.0,656.0,256.0,259.0
113.582,752.0,651.0,263.0,250.0
113.588,760.0,646.0,271.0,242.0
113.594,767.0,639.0,280.0,235.0
113.600,774.0,632.0,290.0,229.0
113.608,778.0,625.0,301.0,225.0
113.614,784.0,617.0,312.0,221.0
113.620,787.0,607.0,328.0,218.0
113.627,792.0,600.0,341.0,217.0
113.633,794.0,591.0,356.0,216.0
113.639,795.0,580.0,369.0,216.0
113.645,797.0,570.0,384.0,215.0
113.653,797.0,560.0,403.0,214.0
113.659,797.0,550.0,418.0,217.0
113.665,796.0,538.0,430.0,221.0
113.672,795.0,528.0,443.0,226.0
113.678,793.0,517.0,465.0,232.0
113.684,791.0,507.0,490.0,238.0
113.691,788.0,494.0,513.0,244.0
113.698,784.0,484.0,537.0,250.0
113.704,779.0,473.0,557.0,260.0
113.710,775.0,462.0,571.0,272.0
113.717,768.0,451.0,584.0,285.0
113.723,762.0,439.0,599.0,298.0
113.729,755.0,429.0,613.0,310.0
113.736,748.0,418.0,628.0,322.0
113.743,737.0,408.0,639.0,338.0
113.749,727.0,398.0,647.0,358.0
113.755,718.0,388.0,657.0,380.0
113.762,705.0,378.0,672.0,399.0
113.768,690.0,369.0,684.0,422.0
113.774,679.0,360.0,694.0,449.0
113.781,667.0,352.0,702.0,474.0
113.788,652.0,344.0,710.0,499.0
113.794,633.0,336.0,714.0,523.0
113.800,617.0,330.0,719.0,548.0
113.807,600.0,323.0,724.0,570.0
113.813,580.0,317.0,727.0,592.0
113.820,561.0,311.0,730.0,613.0
113.826,548.0,308.0,731.0,634.0
113.833,529.0,303.0,732.0,655.0
113.839,506.0,299.0,731.0,679.0
113.845,486.0,297.0,730.0,702.0
113.852,471.0,294.0,730.0,719.0
113.858,450.0,291.0,729.0,737.0
113.865,434.0,290.0,727.0,753.0
113.871,415.0,290.0,724.0,769.0
113.878,399.0,289.0,719.0,782.0
113.884,380.0,289.0,711.0,796.0
113.890,366.0,291.0,702.0,809.0
113.897,354.0,292.0,690.0,820.0
113.904,336.0,295.0,678.0,828.0
113.910,324.0,296.0,668.0,833.0
113.916,312.0,300.0,659.0,835.0
113.923,301.0,303.0,649.0,837.0
113.929,290.0,308.0,637.0,839.0
113.935,281.0,314.0,621.0,839.0
113.942,273.0,320.0,604.0,841.0
113.949,266.0,328.0,588.0,842.0
113.955,258.0,335.0,574.0,841.0
113.961,251.0,343.0,560.0,840.0
113.968,247.0,352.0,544.0,840.0
113.974,242.0,361.0,527.0,840.0
113.980,238.0,371.0,508.0,838.0
113.987,235.0,382.0,490.0,835.0
113.994,234.0,394.0,474.0,833.0
114.000,231.0,406.0,456.0,827.0
114.006,229.0,416.0,438.0,819.0
114.013,230.0,429.0,419.0,809.0
114.019,229.0,443.0,401.0,798.0
114.025,230.0,456.0,385.0,784.0
114.033,231.0,469.0,369.0,769.0
114.039,233.0,483.0,355.0,752.0
114.045,236.0,500.0,340.0,735.0
114.051,239.0,515.0,328.0,715.0
114.058,244.0,529.0,317.0,693.0
114.064,247.0,544.0,307.0,671.0
114.070,253.0,559.0,297.0,648.0
114.078,259.0,573.0,289.0,623.0
114.084,266.0,589.0,282.0,599.0
114.090,275.0,603.0,274.0,572.0
114.096,286.0,615.0,269.0,543.0
114.103,294.0,630.0,264.0,515.0
114.109,300.0,642.0,259.0,486.0
114.115,310.0,653.0,255.0,457.0
114.123,326.0,666.0,254.0,429.0
114.129,336.0,677.0,252.0,403.0
114.135,349.0,688.0,251.0,380.0
114.141,364.0,697.0,251.0,356.0
114.148,377.0,706.0,253.0,336.0
114.154,389.0,712.0,253.0,317.0
114.161,405.0,721.0,254.0,300.0
114.168,425.0,728.0,258.0,283.0
114.174,437.0,733.0,262.0,267.0
114.180,449.0,738.0,268.0,252.0
114.186,468.0,741.0,273.0,240.0
114.193,486.0,747.0,282.0,229.0
114.199,501.0,750.0,290.0,219.0
114.206,511.0,752.0,298.0,212.0
114.213,529.0,753.0,307.0,207.0
114.219,549.0,756.0,318.0,205.0
114.225,562.0,755.0,331.0,202.0
114.231,575.0,757.0,343.0,201.0
114.238,589.0,756.0,354.0,200.0
114.245,601.0,754.0,372.0,199.0
114.251,613.0,752.0,392.0,198.0
114.258,625.0,750.0,412.0,197.0
114.264,639.0,747.0,431.0,198.0
114.270,647.0,741.0,447.0,199.0
114.276,657.0,736.0,468.0,200.0
114.283,667.0,731.0,487.0,201.0
114.290,675.0,724.0,510.0,201.0
114.296,683.0,715.0,530.0,204.0
114.303,688.0,708.0,548.0,207.0
114.309,694.0,695.0,563.0,212.0
114.315,700.0,685.0,578.0,221.0
114.321,705.0,673.0,592.0,230.0
114.328,707.0,661.0,607.0,242.0
114.335,711.0,650.0,624.0,255.0
114.341,713.0,637.0,642.0,270.0
114.348,715.0,621.0,659.0,287.0
114.354,716.0,609.0,673.0,308.0
114.360,717.0,594.0,686.0,328.0
114.366,717.0,578.0,697.0,350.0
114.374,713.0,564.0,706.0,374.0
114.380,715.0,548.0,716.0,396.0
114.386,713.0,533.0,724.0,420.0
114.393,712.0,518.0,731.0,443.0
114.399,709.0,503.0,736.0,466.0
114.405,706.0,487.0,741.0,489.0
114.411,704.0,472.0,745.0,513.0
114.419,698.0,457.0,747.0,537.0
114.425,694.0,441.0,749.0,564.0
114.431,688.0,428.0,750.0,589.0
114.438,683.0,415.0,753.0,614.0
114.444,677.0,401.0,757.0,634.0
114.450,670.0,388.0,760.0,654.0
114.456,664.0,375.0,760.0,676.0
114.464,656.0,364.0,759.0,695.0
114.470,650.0,350.0,755.0,715.0
114.476,638.0,339.0,751.0,730.0
114.483,630.0,327.0,749.0,743.0
114.489,622.0,317.0,744.0,756.0
114.495,613.0,310.0,735.0,770.0
114.502,602.0,301.0,722.0,783.0
114.509,591.0,292.0,715.0,791.0
114.515,581.0,285.0,710.0,799.0
114.521,570.0,276.0,700.0,805.0
114.528,559.0,271.0,686.0,811.0
114.534,547.0,266.0,667.0,818.0
114.540,534.0,260.0,640.0,823.0
114.547,522.0,255.0,621.0,826.0
114.554,510.0,251.0,607.0,826.0
114.560,499.0,247.0,595.0,827.0
114.566,486.0,243.0,581.0,827.0
114.572,476.0,240.0,567.0,827.0
114.579,464.0,241.0,559.0,821.0
114.586,451.0,238.0,544.0,820.0
114.592,435.0,236.0,526.0,817.0
114.599,428.0,237.0,504.0,814.0
114.605,418.0,236.0,481.0,811.0
114.611,406.0,236.0,455.0,807.0
114.617,395.0,237.0,429.0,804.0
114.624,383.0,238.0,413.0,796.0
114.631,376.0,240.0,397.0,788.0
114.637,367.0,242.0,380.0,779.0
114.644,358.0,246.0,367.0,770.0
114.650,349.0,249.0,354.0,755.0
114.656,341.0,254.0,345.0,740.0
114.662,335.0,259.0,341.0,714.0
114.669,328.0,264.0,327.0,693.0
114.676,322.0,270.0,310.0,676.0
114.682,315.0,277.0,299.0,654.0
114.689,310.0,285.0,289.0,632.0
114.695,306.0,293.0,276.0,619.0
114.701,303.0,302.0,265.0,612.0
114.707,300.0,312.0,256.0,600.0
114.715,298.0,322.0,252.0,582.0
114.721,294.0,333.0,245.0,561.0
114.727,294.0,345.0,241.0,539.0
114.734,293.0,354.0,237.0,514.0
114.740,293.0,367.0,235.0,492.0
114.746,292.0,380.0,233.0,466.0
114.752,293.0,391.0,233.0,438.0
114.760,294.0,404.0,231.0,418.0
114.766,295.0,417.0,229.0,400.0
114.772,298.0,428.0,230.0,380.0
114.779,300.0,442.0,230.0,359.0
114.785,303.0,455.0,231.0,349.0
114.791,306.0,469.0,231.0,336.0
114.797,311.0,480.0,232.0,323.0
114.805,315.0,491.0,235.0,310.0
114.811,321.0,503.0,237.0,299.0
114.817,327.0,514.0,243.0,285.0
114.824,334.0,527.0,247.0,274.0
114.830,340.0,539.0,251.0,266.0
114.836,350.0,549.0,256.0,256.0
114.843,357.0,562.0,263.0,249.0
114.850,370.0,570.0,271.0,240.0
114.856,380.0,581.0,281.0,235.0
114.862,391.0,592.0,291.0,228.0
114.869,402.0,600.0,301.0,225.0
114.875,412.0,610.0,311.0,221.0
114.881,431.0,617.0,324.0,220.0
114.888,443.0,627.0,337.0,218.0
114.895,457.0,634.0,347.0,219.0
114.901,470.0,641.0,363.0,217.0
114.907,485.0,647.0,384.0,216.0
114.914,501.0,653.0,401.0,215.0
114.920,516.0,658.0,419.0,217.0
114.926,533.0,663.0,433.0,219.0
114.933,550.0,666.0,445.0,224.0
114.940,566.0,670.0,465.0,228.0
114.946,584.0,673.0,488.0,235.0
114.952,599.0,674.0,506.0,242.0
114.959,616.0,676.0,530.0,248.0
114.965,634.0,677.0,550.0,257.0
114.972,645.0,677.0,566.0,269.0
114.978,663.0,676.0,580.0,280.0
114.985,679.0,675.0,595.0,292.0
114.991,688.0,671.0,609.0,304.0
114.997,702.0,671.0,623.0,318.0
115.004,716.0,668.0,634.0,331.0
115.010,725.0,666.0,643.0,347.0
115.017,735.0,661.0,653.0,368.0
115.023,743.0,656.0,667.0,386.0
115.030,754.0,650.0,679.0,410.0
115.036,761.0,642.0,689.0,434.0
115.042,769.0,638.0,698.0,459.0
115.049,775.0,631.0,705.0,484.0
115.056,780.0,623.0,712.0,509.0
115.062,783.0,615.0,716.0,533.0
115.068,789.0,607.0,722.0,558.0
115.075,792.0,597.0,726.0,580.0
115.081,793.0,585.0,729.0,603.0
115.087,795.0,578.0,731.0,626.0
115.094,797.0,567.0,732.0,646.0
115.101,797.0,557.0,732.0,669.0
115.107,797.0,546.0,731.0,691.0
115.113,795.0,534.0,731.0,711.0
115.120,794.0,524.0,730.0,730.0
115.126,793.0,512.0,728.0,746.0
115.132,790.0,501.0,725.0,761.0
115.139,786.0,489.0,721.0,775.0
115.146,782.0,477.0,715.0,789.0
115.152,777.0,465.0,708.0,801.0
115.158,771.0,453.0,699.0,811.0
115.165,763.0,442.0,686.0,823.0
115.171,756.0,431.0,674.0,829.0
115.177,749.0,421.0,664.0,834.0
115.185,740.0,410.0,654.0,836.0
115.191,727.0,399.0,644.0,837.0
115.197,717.0,389.0,632.0,837.0
115.203,706.0,379.0,616.0,840.0
115.210,693.0,369.0,598.0,841.0
115.216,679.0,361.0,579.0,841.0
115.222,668.0,353.0,564.0,841.0
115.230,653.0,345.0,547.0,839.0
115.236,635.0,337.0,529.0,840.0
115.242,618.0,331.0,509.0,838.0
115.248,605.0,325.0,491.0,836.0
115.255,585.0,319.0,473.0,831.0
115.261,568.0,313.0,457.0,827.0
115.267,550.0,308.0,438.0,820.0
115.275,532.0,304.0,422.0,810.0
115.281,514.0,301.0,404.0,801.0
115.287,495.0,297.0,389.0,788.0
115.293,478.0,295.0,374.0,773.0
115.300,459.0,292.0,358.0,758.0
115.306,440.0,290.0,346.0,740.0
115.313,423.0,289.0,332.0,722.0
115.320,410.0,290.0,321.0,701.0
115.326,392.0,289.0,310.0,680.0
115.332,374.0,289.0,301.0,657.0
115.338,361.0,291.0,292.0,634.0
115.345,348.0,293.0,286.0,608.0
115.351,331.0,294.0,277.0,581.0
115.358,318.0,296.0,271.0,553.0
115.365,308.0,301.0,265.0,525.0
115.371,300.0,305.0,261.0,496.0
115.377,289.0,310.0,257.0,468.0
115.383,276.0,314.0,254.0,441.0
115.390,270.0,321.0,252.0,415.0
115.397,263.0,328.0,251.0,391.0
115.403,256.0,336.0,251.0,367.0
115.410,250.0,344.0,251.0,346.0
115.416,245.0,355.0,252.0,325.0
115.422,240.0,365.0,254.0,306.0
115.428,237.0,375.0,257.0,288.0
115.435,235.0,388.0,262.0,270.0
115.442,231.0,398.0,265.0,256.0
115.448,230.0,410.0,271.0,242.0
115.455,230.0,423.0,279.0,229.0
115.461,230.0,437.0,288.0,220.0
115.467,230.0,451.0,297.0,213.0
115.473,231.0,464.0,306.0,207.0
115.480,234.0,479.0,319.0,205.0
115.487,235.0,495.0,329.0,202.0
115.493,239.0,510.0,343.0,201.0
115.500,241.0,524.0,353.0,200.0
115.506,247.0,539.0,369.0,199.0
115.512,253.0,553.0,388.0,198.0
115.518,258.0,569.0,408.0,198.0
115.526,264.0,584.0,425.0,198.0
115.532,270.0,600.0,441.0,200.0
115.538,280.0,614.0,466.0,200.0
115.545,292.0,628.0,485.0,201.0
115.551,298.0,641.0,512.0,202.0
115.557,308.0,653.0,531.0,203.0
115.563,321.0,665.0,549.0,207.0
115.571,337.0,676.0,565.0,213.0
115.577,347.0,686.0,580.0,222.0
115.583,361.0,696.0,596.0,232.0
115.590,377.0,705.0,612.0,241.0
115.596,389.0,713.0,627.0,254.0
115.602,400.0,720.0,640.0,268.0
115.610,422.0,727.0,656.0,286.0
115.616,435.0,732.0,671.0,303.0
115.622,449.0,737.0,683.0,323.0
115.628,463.0,742.0,694.0,344.0
115.635,482.0,746.0,703.0,365.0
115.641,497.0,749.0,713.0,387.0
115.647,505.0,751.0,721.0,409.0
115.655,524.0,753.0,727.0,432.0
115.661,539.0,756.0,733.0,454.0
115.667,553.0,755.0,738.0,479.0
115.673,567.0,756.0,741.0,508.0
115.680,583.0,756.0,745.0,535.0
115.686,595.0,756.0,751.0,561.0
115.692,607.0,754.0,756.0,586.0
115.700,617.0,752.0,759.0,612.0
115.706,630.0,749.0,760.0,636.0
115.712,642.0,745.0,760.0,660.0
115.718,651.0,741.0,759.0,681.0
115.725,659.0,736.0,759.0,699.0
115.731,669.0,730.0,757.0,714.0
115.738,678.0,723.0,754.0,730.0
115.745,684.0,715.0,750.0,743.0
115.751,689.0,705.0,745.0,756.0
115.757,697.0,695.0,736.0,767.0
115.763,703.0,685.0,728.0,779.0
115.770,705.0,673.0,723.0,788.0
115.776,710.0,660.0,712.0,796.0
115.783,713.0,647.0,698.0,806.0
115.790,714.0,634.0,684.0,812.0
115.796,716.0,620.0,660.0,817.0
115.802,718.0,605.0,642.0,822.0
115.808,717.0,590.0,623.0,823.0
115.815,717.0,572.0,608.0,827.0
115.821,717.0,559.0,595.0,827.0
115.828,716.0,542.0,580.0,827.0
115.835,715.0,527.0,576.0,824.0
115.841,711.0,513.0,572.0,822.0
115.847,708.0,496.0,553.0,819.0
115.853,705.0,480.0,531.0,815.0
115.860,701.0,465.0,509.0,813.0
115.867,696.0,448.0,486.0,807.0
115.873,690.0,436.0,457.0,804.0
115.880,686.0,420.0,425.0,802.0
115.886,678.0,407.0,408.0,795.0
115.892,672.0,394.0,393.0,786.0
115.898,664.0,380.0,379.0,778.0
115.905,656.0,368.0,363.0,769.0
115.912,649.0,354.0,350.0,755.0
115.918,639.0,345.0,338.0,740.0
115.925,630.0,331.0,329.0,718.0
115.931,619.0,321.0,315.0,702.0
115.937,612.0,311.0,303.0,684.0
115.943,602.0,302.0,295.0,660.0
115.950,591.0,293.0,284.0,641.0
115.957,580.0,284.0,270.0,634.0
115.963,569.0,277.0,262.0,619.0
115.970,558.0,272.0,256.0,600.0
115.976,546.0,266.0,250.0,580.0
115.982,535.0,260.0,247.0,559.0
115.988,522.0,256.0,245.0,536.0
115.996,511.0,252.0,243.0,515.0
116.002,499.0,248.0,238.0,494.0
116.008,490.0,245.0,234.0,472.0
116.014,477.0,242.0,231.0,447.0
116.021,467.0,240.0,228.0,421.0
116.027,454.0,238.0,228.0,396.0
116.033,445.0,237.0,229.0,374.0
116.041,435.0,236.0,230.0,364.0
116.047,426.0,236.0,229.0,352.0
116.053,417.0,236.0,230.0,339.0
116.059,406.0,236.0,230.0,325.0
116.066,393.0,237.0,234.0,310.0
116.072,385.0,238.0,237.0,297.0
116.078,378.0,240.0,241.0,285.0
116.086,370.0,243.0,247.0,274.0
116.092,358.0,245.0,251.0,264.0
116.098,350.0,248.0,259.0,253.0
116.104,343.0,252.0,267.0,245.0
116.111,335.0,257.0,275.0,238.0
116.117,329.0,263.0,283.0,232.0
116.124,323.0,268.0,293.0,227.0
116.131,317.0,276.0,304.0,223.0
116.137,310.0,283.0,315.0,220.0
116.143,306.0,290.0,327.0,219.0
116.149,303.0,299.0,342.0,218.0
116.156,301.0,309.0,356.0,216.0
116.162,298.0,319.0,371.0,217.0
116.169,294.0,330.0,392.0,215.0
116.176,293.0,341.0,407.0,215.0
116.182,291.0,353.0,420.0,218.0
116.188,292.0,364.0,436.0,221.0
116.194,290.0,377.0,450.0,227.0
116.201,291.0,389.0,469.0,233.0
116.208,293.0,402.0,491.0,239.0
116.214,294.0,416.0,512.0,246.0
116.221,296.0,427.0,532.0,254.0
116.227,299.0,441.0,557.0,261.0
116.233,304.0,453.0,573.0,271.0
116.239,307.0,468.0,588.0,283.0
116.246,311.0,480.0,600.0,296.0
116.253,316.0,492.0,612.0,309.0
116.259,322.0,505.0,626.0,322.0
116.266,330.0,519.0,638.0,339.0
116.272,336.0,530.0,651.0,356.0
116.278,346.0,542.0,663.0,377.0
116.284,355.0,554.0,674.0,399.0
116.291,365.0,564.0,685.0,422.0
116.298,376.0,575.0,694.0,446.0
116.304,388.0,585.0,701.0,469.0
116.311,399.0,597.0,708.0,493.0
116.317,411.0,605.0,714.0,517.0
116.323,424.0,615.0,720.0,540.0
116.329,437.0,624.0,723.0,563.0
116.337,452.0,632.0,726.0,586.0
116.343,466.0,639.0,728.0,608.0
116.349,482.0,645.0,731.0,629.0
116.356,497.0,651.0,732.0,650.0
116.362,514.0,657.0,733.0,670.0
116.368,529.0,661.0,732.0,693.0
116.374,547.0,666.0,731.0,713.0
116.382,562.0,669.0,729.0,731.0
116.388,581.0,671.0,728.0,748.0
116.394,594.0,674.0,724.0,763.0
116.401,615.0,676.0,721.0,777.0
116.407,629.0,677.0,716.0,789.0
116.413,641.0,677.0,709.0,801.0
116.419,660.0,676.0,700.0,811.0
116.427,675.0,676.0,688.0,822.0
116.433,687.0,675.0,674.0,830.0
116.439,697.0,672.0,662.0,835.0
116.446,712.0,670.0,651.0,837.0
116.452,722.0,666.0,642.0,838.0
116.458,731.0,662.0,630.0,840.0
116.465,741.0,657.0,615.0,840.0
116.472,752.0,653.0,598.0,841.0
116.478,760.0,648.0,579.0,842.0
116.484,764.0,640.0,564.0,842.0
116.491,771.0,635.0,547.0,841.0
116.497,778.0,628.0,531.0,840.0
116.503,782.0,619.0,512.0,838.0
116.510,785.0,610.0,492.0,836.0
116.517,791.0,603.0,474.0,833.0
116.523,794.0,594.0,457.0,827.0
116.529,793.0,582.0,440.0,819.0
116.536,796.0,573.0,420.0,810.0
116.542,797.0,564.0,401.0,799.0
116.549,797.0,554.0,385.0,785.0
116.556,797.0,541.0,369.0,769.0
116.562,795.0,531.0,354.0,752.0
116.568,793.0,520.0,341.0,734.0
116.574,791.0,508.0,328.0,715.0
116.581,788.0,497.0,317.0,693.0
116.587,783.0,485.0,306.0,671.0
116.594,779.0,474.0,297.0,648.0
116.601,775.0,462.0,288.0,623.0
116.607,768.0,451.0,282.0,598.0
116.613,761.0,439.0,275.0,573.0
116.619,753.0,428.0,269.0,545.0
116.626,745.0,416.0,263.0,517.0
116.632,736.0,406.0,259.0,487.0
116.639,724.0,395.0,256.0,459.0
116.646,713.0,385.0,254.0,433.0
116.652,699.0,374.0,252.0,408.0
116.658,686.0,365.0,250.0,384.0
116.664,672.0,356.0,251.0,362.0
116.671,660.0,349.0,251.0,341.0
116.678,642.0,340.0,252.0,322.0
116.684,624.0,333.0,254.0,304.0
116.690,609.0,325.0,256.0,285.0
116.697,591.0,321.0,263.0,267.0
116.703,570.0,313.0,268.0,251.0
116.709,551.0,308.0,272.0,240.0
116.716,538.0,306.0,280.0,230.0
116.723,519.0,301.0,289.0,219.0
116.729,496.0,298.0,300.0,211.0
116.736,480.0,295.0,311.0,206.0
116.742,462.0,293.0,321.0,204.0
116.748,442.0,291.0,330.0,203.0
116.754,425.0,290.0,340.0,202.0
116.762,407.0,289.0,355.0,200.0
116.768,390.0,289.0,371.0,199.0
116.774,374.0,289.0,389.0,198.0
116.781,360.0,290.0,406.0,198.0
116.787,348.0,292.0,417.0,199.0
116.793,331.0,294.0,435.0,199.0
116.799,319.0,297.0,459.0,200.0
116.807,309.0,301.0,485.0,201.0
116.813,301.0,304.0,507.0,201.0
116.819,291.0,308.0,528.0,204.0
116.826,280.0,313.0,546.0,207.0
116.832,273.0,319.0,563.0,212.0
116.838,266.0,326.0,578.0,222.0
116.844,258.0,333.0,595.0,229.0
116.852,254.0,341.0,608.0,242.0
116.858,248.0,348.0,622.0,255.0
116.864,244.0,358.0,638.0,272.0
116.871,239.0,367.0,655.0,288.0
116.877,236.0,377.0,670.0,309.0
116.883,234.0,390.0,685.0,328.0
116.890,231.0,400.0,697.0,350.0
116.897,230.0,411.0,707.0,373.0
116.903,231.0,425.0,717.0,397.0
116.909,230.0,438.0,724.0,421.0
116.916,230.0,452.0,731.0,445.0
116.922,232.0,466.0,737.0,468.0
116.928,234.0,480.0,742.0,490.0
116.935,235.0,496.0,746.0,513.0
116.942,239.0,510.0,749.0,535.0
116.948,243.0,526.0,751.0,562.0
116.954,247.0,542.0,752.0,588.0
116.960,254.0,557.0,753.0,613.0
116.967,260.0,572.0,757.0,633.0
116.973,266.0,589.0,759.0,655.0
116.980,275.0,603.0,761.0,676.0
116.987,285.0,617.0,759.0,698.0
116.993,295.0,630.0,756.0,717.0
116.999,302.0,643.0,751.0,735.0
117.005,314.0,657.0,747.0,748.0
117.012,328.0,669.0,743.0,761.0
117.019,339.0,681.0,736.0,772.0
117.025,352.0,691.0,728.0,782.0
117.032,366.0,699.0,718.0,791.0
117.038,379.0,709.0,711.0,799.0
117.044,394.0,716.0,699.0,806.0
117.050,411.0,723.0,688.0,811.0
117.057,427.0,730.0,668.0,817.0
117.064,442.0,735.0,643.0,822.0
117.070,454.0,740.0,622.0,825.0
117.077,473.0,744.0,608.0,826.0
117.083,487.0,747.0,594.0,825.0
117.089,504.0,750.0,587.0,825.0
117.095,515.0,752.0,579.0,823.0
117.102,533.0,754.0,568.0,821.0
117.109,551.0,756.0,547.0,819.0
117.115,563.0,756.0,528.0,816.0
117.122,577.0,755.0,508.0,811.0
117.128,591.0,756.0,488.0,806.0
117.134,603.0,754.0,467.0,802.0
117.140,613.0,753.0,434.0,799.0
117.148,624.0,750.0,413.0,794.0
117.154,636.0,747.0,397.0,785.0
117.160,646.0,743.0,380.0,778.0
117.167,655.0,736.0,372.0,763.0
117.173,665.0,732.0,361.0,748.0
117.179,674.0,726.0,352.0,730.0
117.185,681.0,719.0,342.0,710.0
117.193,685.0,709.0,325.0,693.0
117.199,692.0,702.0,311.0,675.0
117.205,698.0,690.0,301.0,654.0
117.212,703.0,680.0,289.0,638.0
117.218,706.0,668.0,277.0,624.0
117.224,709.0,657.0,263.0,619.0
117.230,712.0,644.0,257.0,603.0
117.238,715.0,631.0,251.0,581.0
117.244,715.0,617.0,245.0,560.0
117.250,718.0,603.0,240.0,539.0
117.257,718.0,589.0,237.0,517.0
117.263,718.0,572.0,234.0,495.0
117.269,716.0,559.0,231.0,472.0
117.276,715.0,543.0,229.0,447.0
117.283,714.0,528.0,227.0,425.0
117.289,711.0,514.0,228.0,404.0
117.295,708.0,498.0,228.0,384.0
117.302,706.0,481.0,228.0,367.0
117.308,702.0,467.0,230.0,353.0
117.314,698.0,451.0,229.0,338.0
117.321,692.0,437.0,231.0,323.0
117.328,687.0,421.0,234.0,309.0
117.334,680.0,409.0,237.0,297.0
117.340,674.0,395.0,242.0,286.0
117.347,667.0,380.0,247.0,273.0
117.353,659.0,369.0,253.0,264.0
117.360,652.0,355.0,258.0,254.0
117.366,641.0,344.0,266.0,246.0
117.373,633.0,331.0,276.0,238.0
117.379,624.0,321.0,285.0,231.0
117.385,614.0,312.0,297.0,226.0
117.392,605.0,303.0,308.0,222.0
117.398,595.0,294.0,326.0,219.0
117.405,582.0,285.0,336.0,218.0
117.411,570.0,280.0,352.0,216.0
117.418,560.0,274.0,366.0,216.0
117.424,547.0,267.0,380.0,215.0
117.430,534.0,261.0,395.0,216.0
117.437,521.0,255.0,414.0,217.0
117.443,509.0,252.0,429.0,218.0
117.450,498.0,247.0,443.0,223.0
117.456,488.0,245.0,460.0,228.0
117.463,475.0,242.0,479.0,234.0
117.469,463.0,240.0,496.0,243.0
117.475,449.0,238.0,519.0,248.0
117.482,440.0,237.0,541.0,256.0
117.489,429.0,236.0,562.0,264.0
117.495,420.0,236.0,577.0,274.0
117.501,409.0,236.0,593.0,287.0
117.508,398.0,236.0,605.0,301.0
117.514,385.0,237.0,618.0,315.0
117.520,377.0,239.0,631.0,328.0
117.526,370.0,242.0,642.0,343.0
117.534,361.0,245.0,651.0,363.0
117.540,351.0,247.0,664.0,384.0
117.546,343.0,252.0,676.0,405.0
117.553,336.0,256.0,687.0,429.0
117.559,331.0,261.0,696.0,454.0
117.565,325.0,266.0,705.0,479.0
117.571,319.0,273.0,711.0,505.0
117.579,315.0,279.0,716.0,530.0
117.585,309.0,288.0,722.0,553.0
117.591,304.0,295.0,725.0,576.0
117.598,303.0,305.0,728.0,599.0
117.604,300.0,314.0,731.0,619.0
117.610,296.0,325.0,732.0,641.0
117.617,294.0,335.0,732.0,661.0
117.624,292.0,346.0,732.0,682.0
117.630,291.0,358.0,731.0,703.0
117.636,291.0,370.0,731.0,721.0
117.643,292.0,381.0,730.0,738.0
117.649,291.0,393.0,727.0,753.0
117.655,294.0,405.0,724.0,768.0
117.662,294.0,418.0,719.0,780.0
117.669,297.0,431.0,714.0,793.0
117.675,299.0,444.0,706.0,805.0
117.681,304.0,456.0,695.0,815.0
117.688,307.0,468.0,683.0,825.0
117.694,311.0,480.0,672.0,829.0
117.701,317.0,493.0,662.0,835.0
117.707,322.0,507.0,653.0,836.0
117.714,330.0,519.0,644.0,838.0
117.720,336.0,531.0,631.0,839.0
117.726,345.0,544.0,615.0,840.0
117.733,353.0,557.0,596.0,842.0
117.739,365.0,566.0,576.0,842.0
117.746,377.0,577.0,559.0,842.0
117.752,388.0,589.0,543.0,841.0
117.759,400.0,599.0,525.0,839.0
117.765,413.0,609.0,506.0,839.0
117.771,430.0,617.0,488.0,836.0
117.778,444.0,626.0,470.0,833.0
117.784,458.0,634.0,453.0,826.0
117.791,474.0,641.0,436.0,819.0
117.797,489.0,648.0,419.0,810.0
117.804,507.0,654.0,401.0,798.0
117.810,522.0,659.0,384.0,785.0
117.816,539.0,664.0,369.0,768.0
117.823,558.0,668.0,354.0,751.0
117.830,575.0,670.0,341.0,732.0
117.836,590.0,673.0,328.0,713.0
117.842,609.0,675.0,317.0,692.0
117.849,624.0,676.0,306.0,669.0
117.855,639.0,677.0,296.0,646.0
117.861,654.0,676.0,288.0,621.0
117.868,672.0,675.0,281.0,596.0
117.875,686.0,675.0,274.0,568.0
117.881,696.0,672.0,268.0,541.0
117.887,708.0,669.0,263.0,511.0
117.894,721.0,667.0,258.0,483.0
117.900,731.0,663.0,256.0,454.0
117.906,739.0,659.0,253.0,428.0
117.914,749.0,653.0,251.0,402.0
117.920,758.0,647.0,251.0,378.0
117.926,765.0,642.0,251.0,356.0
117.932,771.0,635.0,252.0,337.0
117.939,777.0,628.0,253.0,317.0
117.945,783.0,621.0,255.0,299.0
117.951,785.0,612.0,258.0,283.0
117.959,789.0,603.0,263.0,265.0
117.965,793.0,595.0,269.0,251.0
117.971,794.0,585.0,274.0,238.0
117.977,796.0,576.0,282.0,227.0
117.984,797.0,565.0,289.0,218.0
117.990,797.0,555.0,299.0,211.0
117.996,796.0,544.0,308.0,207.0
118.004,796.0,534.0,319.0,204.0
118.010,794.0,523.0,331.0,203.0
118.016,792.0,512.0,340.0,201.0
118.022,789.0,500.0,353.0,200.0
118.029,785.0,489.0,372.0,199.0
118.035,781.0,478.0,392.0,198.0
118.042,777.0,467.0,411.0,199.0
118.049,771.0,455.0,427.0,199.0
118.055,764.0,444.0,444.0,201.0
118.061,755.0,433.0,467.0,201.0
118.067,750.0,423.0,496.0,201.0
118.074,741.0,412.0,516.0,202.0
118.080,730.0,401.0,536.0,206.0
118.087,720.0,392.0,552.0,209.0
118.094,708.0,382.0,569.0,217.0
118.100,695.0,371.0,580.0,226.0
118.106,683.0,363.0,596.0,237.0
118.112,668.0,354.0,614.0,244.0
118.119,649.0,344.0,629.0,256.0
118.125,633.0,336.0,641.0,273.0
118.132,617.0,331.0,654.0,294.0
118.139,601.0,323.0,669.0,312.0
118.145,580.0,316.0,685.0,329.0
118.151,558.0,311.0,697.0,352.0
118.157,543.0,307.0,707.0,376.0
118.164,529.0,303.0,717.0,400.0
118.171,507.0,300.0,725.0,423.0
118.177,486.0,296.0,732.0,447.0
118.184,469.0,294.0,737.0,471.0
118.190,449.0,291.0,742.0,494.0
118.196,432.0,290.0,745.0,519.0
118.202,414.0,290.0,748.0,546.0
118.209,399.0,289.0,750.0,571.0
118.216,379.0,289.0,753.0,596.0
118.222,365.0,290.0,756.0,621.0
118.229,353.0,292.0,760.0,642.0
118.235,336.0,294.0,761.0,665.0
118.241,323.0,297.0,760.0,685.0
118.247,310.0,300.0,758.0,705.0
118.254,301.0,304.0,754.0,721.0
118.261,291.0,308.0,751.0,735.0
118.267,280.0,313.0,748.0,748.0
118.274,272.0,320.0,742.0,760.0
118.280,266.0,327.0,734.0,774.0
118.286,259.0,334.0,720.0,786.0
118.292,252.0,341.0,708.0,795.0
118.300,247.0,350.0,701.0,800.0
118.306,243.0,360.0,690.0,808.0
118.312,238.0,369.0,678.0,813.0
118.319,235.0,379.0,659.0,817.0
118.325,233.0,391.0,635.0,823.0
118.331,231.0,402.0,619.0,824.0
118.337,230.0,413.0,606.0,826.0
118.345,230.0,426.0,594.0,824.0
118.351,230.0,439.0,587.0,824.0
118.357,231.0,451.0,582.0,821.0
118.364,231.0,465.0,562.0,818.0
118.370,233.0,479.0,541.0,817.0
118.376,235.0,493.0,521.0,812.0
118.382,238.0,508.0,501.0,809.0
118.390,241.0,521.0,473.0,807.0
118.396,246.0,537.0,444.0,802.0
118.402,252.0,551.0,418.0,799.0
118.409,257.0,566.0,402.0,791.0
118.415,262.0,581.0,386.0,784.0
118.421,271.0,595.0,375.0,770.0
118.428,280.0,610.0,359.0,760.0
118.435,290.0,623.0,350.0,742.0
118.441,297.0,636.0,345.0,715.0
118.447,308.0,649.0,333.0,698.0
118.454,321.0,661.0,317.0,681.0
118.460,334.0,673.0,307.0,662.0
118.466,345.0,684.0,300.0,640.0
118.473,359.0,694.0,289.0,621.0
118.480,374.0,704.0,275.0,609.0
118.486,387.0,711.0,261.0,602.0
118.492,398.0,719.0,253.0,588.0
118.499,419.0,726.0,247.0,568.0
118.505,432.0,731.0,242.0,547.0
118.512,447.0,737.0,239.0,527.0
118.518,465.0,742.0,236.0,504.0
118.525,482.0,744.0,234.0,482.0
118.531,497.0,749.0,234.0,455.0
118.537,506.0,751.0,231.0,430.0
118.544,524.0,753.0,230.0,414.0
118.550,541.0,754.0,228.0,394.0
118.557,556.0,756.0,229.0,377.0
118.563,567.0,755.0,229.0,360.0
118.570,581.0,755.0,228.0,347.0
118.576,594.0,753.0,230.0,333.0
118.582,607.0,753.0,231.0,319.0
118.589,620.0,751.0,235.0,305.0
118.595,632.0,748.0,239.0,293.0
118.602,641.0,744.0,242.0,281.0
118.608,651.0,740.0,249.0,270.0
118.615,658.0,733.0,254.0,261.0
118.621,668.0,728.0,260.0,252.0
118.627,678.0,722.0,270.0,243.0
118.634,684.0,713.0,277.0,237.0
118.641,689.0,705.0,286.0,231.0
118.647,695.0,694.0,299.0,226.0
118.653,701.0,684.0,309.0,223.0
118.660,705.0,673.0,327.0,218.0
118.666,709.0,661.0,337.0,217.0
118.672,711.0,649.0,352.0,216.0
118.679,715.0,637.0,365.0,216.0
118.686,715.0,622.0,382.0,215.0
118.692,717.0,608.0,399.0,215.0
118.698,718.0,593.0,417.0,216.0
118.705,717.0,579.0,430.0,217.0
118.711,717.0,563.0,441.0,223.0
118.717,717.0,548.0,454.0,229.0
118.725,714.0,534.0,476.0,234.0
118.731,713.0,519.0,501.0,241.0
118.737,710.0,504.0,527.0,247.0
118.743,708.0,489.0,548.0,257.0
118.750,704.0,475.0,566.0,267.0
118.756,699.0,461.0,583.0,279.0
118.762,694.0,447.0,597.0,293.0
118.770,689.0,432.0,612.0,307.0
118.776,684.0,417.0,625.0,321.0
118.782,678.0,402.0,639.0,336.0
118.788,669.0,389.0,649.0,351.0
118.795,664.0,373.0,656.0,371.0
118.801,657.0,361.0,665.0,393.0
118.807,647.0,349.0,677.0,412.0
118.815,637.0,336.0,688.0,436.0
118.821,627.0,326.0,699.0,462.0
118.827,619.0,315.0,707.0,488.0
118.833,610.0,307.0,713.0,514.0
118.840,601.0,297.0,719.0,539.0
118.846,587.0,288.0,723.0,564.0
118.853,576.0,281.0,727.0,588.0
118.860,566.0,274.0,729.0,610.0
118.866,552.0,269.0,732.0,631.0
118.872,541.0,262.0,733.0,651.0
118.878,527.0,257.0,733.0,671.0
118.885,515.0,253.0,733.0,690.0
118.891,502.0,249.0,731.0,710.0
118.898,490.0,245.0,728.0,730.0
118.905,479.0,242.0,726.0,747.0
118.911,467.0,240.0,723.0,764.0
118.917,453.0,238.0,721.0,774.0
118.923,440.0,237.0,718.0,786.0
118.930,429.0,236.0,711.0,797.0
118.936,419.0,235.0,704.0,808.0
118.943,409.0,237.0,693.0,819.0
118.950,398.0,237.0,678.0,828.0
118.956,385.0,237.0,665.0,834.0
118.962,375.0,240.0,654.0,837.0
118.968,367.0,242.0,646.0,838.0
118.975,361.0,245.0,638.0,837.0
118.982,349.0,248.0,625.0,839.0
118.988,342.0,252.0,607.0,841.0
118.994,335.0,257.0,588.0,841.0
119.001,328.0,263.0,569.0,841.0
119.007,322.0,269.0,553.0,841.0
119.013,317.0,277.0,538.0,840.0
119.020,311.0,283.0,522.0,838.0
119.027,307.0,292.0,503.0,838.0
119.033,304.0,299.0,484.0,836.0
119.039,301.0,310.0,468.0,830.0
119.046,298.0,320.0,452.0,826.0
119.052,295.0,330.0,434.0,817.0
119.058,292.0,341.0,416.0,808.0
119.066,291.0,353.0,399.0,797.0
119.072,291.0,365.0,383.0,781.0
119.078,291.0,377.0,368.0,767.0
119.084,291.0,387.0,353.0,750.0
119.091,293.0,401.0,340.0,733.0
119.097,293.0,413.0,328.0,714.0
119.103,296.0,426.0,317.0,693.0
119.111,298.0,438.0,306.0,671.0
119.117,303.0,448.0,298.0,648.0
119.123,305.0,463.0,290.0,625.0
119.129,309.0,474.0,283.0,600.0
119.136,313.0,487.0,276.0,573.0
119.142,319.0,499.0,269.0,544.0
119.148,325.0,511.0,263.0,515.0
119.156,332.0,524.0,259.0,486.0
119.162,338.0,535.0,255.0,458.0
119.168,347.0,547.0,253.0,431.0
119.174,355.0,558.0,251.0,404.0
119.181,366.0,568.0,251.0,381.0
119.187,376.0,579.0,251.0,358.0
119.194,387.0,590.0,252.0,337.0
119.201,399.0,599.0,253.0,318.0
119.207,410.0,610.0,255.0,301.0
119.213,427.0,619.0,258.0,285.0
119.219,440.0,627.0,262.0,268.0
119.226,452.0,634.0,267.0,252.0
119.232,471.0,640.0,274.0,240.0
119.239,486.0,648.0,281.0,229.0
119.246,503.0,654.0,291.0,219.0
119.252,518.0,658.0,300.0,210.0
119.258,533.0,663.0,311.0,206.0
119.264,554.0,667.0,323.0,203.0
119.271,572.0,671.0,336.0,202.0
119.277,588.0,672.0,349.0,200.0
119.284,609.0,675.0,364.0,200.0
119.291,623.0,675.0,373.0,199.0
119.297,637.0,677.0,391.0,199.0
119.303,654.0,676.0,409.0,198.0
119.309,673.0,676.0,427.0,198.0
119.316,686.0,674.0,443.0,199.0
119.323,694.0,672.0,464.0,199.0
119.329,709.0,670.0,485.0,201.0
119.336,722.0,667.0,506.0,202.0
119.342,730.0,662.0,528.0,204.0
119.348,740.0,657.0,547.0,207.0
119.354,751.0,653.0,564.0,212.0
119.361,759.0,647.0,581.0,221.0
119.368,766.0,641.0,595.0,231.0
119.374,772.0,633.0,605.0,244.0
119.381,778.0,626.0,623.0,257.0
119.387,783.0,618.0,638.0,272.0
119.393,787.0,609.0,658.0,287.0
119.399,791.0,601.0,672.0,308.0
119.406,794.0,592.0,686.0,328.0
119.413,795.0,582.0,697.0,350.0
119.419,796.0,572.0,708.0,374.0
119.426,798.0,562.0,716.0,398.0
119.432,797.0,552.0,725.0,422.0
119.438,796.0,541.0,731.0,445.0
119.444,794.0,529.0,736.0,469.0
119.452,793.0,518.0,742.0,494.0
119.458,789.0,507.0,744.0,517.0
119.464,788.0,495.0,748.0,542.0
119.471,783.0,484.0,749.0,569.0
119.477,779.0,473.0,752.0,593.0
119.483,775.0,462.0,753.0,618.0
119.489,768.0,451.0,757.0,640.0
119.497,761.0,439.0,759.0,660.0
119.503,754.0,429.0,760.0,680.0
119.509,746.0,418.0,758.0,700.0
119.516,739.0,409.0,754.0,720.0
119.522,725.0,398.0,745.0,737.0
119.528,717.0,388.0,745.0,749.0
119.534,705.0,378.0,740.0,761.0
119.542,691.0,369.0,733.0,773.0
119.548,679.0,360.0,722.0,785.0
119.554,667.0,353.0,713.0,795.0
119.561,649.0,344.0,706.0,802.0
119.567,632.0,337.0,690.0,809.0
119.573,616.0,330.0,672.0,816.0
119.580,601.0,324.0,647.0,822.0
119.587,580.0,317.0,627.0,824.0
119.593,562.0,312.0,614.0,826.0
119.599,546.0,307.0,600.0,827.0
119.606,526.0,303.0,585.0,827.0
119.612,505.0,299.0,570.0,827.0
119.618,484.0,295.0,561.0,824.0
119.625,470.0,293.0,551.0,820.0
119.632,448.0,291.0,532.0,817.0
119.638,430.0,291.0,512.0,814.0
119.644,413.0,290.0,488.0,811.0
119.651,398.0,290.0,458.0,809.0
119.657,379.0,289.0,433.0,805.0
119.664,365.0,291.0,416.0,797.0
119.670,352.0,292.0,400.0,790.0
119.677,334.0,294.0,384.0,782.0
119.683,322.0,297.0,368.0,771.0
119.689,311.0,300.0,353.0,761.0
119.696,301.0,304.0,344.0,744.0
119.702,289.0,308.0,337.0,721.0
119.709,280.0,315.0,328.0,697.0
119.715,273.0,321.0,314.0,677.0
119.722,266.0,328.0,300.0,657.0
119.728,258.0,335.0,287.0,636.0
119.734,252.0,342.0,276.0,620.0
119.741,247.0,351.0,263.0,613.0
119.747,242.0,361.0,256.0,600.0
119.754,238.0,371.0,251.0,580.0
119.760,236.0,381.0,244.0,561.0
119.767,233.0,393.0,240.0,539.0
119.773,231.0,405.0,237.0,515.0
119.779,230.0,416.0,233.0,492.0
119.786,230.0,429.0,232.0,465.0
119.793,229.0,442.0,232.0,437.0
119.799,231.0,456.0,231.0,416.0
119.805,231.0,469.0,229.0,398.0
119.812,233.0,483.0,229.0,377.0
119.818,236.0,498.0,229.0,359.0
119.824,239.0,512.0,230.0,347.0
119.831,243.0,526.0,230.0,335.0
119.838,245.0,542.0,231.0,323.0
119.844,252.0,555.0,234.0,309.0
119.850,259.0,570.0,237.0,297.0
119.857,264.0,585.0,242.0,284.0
119.863,271.0,599.0,247.0,274.0
119.869,282.0,612.0,251.0,264.0
119.877,291.0,623.0,258.0,255.0
119.883,296.0,638.0,265.0,246.0
119.889,308.0,650.0,273.0,238.0
119.895,320.0,662.0,284.0,232.0
119.902,332.0,672.0,294.0,227.0
119.908,343.0,683.0,304.0,224.0
119.914,356.0,693.0,318.0,220.0
119.922,371.0,701.0,330.0,220.0
119.928,385.0,710.0,345.0,217.0
119.934,396.0,718.0,360.0,217.0
119.940,416.0,723.0,379.0,214.0
119.947,430.0,730.0,395.0,215.0
119.953,444.0,734.0,414.0,215.0
119.959,458.0,740.0,428.0,217.0
119.967,474.0,743.0,441.0,221.0
119.973,493.0,749.0,454.0,226.0
119.979,504.0,751.0,470.0,232.0
119.985,518.0,753.0,496.0,237.0
119.992,536.0,753.0,517.0,242.0
119.998,554.0,756.0,538.0,251.0
120.005,565.0,755.0,555.0,260.0
120.012,579.0,757.0,572.0,273.0
120.018,593.0,754.0,588.0,284.0
120.024,604.0,754.0,602.0,297.0
120.030,615.0,751.0,616.0,310.0
120.037,629.0,750.0,629.0,325.0
120.043,640.0,746.0,640.0,339.0
120.050,649.0,740.0,651.0,355.0
120.057,658.0,737.0,658.0,377.0
120.063,670.0,729.0,670.0,397.0
120.069,677.0,723.0,682.0,418.0
120.075,685.0,715.0,692.0,442.0
120.082,689.0,706.0,701.0,467.0
120.088,694.0,695.0,708.0,492.0
120.095,702.0,685.0,714.0,517.0
120.102,705.0,674.0,719.0,541.0
120.108,706.0,661.0,723.0,565.0
120.114,710.0,648.0,726.0,588.0
120.120,715.0,635.0,728.0,611.0
120.127,715.0,619.0,729.0,632.0
120.134,716.0,606.0,732.0,652.0
120.140,717.0,590.0,732.0,674.0
120.147,717.0,575.0,732.0,696.0
120.153,716.0,561.0,732.0,715.0
120.159,716.0,543.0,731.0,732.0
120.165,714.0,530.0,728.0,750.0
120.172,712.0,514.0,724.0,766.0
120.179,710.0,498.0,719.0,781.0
120.185,706.0,484.0,712.0,793.0
120.192,702.0,468.0,703.0,804.0
120.198,698.0,454.0,696.0,814.0
120.204,693.0,439.0,684.0,824.0
120.210,687.0,425.0,672.0,831.0
120.218,681.0,412.0,662.0,834.0
120.224,676.0,398.0,651.0,837.0
120.230,668.0,385.0,640.0,839.0
120.237,662.0,371.0,626.0,839.0
120.243,654.0,359.0,611.0,841.0
120.249,646.0,350.0,595.0,841.0
120.255,635.0,336.0,579.0,842.0
120.263,626.0,325.0,564.0,841.0
120.269,617.0,315.0,546.0,840.0
120.275,607.0,307.0,527.0,840.0
120.282,598.0,297.0,508.0,838.0
120.288,587.0,288.0,490.0,836.0
120.294,575.0,281.0,473.0,832.0
120.300,564.0,274.0,456.0,827.0
120.308,552.0,269.0,439.0,820.0
120.314,540.0,263.0,421.0,812.0
120.320,527.0,258.0,405.0,801.0
120.327,516.0,253.0,389.0,788.0
120.333,502.0,249.0,374.0,774.0
120.339,492.0,245.0,360.0,759.0
120.346,480.0,242.0,347.0,743.0
120.353,468.0,240.0,334.0,724.0
120.359,454.0,238.0,323.0,705.0
120.365,441.0,236.0,312.0,685.0
120.372,431.0,237.0,303.0,662.0
120.378,422.0,236.0,294.0,640.0
120.384,411.0,236.0,288.0,615.0
120.391,397.0,236.0,279.0,588.0
120.398,386.0,237.0,272.0,559.0
120.404,378.0,238.0,266.0,529.0
120.410,369.0,242.0,260.0,500.0
120.417,360.0,245.0,257.0,470.0
120.423,350.0,248.0,254.0,443.0
120.429,342.0,251.0,252.0,416.0
120.436,335.0,257.0,250.0,392.0
120.443,330.0,263.0,250.0,368.0
120.449,322.0,269.0,250.0,347.0
120.455,318.0,276.0,251.0,328.0
120.462,311.0,284.0,254.0,309.0
120.468,307.0,291.0,256.0,292.0
120.475,303.0,300.0,259.0,278.0
120.481,301.0,310.0,262.0,262.0
120.488,297.0,321.0,270.0,248.0
120.494,294.0,333.0,278.0,234.0
120.500,293.0,345.0,284.0,224.0
120.507,292.0,357.0,290.0,217.0
120.513,292.0,367.0,298.0,211.0
120.520,291.0,381.0,309.0,208.0
120.526,292.0,390.0,324.0,203.0
120.533,293.0,403.0,335.0,201.0
120.539,294.0,416.0,347.0,200.0
120.545,297.0,429.0,359.0,201.0
120.552,299.0,442.0,376.0,199.0
120.558,303.0,455.0,394.0,199.0
120.565,305.0,468.0,409.0,198.0
120.571,310.0,480.0,429.0,200.0
120.578,315.0,490.0,449.0,200.0
120.584,320.0,503.0,472.0,201.0
120.590,328.0,516.0,496.0,202.0
120.597,334.0,528.0,518.0,203.0
120.604,341.0,540.0,536.0,206.0
120.610,351.0,551.0,553.0,209.0
120.616,358.0,562.0,570.0,216.0
120.623,371.0,572.0,585.0,226.0
120.629,381.0,582.0,601.0,234.0
120.635,392.0,593.0,616.0,244.0
120.642,404.0,601.0,631.0,257.0
120.649,414.0,612.0,645.0,273.0
120.655,433.0,620.0,660.0,289.0
120.661,445.0,628.0,673.0,308.0
120.668,458.0,636.0,687.0,329.0
120.674,475.0,642.0,698.0,350.0
120.680,490.0,649.0,707.0,372.0
120.688,505.0,655.0,715.0,394.0
120.694,521.0,660.0,723.0,416.0
120.700,537.0,664.0,729.0,438.0
120.706,555.0,668.0,735.0,461.0
120.713,573.0,671.0,740.0,488.0
120.719,587.0,673.0,743.0,516.0
120.725,607.0,675.0,747.0,544.0
120.733,624.0,676.0,753.0,569.0
120.739,635.0,675.0,757.0,593.0
120.745,652.0,677.0,759.0,620.0
120.751,670.0,675.0,760.0,644.0
120.758,683.0,675.0,759.0,668.0
120.764,693.0,673.0,760.0,687.0
120.770,705.0,669.0,759.0,704.0
120.778,720.0,668.0,757.0,721.0
120.784,728.0,663.0,752.0,735.0
120.790,737.0,659.0,746.0,751.0
120.796,749.0,653.0,741.0,761.0
120.803,758.0,649.0,733.0,774.0
120.809,764.0,641.0,726.0,783.0
120.816,771.0,635.0,718.0,793.0
120.823,779.0,628.0,707.0,802.0
120.829,783.0,620.0,690.0,809.0
120.835,785.0,609.0,673.0,815.0
120.841,791.0,603.0,655.0,820.0
120.848,793.0,593.0,636.0,823.0
120.854,795.0,583.0,621.0,826.0
120.861,796.0,573.0,604.0,827.0
120.868,798.0,563.0,589.0,827.0
120.874,797.0,553.0,585.0,824.0
120.880,797.0,540.0,582.0,821.0
120.886,796.0,530.0,561.0,819.0
120.893,794.0,519.0,537.0,817.0
120.899,791.0,507.0,518.0,813.0
120.906,788.0,495.0,498.0,809.0
120.913,783.0,484.0,468.0,806.0
120.919,780.0,472.0,438.0,804.0
120.925,775.0,460.0,416.0,798.0
120.931,768.0,448.0,400.0,791.0
120.938,761.0,437.0,386.0,783.0
120.945,752.0,425.0,371.0,772.0
120.951,744.0,415.0,355.0,762.0
120.958,733.0,404.0,344.0,747.0
120.964,722.0,393.0,333.0,728.0
120.970,712.0,384.0,319.0,711.0
120.976,700.0,374.0,307.0,692.0
120.983,686.0,365.0,299.0,668.0
120.990,673.0,357.0,288.0,648.0
120.996,663.0,350.0,276.0,635.0
121.003,646.0,341.0,265.0,625.0
121.009,627.0,334.0,257.0,605.0
121.015,612.0,327.0,252.0,586.0
121.021,598.0,321.0,246.0,566.0
121.029,578.0,315.0,242.0,546.0
121.035,558.0,311.0,240.0,525.0
121.041,545.0,307.0,237.0,503.0
121.048,528.0,304.0,235.0,479.0
121.054,509.0,299.0,232.0,453.0
121.060,491.0,296.0,229.0,431.0
121.066,472.0,294.0,228.0,406.0
121.074,453.0,291.0,228.0,382.0
121.080,437.0,290.0,229.0,365.0
121.086,420.0,289.0,229.0,350.0
121.093,407.0,289.0,230.0,338.0
121.099,388.0,289.0,230.0,325.0
121.105,372.0,289.0,232.0,311.0
121.111,360.0,291.0,237.0,298.0
121.119,346.0,293.0,241.0,285.0
121.125,330.0,295.0,248.0,273.0
121.131,318.0,298.0,251.0,264.0
121.138,308.0,300.0,258.0,253.0
121.144,297.0,305.0,266.0,246.0
121.150,287.0,311.0,275.0,238.0
121.157,276.0,315.0,284.0,231.0
121.164,270.0,322.0,295.0,227.0
121.170,263.0,329.0,305.0,222.0
121.176,256.0,337.0,318.0,220.0
121.183,251.0,344.0,331.0,219.0
121.189,246.0,354.0,345.0,218.0
121.195,241.0,364.0,358.0,217.0
121.202,238.0,374.0,377.0,216.0
121.209,235.0,386.0,395.0,215.0
121.215,232.0,397.0,411.0,216.0
121.221,230.0,409.0,427.0,219.0
121.228,230.0,421.0,442.0,222.0
121.234,229.0,434.0,455.0,228.0
121.240,230.0,448.0,477.0,234.0
121.247,231.0,461.0,496.0,241.0
121.254,232.0,476.0,518.0,249.0
121.260,234.0,492.0,541.0,256.0
121.266,237.0,505.0,562.0,265.0
121.273,241.0,521.0,577.0,276.0
121.279,245.0,535.0,592.0,288.0
121.286,251.0,550.0,602.0,302.0
121.292,256.0,565.0,617.0,315.0
121.299,262.0,581.0,632.0,328.0
121.305,268.0,596.0,642.0,345.0
121.311,277.0,610.0,654.0,364.0
121.318,290.0,624.0,667.0,384.0
121.324,297.0,637.0,679.0,407.0
121.331,305.0,649.0,687.0,431.0
121.337,318.0,662.0,697.0,454.0
121.344,333.0,672.0,704.0,478.0
121.350,344.0,683.0,711.0,502.0
121.356,358.0,694.0,716.0,525.0
121.363,372.0,703.0,720.0,548.0
121.370,386.0,711.0,724.0,570.0
121.376,396.0,718.0,727.0,593.0
121.382,416.0,725.0,729.0,615.0
121.389,433.0,730.0,731.0,637.0
121.395,446.0,736.0,733.0,659.0
121.401,457.0,739.0,732.0,681.0
121.408,478.0,745.0,731.0,704.0
121.415,494.0,749.0,732.0,722.0
121.421,504.0,751.0,730.0,739.0
121.427,517.0,753.0,727.0,755.0
121.434,533.0,753.0,723.0,771.0
121.440,550.0,756.0,718.0,785.0
121.446,562.0,756.0,710.0,797.0
121.453,574.0,756.0,702.0,809.0
121.460,590.0,756.0,691.0,819.0
121.466,604.0,755.0,680.0,827.0
121.473,614.0,752.0,670.0,832.0
121.479,628.0,750.0,660.0,835.0
121.485,640.0,747.0,650.0,837.0
121.491,650.0,742.0,637.0,839.0
121.499,658.0,736.0,623.0,840.0
121.505,670.0,731.0,608.0,841.0
121.511,678.0,724.0,591.0,841.0
121.518,683.0,716.0,575.0,842.0
121.524,688.0,706.0,559.0,841.0
121.530,694.0,697.0,542.0,841.0
121.536,702.0,687.0,524.0,840.0
121.544,705.0,674.0,505.0,838.0
121.550,709.0,663.0,488.0,835.0
121.556,711.0,650.0,470.0,831.0
121.563,714.0,637.0,452.0,826.0
121.569,715.0,621.0,432.0,817.0
121.575,717.0,607.0,414.0,806.0
121.581,718.0,591.0,396.0,793.0
121.589,718.0,574.0,379.0,779.0
121.595,715.0,562.0,363.0,763.0
121.601,715.0,544.0,348.0,745.0
121.608,714.0,528.0,335.0,726.0
121.614,711.0,512.0,322.0,704.0
121.620,708.0,495.0,311.0,682.0
121.627,704.0,479.0,301.0,658.0
121.634,701.0,464.0,293.0,635.0
121.640,695.0,448.0,285.0,610.0
121.646,690.0,434.0,278.0,585.0
121.653,684.0,419.0,272.0,560.0
121.659,677.0,405.0,267.0,535.0
121.665,670.0,393.0,262.0,511.0
121.672,662.0,377.0,259.0,485.0
121.679,654.0,365.0,256.0,458.0
121.685,647.0,351.0,253.0,432.0
121.691,636.0,340.0,252.0,407.0
121.698,629.0,328.0,251.0,385.0
121.704,618.0,318.0,250.0,362.0
121.710,611.0,311.0,251.0,341.0
121.717,601.0,300.0,252.0,322.0
121.724,589.0,292.0,254.0,302.0
121.730,576.0,283.0,258.0,282.0
121.736,566.0,276.0,263.0,265.0
121.743,555.0,270.0,267.0,251.0
121.749,543.0,266.0,273.0,240.0
121.756,529.0,259.0,282.0,226.0
121.762,518.0,254.0,291.0,216.0
121.769,507.0,250.0,302.0,210.0
121.775,496.0,248.0,311.0,207.0
121.781,485.0,244.0,321.0,204.0
121.788,474.0,242.0,332.0,203.0
121.794,462.0,240.0,344.0,201.0
121.801,451.0,239.0,359.0,201.0
121.807,440.0,237.0,373.0,199.0
121.814,430.0,237.0,389.0,199.0
121.820,420.0,236.0,407.0,198.0
121.826,409.0,237.0,420.0,199.0
121.833,398.0,236.0,433.0,199.0
121.840,387.0,239.0,455.0,201.0
121.846,379.0,239.0,480.0,201.0
121.852,370.0,242.0,501.0,202.0
121.859,362.0,244.0,523.0,203.0
121.865,353.0,247.0,541.0,206.0
121.871,345.0,251.0,557.0,211.0
121.878,337.0,255.0,572.0,218.0
121.885,331.0,261.0,586.0,228.0
121.891,324.0,266.0,599.0,241.0
121.897,318.0,274.0,615.0,254.0
121.904,313.0,280.0,635.0,267.0
121.910,308.0,288.0,652.0,285.0
121.916,304.0,297.0,666.0,305.0
121.923,302.0,305.0,682.0,322.0
121.930,299.0,316.0,694.0,344.0
121.936,296.0,327.0,705.0,366.0
121.942,293.0,338.0,714.0,389.0
121.949,292.0,350.0,722.0,411.0
121.955,291.0,362.0,728.0,434.0
121.961,290.0,375.0,735.0,456.0
121.969,291.0,386.0,740.0,479.0
121.975,293.0,399.0,744.0,501.0
121.981,293.0,413.0,747.0,526.0
121.987,296.0,424.0,750.0,552.0
121.994,298.0,439.0,753.0,577.0
122.000,303.0,450.0,758.0,601.0
122.006,306.0,465.0,760.0,625.0
122.014,310.0,478.0,761.0,647.0
122.020,317.0,490.0,761.0,669.0
122.026,320.0,503.0,758.0,690.0
122.032,329.0,516.0,756.0,708.0
122.039,334.0,528.0,755.0,722.0
122.045,344.0,540.0,753.0,736.0
122.051,355.0,551.0,748.0,749.0
122.059,363.0,563.0,739.0,763.0
122.065,374.0,574.0,729.0,776.0
122.071,385.0,584.0,722.0,786.0
122.077,396.0,595.0,716.0,794.0
122.084,410.0,604.0,708.0,802.0
122.090,420.0,614.0,691.0,809.0
122.097,435.0,623.0,670.0,816.0
122.104,449.0,631.0,647.0,821.0
122.110,463.0,638.0,631.0,824.0
122.116,478.0,644.0,620.0,824.0
122.122,493.0,651.0,610.0,826.0
122.129,511.0,656.0,597.0,826.0
122.135,526.0,662.0,584.0,826.0
122.142,544.0,665.0,577.0,822.0
122.149,564.0,669.0,559.0,821.0
122.155,578.0,671.0,539.0,818.0
122.161,594.0,674.0,520.0,814.0
122.167,616.0,676.0,500.0,810.0
122.174,627.0,676.0,479.0,804.0
122.181,640.0,676.0,455.0,801.0
122.187,659.0,677.0,428.0,797.0
122.194,673.0,676.0,402.0,792.0
122.200,686.0,674.0,388.0,783.0
122.206,696.0,672.0,378.0,768.0
122.212,707.0,669.0,362.0,760.0
122.219,721.0,667.0,355.0,742.0
122.226,730.0,663.0,351.0,720.0
122.232,739.0,658.0,335.0,703.0
122.239,750.0,654.0,318.0,686.0
122.245,758.0,648.0,306.0,664.0
122.251,763.0,642.0,294.0,645.0
122.257,770.0,635.0,281.0,631.0
122.264,778.0,629.0,268.0,623.0
122.271,782.0,621.0,259.0,611.0
122.277,785.0,612.0,253.0,591.0
122.284,790.0,603.0,247.0,570.0
122.290,793.0,596.0,244.0,548.0
122.296,794.0,585.0,241.0,526.0
122.302,795.0,575.0,238.0,506.0
122.310,797.0,566.0,234.0,485.0
122.316,797.0,556.0,231.0,460.0
122.322,796.0,544.0,228.0,436.0
122.329,797.0,533.0,227.0,415.0
122.335,794.0,522.0,227.0,393.0
122.341,792.0,512.0,228.0,375.0
122.347,790.0,499.0,229.0,358.0
122.355,785.0,488.0,228.0,343.0
122.361,781.0,477.0,230.0,329.0
122.367,777.0,465.0,234.0,315.0
122.373,770.0,454.0,236.0,302.0
122.380,763.0,442.0,240.0,290.0
122.386,756.0,431.0,245.0,278.0
122.392,749.0,420.0,251.0,266.0
122.400,740.0,410.0,255.0,258.0
122.406,730.0,400.0,264.0,248.0
122.412,719.0,389.0,272.0,240.0
122.418,706.0,379.0,282.0,233.0
122.425,693.0,370.0,293.0,228.0
122.431,679.0,361.0,304.0,224.0
122.438,666.0,354.0,320.0,221.0
122.445,652.0,345.0,333.0,218.0
122.451,633.0,336.0,348.0,216.0
122.457,617.0,329.0,362.0,215.0
122.463,601.0,323.0,373.0,215.0
122.470,581.0,317.0,387.0,215.0
122.476,566.0,312.0,405.0,215.0
122.483,547.0,307.0,420.0,218.0
122.490,529.0,303.0,435.0,222.0
122.496,508.0,299.0,452.0,228.0
122.502,488.0,296.0,469.0,236.0
122.508,472.0,294.0,489.0,243.0
122.515,453.0,292.0,514.0,248.0
122.522,433.0,290.0,538.0,254.0
122.528,417.0,289.0,558.0,263.0
122.535,405.0,289.0,573.0,274.0
122.541,386.0,290.0,588.0,286.0
122.547,370.0,289.0,601.0,298.0
122.553,357.0,291.0,614.0,310.0
122.560,344.0,294.0,628.0,325.0
122.567,330.0,295.0,640.0,342.0
122.573,318.0,298.0,654.0,361.0
122.580,308.0,301.0,665.0,386.0
122.586,297.0,304.0,678.0,407.0
122.592,289.0,309.0,688.0,431.0
122.598,278.0,315.0,697.0,456.0
122.605,272.0,320.0,704.0,482.0
122.612,265.0,328.0,711.0,507.0
122.618,258.0,334.0,717.0,530.0
122.624,253.0,341.0,720.0,554.0
122.631,248.0,352.0,725.0,576.0
122.637,242.0,359.0,728.0,599.0
122.643,239.0,369.0,730.0,620.0
122.651,236.0,380.0,732.0,641.0
122.657,234.0,392.0,732.0,663.0
122.663,232.0,403.0,732.0,685.0
122.669,230.0,413.0,731.0,706.0
122.676,230.0,427.0,730.0,722.0
122.682,230.0,441.0,730.0,739.0
122.688,230.0,454.0,727.0,756.0
122.696,232.0,467.0,722.0,770.0
122.702,233.0,483.0,717.0,784.0
122.708,236.0,498.0,710.0,796.0
122.714,241.0,513.0,703.0,808.0
122.721,243.0,529.0,692.0,818.0
122.727,248.0,546.0,679.0,826.0
122.733,254.0,560.0,670.0,832.0
122.741,261.0,575.0,660.0,835.0
122.747,267.0,590.0,651.0,836.0
122.753,276.0,607.0,640.0,838.0
122.759,287.0,620.0,627.0,839.0
122.766,297.0,632.0,610.0,841.0
122.772,303.0,646.0,590.0,841.0
122.779,315.0,659.0,572.0,842.0
122.786,330.0,670.0,553.0,841.0
122.792,341.0,682.0,537.0,840.0
122.798,350.0,692.0,519.0,839.0
122.804,368.0,702.0,501.0,837.0
122.811,383.0,711.0,483.0,835.0
122.817,395.0,718.0,465.0,830.0
122.824,417.0,725.0,448.0,824.0
122.831,430.0,731.0,432.0,817.0
122.837,444.0,737.0,416.0,807.0
122.843,460.0,741.0,399.0,796.0
122.849,479.0,744.0,382.0,784.0
122.856,494.0,749.0,367.0,768.0
122.862,506.0,751.0,353.0,750.0
122.869,519.0,753.0,340.0,733.0
122.876,538.0,754.0,327.0,713.0
122.882,556.0,756.0,316.0,692.0
122.888,566.0,757.0,306.0,669.0
122.894,580.0,756.0,297.0,645.0
122.901,593.0,756.0,289.0,621.0
122.908,606.0,754.0,281.0,595.0
122.914,617.0,752.0,273.0,567.0
122.920,629.0,749.0,268.0,538.0
122.927,640.0,745.0,262.0,509.0
122.933,649.0,742.0,258.0,480.0
122.939,657.0,736.0,256.0,452.0
122.946,666.0,729.0,253.0,426.0
122.953,677.0,723.0,252.0,401.0
122.959,684.0,715.0,252.0,379.0
122.965,688.0,706.0,251.0,356.0
122.972,695.0,696.0,252.0,336.0
122.978,701.0,686.0,254.0,317.0
122.984,704.0,674.0,255.0,298.0
122.992,708.0,662.0,258.0,281.0
122.998,712.0,650.0,262.0,266.0
123.004,714.0,637.0,268.0,252.0
123.010,715.0,623.0,274.0,239.0
123.017,716.0,610.0,282.0,227.0
123.023,718.0,593.0,288.0,220.0
123.029,719.0,578.0,297.0,213.0
123.037,717.0,564.0,308.0,208.0
123.043,716.0,548.0,318.0,204.0
123.049,716.0,533.0,331.0,202.0
123.055,713.0,518.0,340.0,201.0
123.062,710.0,504.0,353.0,200.0
123.068,706.0,487.0,370.0,199.0
123.074,703.0,471.0,392.0,198.0
123.082,699.0,456.0,409.0,198.0
123.088,693.0,441.0,426.0,199.0
123.094,688.0,425.0,442.0,200.0
123.100,681.0,413.0,466.0,201.0
123.107,675.0,398.0,491.0,201.0
123.113,668.0,384.0,514.0,202.0
123.120,660.0,372.0,533.0,205.0
123.126,653.0,358.0,549.0,208.0
123.133,642.0,348.0,566.0,214.0
123.139,632.0,335.0,579.0,224.0
123.145,622.0,323.0,593.0,233.0
123.152,615.0,313.0,611.0,242.0
123.158,604.0,305.0,627.0,257.0
123.165,593.0,294.0,641.0,273.0
123.171,581.0,286.0,656.0,291.0
123.178,569.0,278.0,673.0,309.0
123.184,559.0,271.0,686.0,328.0
123.190,546.0,266.0,696.0,350.0
123.197,534.0,260.0,706.0,372.0
123.203,520.0,256.0,716.0,394.0
123.210,508.0,251.0,723.0,417.0
123.216,497.0,247.0,730.0,439.0
123.223,487.0,246.0,735.0,463.0
123.229,475.0,241.0,740.0,485.0
123.235,463.0,239.0,742.0,511.0
123.242,449.0,238.0,746.0,538.0
123.249,439.0,236.0,750.0,563.0
123.255,428.0,236.0,753.0,588.0
123.261,420.0,237.0,758.0,613.0
123.268,408.0,236.0,761.0,635.0
123.274,397.0,238.0,761.0,658.0
123.280,384.0,238.0,761.0,679.0
123.287,377.0,240.0,759.0,697.0
123.294,369.0,242.0,757.0,714.0
123.300,361.0,244.0,753.0,729.0
123.306,350.0,248.0,751.0,742.0
123.313,342.0,251.0,746.0,755.0
123.319,336.0,257.0,736.0,769.0
123.325,330.0,261.0,723.0,781.0
123.333,324.0,266.0,709.0,791.0
123.339,320.0,275.0,704.0,800.0
123.345,314.0,280.0,697.0,805.0
123.351,309.0,288.0,687.0,811.0
123.358,305.0,296.0,673.0,816.0
123.364,303.0,305.0,650.0,821.0
123.370,300.0,315.0,626.0,825.0
123.378,296.0,325.0,612.0,826.0
123.384,294.0,335.0,599.0,827.0
123.390,293.0,346.0,590.0,826.0
123.396,291.0,359.0,578.0,825.0
123.403,291.0,371.0,578.0,821.0
123.409,291.0,382.0,558.0,819.0
123.415,292.0,394.0,536.0,817.0
123.423,293.0,406.0,515.0,815.0
123.429,293.0,419.0,494.0,810.0
123.435,296.0,431.0,468.0,806.0
123.441,299.0,444.0,437.0,804.0
123.448,302.0,456.0,413.0,798.0
123.454,307.0,468.0,397.0,790.0
123.461,310.0,481.0,382.0,781.0
123.467,316.0,493.0,369.0,770.0
123.474,322.0,507.0,358.0,758.0
123.480,329.0,518.0,351.0,738.0
123.486,335.0,530.0,345.0,715.0
123.493,347.0,541.0,330.0,698.0
123.499,354.0,555.0,316.0,679.0
123.506,365.0,565.0,305.0,659.0
123.512,376.0,578.0,297.0,637.0
123.519,390.0,588.0,286.0,618.0
123.525,399.0,599.0,274.0,605.0
123.531,410.0,609.0,260.0,600.0
123.538,430.0,617.0,253.0,585.0
123.544,440.0,627.0,248.0,567.0
123.551,456.0,634.0,242.0,547.0
123.557,469.0,641.0,239.0,526.0
123.564,484.0,648.0,236.0,504.0
123.570,505.0,653.0,234.0,481.0
123.576,520.0,659.0,233.0,453.0
123.583,535.0,664.0,230.0,429.0
123.590,555.0,668.0,229.0,414.0
123.596,569.0,670.0,229.0,394.0
123.602,588.0,673.0,229.0,375.0
123.609,605.0,675.0,229.0,359.0
123.615,622.0,676.0,230.0,346.0
123.621,636.0,676.0,230.0,332.0
123.628,649.0,676.0,232.0,317.0
123.635,667.0,676.0,236.0,303.0
123.641,681.0,675.0,241.0,289.0
123.647,693.0,673.0,246.0,276.0
123.654,704.0,671.0,250.0,267.0
123.660,717.0,668.0,255.0,258.0
123.666,728.0,664.0,261.0,251.0
123.674,736.0,660.0,269.0,243.0
123.680,745.0,655.0,279.0,236.0
123.686,755.0,650.0,289.0,231.0
123.692,762.0,645.0,302.0,225.0
123.699,767.0,637.0,313.0,221.0
123.705,775.0,632.0,327.0,218.0
123.711,780.0,624.0,334.0,219.0
123.719,784.0,616.0,345.0,219.0
123.725,788.0,608.0,358.0,219.0
123.731,792.0,600.0,378.0,216.0
123.737,793.0,591.0,399.0,215.0
123.744,794.0,581.0,418.0,215.0
123.750,797.0,572.0,433.0,218.0
123.756,797.0,563.0,444.0,223.0
123.764,797.0,552.0,459.0,230.0
123.770,796.0,540.0,483.0,235.0
123.776,796.0,530.0,504.0,242.0
123.782,794.0,520.0,530.0,249.0
123.789,791.0,509.0,551.0,258.0
123.795,789.0,497.0,569.0,268.0
123.802,785.0,487.0,584.0,281.0
123.809,781.0,476.0,598.0,295.0
123.815,776.0,464.0,612.0,308.0
123.821,769.0,453.0,625.0,321.0
123.827,763.0,441.0,638.0,335.0
123.834,756.0,430.0,648.0,352.0
123.840,748.0,420.0,655.0,373.0
123.847,738.0,408.0,666.0,395.0
123.853,727.0,399.0,680.0,415.0
123.860,717.0,389.0,690.0,442.0
123.866,705.0,378.0,699.0,467.0
123.872,691.0,369.0,706.0,492.0
123.879,678.0,360.0,714.0,518.0
123.885,666.0,352.0,719.0,543.0
123.892,650.0,344.0,723.0,568.0
123.898,633.0,336.0,727.0,590.0
123.905,617.0,329.0,730.0,612.0
123.911,599.0,322.0,731.0,633.0
123.917,579.0,315.0,731.0,653.0
123.924,559.0,310.0,733.0,673.0
123.931,545.0,307.0,732.0,694.0
123.937,527.0,302.0,730.0,716.0
123.943,507.0,299.0,728.0,735.0
123.950,487.0,295.0,726.0,751.0
123.956,469.0,293.0,725.0,764.0
123.962,450.0,291.0,720.0,778.0
123.969,432.0,290.0,716.0,791.0
123.976,413.0,289.0,708.0,802.0
123.982,398.0,289.0,698.0,814.0
123.988,379.0,289.0,684.0,825.0
123.995,365.0,290.0,670.0,831.0
124.001,354.0,291.0,661.0,835.0
124.007,335.0,293.0,652.0,835.0
124.014,323.0,296.0,643.0,838.0
124.021,311.0,300.0,631.0,839.0
124.027,300.0,304.0,614.0,840.0
124.033,291.0,308.0,596.0,841.0
124.040,280.0,313.0,580.0,842.0
124.046,273.0,320.0,565.0,841.0
124.052,265.0,327.0,551.0,840.0
124.060,258.0,334.0,534.0,840.0
124.066,252.0,341.0,515.0,839.0
124.072,249.0,351.0,497.0,837.0
124.078,244.0,360.0,479.0,834.0
124.085,239.0,370.0,462.0,829.0
124.091,236.0,378.0,445.0,822.0
124.097,234.0,391.0,426.0,812.0
124.105,231.0,403.0,407.0,803.0
124.111,230.0,413.0,391.0,789.0
124.117,230.0,426.0,374.0,774.0
124.123,230.0,439.0,360.0,758.0
124.130,230.0,451.0,345.0,740.0
124.136,231.0,465.0,333.0,721.0
124.142,233.0,478.0,320.0,701.0
124.150,235.0,494.0,310.0,679.0
124.156,239.0,509.0,301.0,655.0
124.162,242.0,523.0,291.0,631.0
124.168,245.0,538.0,285.0,607.0
124.175,251.0,552.0,277.0,581.0
124.181,259.0,568.0,271.0,554.0
124.188,263.0,583.0,265.0,526.0
124.195,271.0,598.0,260.0,497.0
124.201,282.0,611.0,256.0,468.0
124.207,291.0,625.0,254.0,440.0
124.213,297.0,638.0,253.0,415.0
124.220,305.0,651.0,251.0,390.0
124.226,322.0,662.0,251.0,366.0
124.233,335.0,675.0,251.0,346.0
124.239,346.0,685.0,253.0,327.0
124.246,362.0,694.0,253.0,307.0
124.252,375.0,705.0,257.0,289.0
124.258,387.0,713.0,261.0,271.0
124.265,403.0,720.0,265.0,256.0
124.272,426.0,728.0,273.0,242.0
124.278,438.0,732.0,279.0,231.0
124.284,450.0,738.0,288.0,220.0
124.291,468.0,743.0,296.0,213.0
124.297,486.0,747.0,306.0,208.0
124.303,503.0,750.0,317.0,205.0
124.310,514.0,752.0,329.0,203.0
124.317,531.0,754.0,342.0,201.0
124.323,550.0,756.0,356.0,200.0
124.329,562.0,755.0,366.0,199.0
124.336,576.0,756.0,384.0,199.0
124.342,589.0,754.0,403.0,198.0
124.348,601.0,754.0,422.0,198.0
124.355,613.0,751.0,440.0,198.0
124.362,625.0,749.0,462.0,199.0
124.368,637.0,745.0,480.0,201.0
124.374,646.0,742.0,503.0,202.0
124.381,657.0,737.0,523.0,203.0
124.387,666.0,730.0,542.0,205.0
124.393,674.0,724.0,559.0,211.0
124.401,682.0,716.0,574.0,217.0
124.407,687.0,708.0,589.0,226.0
124.413,694.0,697.0,602.0,238.0
124.419,699.0,689.0,618.0,249.0
124.426,704.0,677.0,634.0,263.0
124.432,708.0,664.0,651.0,279.0
124.438,711.0,652.0,665.0,296.0
124.446,714.0,640.0,679.0,317.0
124.452,716.0,625.0,691.0,337.0
124.458,716.0,612.0,702.0,360.0
124.464,718.0,597.0,711.0,382.0
124.471,717.0,585.0,719.0,405.0
124.477,718.0,568.0,727.0,428.0
124.483,716.0,554.0,734.0,451.0
124.491,715.0,538.0,738.0,474.0
124.497,714.0,523.0,742.0,500.0
124.503,710.0,509.0,745.0,528.0
124.509,708.0,492.0,749.0,554.0
124.516,705.0,477.0,753.0,580.0
124.522,701.0,463.0,756.0,605.0
124.529,696.0,447.0,758.0,628.0
124.536,690.0,433.0,760.0,652.0
124.542,685.0,418.0,762.0,671.0
124.548,680.0,404.0,760.0,690.0
124.554,673.0,393.0,757.0,708.0
124.561,666.0,378.0,754.0,724.0
124.567,658.0,366.0,751.0,738.0
124.574,651.0,352.0,747.0,751.0
124.581,641.0,341.0,739.0,765.0
